id,grid_solution,steps
lgp-test-5x6-16,"{""header"": [""House"", ""Each person has a unique name"", ""The people are of nationalities"", ""People have unique favorite book genres"", ""Everyone has something unique for lunch"", ""Each person has a favorite color"", ""The people keep unique animals""], ""rows"": [[""1"", ""bob"", ""german"", ""mystery"", ""grilled cheese"", ""yellow"", ""dog""], [""2"", ""eric"", ""norwegian"", ""fantasy"", ""stew"", ""blue"", ""fish""], [""3"", ""peter"", ""dane"", ""science fiction"", ""spaghetti"", ""green"", ""cat""], [""4"", ""arnold"", ""swede"", ""biography"", ""stir fry"", ""red"", ""bird""], [""5"", ""alice"", ""brit"", ""romance"", ""pizza"", ""white"", ""horse""]]}",5168
lgp-test-4x4-27,"{""header"": [""House"", ""Each person has a unique name"", ""Each person has an occupation"", ""People have unique favorite book genres"", ""People use unique phone models""], ""rows"": [[""1"", ""alice"", ""engineer"", ""romance"", ""google pixel 6""], [""2"", ""peter"", ""artist"", ""fantasy"", ""samsung galaxy s21""], [""3"", ""eric"", ""teacher"", ""science fiction"", ""iphone 13""], [""4"", ""arnold"", ""doctor"", ""mystery"", ""oneplus 9""]]}",66
lgp-test-6x4-15,,1103
lgp-test-6x5-2,,2876
lgp-test-2x2-33,"{""header"": [""House"", ""Each person has a unique name"", ""Each person has a unique type of pet""], ""rows"": [[""1"", ""eric"", ""cat""], [""2"", ""arnold"", ""dog""]]}",5
lgp-test-4x4-3,"{""header"": [""House"", ""Each person has a unique name"", ""The mothers' names in different houses are unique"", ""Each person has a unique birthday month"", ""Each person lives in a unique style of house""], ""rows"": [[""1"", ""peter"", ""aniya"", ""feb"", ""colonial""], [""2"", ""arnold"", ""holly"", ""april"", ""ranch""], [""3"", ""alice"", ""kailyn"", ""jan"", ""craftsman""], [""4"", ""eric"", ""janelle"", ""sept"", ""victorian""]]}",57
lgp-test-2x4-5,"{""header"": [""House"", ""Each person has a unique name"", ""They all have a unique favorite flower"", ""Each person has a favorite color"", ""People have unique heights""], ""rows"": [[""1"", ""eric"", ""daffodils"", ""red"", ""short""], [""2"", ""arnold"", ""carnations"", ""yellow"", ""very short""]]}",10
lgp-test-5x5-30,"{""header"": [""House"", ""Each person has a unique name"", ""Each person has a unique level of education"", ""Each person has a favorite color"", ""Each person prefers a unique type of vacation"", ""People use unique phone models""], ""rows"": [[""1"", ""arnold"", ""bachelor"", ""blue"", ""camping"", ""samsung galaxy s21""], [""2"", ""eric"", ""high school"", ""green"", ""beach"", ""huawei p50""], [""3"", ""peter"", ""associate"", ""white"", ""city"", ""iphone 13""], [""4"", ""alice"", ""master"", ""red"", ""cruise"", ""google pixel 6""], [""5"", ""bob"", ""doctorate"", ""yellow"", ""mountain"", ""oneplus 9""]]}",1051
lgp-test-3x5-34,"{""header"": [""House"", ""Each person has a unique name"", ""Each person has a favorite color"", ""People use unique phone models"", ""People have unique favorite music genres"", ""Each person has a unique level of education""], ""rows"": [[""1"", ""peter"", ""yellow"", ""google pixel 6"", ""pop"", ""high school""], [""2"", ""eric"", ""white"", ""samsung galaxy s21"", ""rock"", ""associate""], [""3"", ""arnold"", ""red"", ""iphone 13"", ""classical"", ""bachelor""]]}",18
lgp-test-4x5-3,"{""header"": [""House"", ""Each person has a unique name"", ""The mothers' names in different houses are unique"", ""People have unique favorite book genres"", ""Each person has a favorite color"", ""Each person prefers a unique type of vacation""], ""rows"": [[""1"", ""alice"", ""holly"", ""science fiction"", ""red"", ""mountain""], [""2"", ""peter"", ""aniya"", ""romance"", ""yellow"", ""city""], [""3"", ""arnold"", ""janelle"", ""fantasy"", ""green"", ""cruise""], [""4"", ""eric"", ""kailyn"", ""mystery"", ""white"", ""beach""]]}",52
lgp-test-2x6-24,"{""header"": [""House"", ""Each person has a unique name"", ""Each person has a unique type of pet"", ""The people are of nationalities"", ""Each person has an occupation"", ""People have unique favorite sports"", ""Everyone has a unique favorite cigar""], ""rows"": [[""1"", ""eric"", ""cat"", ""dane"", ""engineer"", ""basketball"", ""pall mall""], [""2"", ""arnold"", ""dog"", ""brit"", ""doctor"", ""soccer"", ""prince""]]}",14
lgp-test-6x2-9,"{""header"": [""House"", ""Each person has a unique name"", ""They all have a unique favorite flower""], ""rows"": [[""1"", ""peter"", ""iris""], [""2"", ""carol"", ""lilies""], [""3"", ""arnold"", ""carnations""], [""4"", ""alice"", ""roses""], [""5"", ""bob"", ""daffodils""], [""6"", ""eric"", ""tulips""]]}",265
lgp-test-4x2-18,"{""header"": [""House"", ""Each person has a unique name"", ""Each person has a favorite color""], ""rows"": [[""1"", ""alice"", ""red""], [""2"", ""eric"", ""white""], [""3"", ""peter"", ""yellow""], [""4"", ""arnold"", ""green""]]}",14
lgp-test-5x2-15,"{""header"": [""House"", ""Each person has a unique name"", ""People have unique favorite sports""], ""rows"": [[""1"", ""eric"", ""soccer""], [""2"", ""arnold"", ""basketball""], [""3"", ""bob"", ""swimming""], [""4"", ""alice"", ""tennis""], [""5"", ""peter"", ""baseball""]]}",61
lgp-test-5x4-2,"{""header"": [""House"", ""Each person has a unique name"", ""Each person has a favorite color"", ""People use unique phone models"", ""Each person has an occupation""], ""rows"": [[""1"", ""eric"", ""green"", ""google pixel 6"", ""teacher""], [""2"", ""bob"", ""blue"", ""samsung galaxy s21"", ""doctor""], [""3"", ""peter"", ""red"", ""huawei p50"", ""artist""], [""4"", ""alice"", ""yellow"", ""oneplus 9"", ""lawyer""], [""5"", ""arnold"", ""white"", ""iphone 13"", ""engineer""]]}",39
lgp-test-4x4-21,"{""header"": [""House"", ""Each person has a unique name"", ""People own unique car models"", ""Each person has a unique birthday month"", ""Each person has a unique hobby""], ""rows"": [[""1"", ""alice"", ""honda civic"", ""sept"", ""photography""], [""2"", ""arnold"", ""tesla model 3"", ""april"", ""painting""], [""3"", ""eric"", ""ford f150"", ""feb"", ""cooking""], [""4"", ""peter"", ""toyota camry"", ""jan"", ""gardening""]]}",43
lgp-test-5x6-0,"{""header"": [""House"", ""Each person has a unique name"", ""People have unique favorite sports"", ""The people keep unique animals"", ""People use unique phone models"", ""People have unique hair colors"", ""Each person lives in a unique style of house""], ""rows"": [[""1"", ""arnold"", ""tennis"", ""fish"", ""oneplus 9"", ""gray"", ""victorian""], [""2"", ""eric"", ""basketball"", ""cat"", ""iphone 13"", ""red"", ""craftsman""], [""3"", ""peter"", ""baseball"", ""bird"", ""samsung galaxy s21"", ""blonde"", ""modern""], [""4"", ""alice"", ""soccer"", ""dog"", ""google pixel 6"", ""black"", ""ranch""], [""5"", ""bob"", ""swimming"", ""horse"", ""huawei p50"", ""brown"", ""colonial""]]}",2012
lgp-test-2x3-9,"{""header"": [""House"", ""Each person has a unique name"", ""Each person lives in a unique style of house"", ""People use unique phone models""], ""rows"": [[""1"", ""eric"", ""victorian"", ""samsung galaxy s21""], [""2"", ""arnold"", ""colonial"", ""iphone 13""]]}",7
lgp-test-5x5-12,"{""header"": [""House"", ""Each person has a unique name"", ""Everyone has a favorite smoothie"", ""People have unique favorite music genres"", ""Everyone has something unique for lunch"", ""Each person has a unique favorite drink""], ""rows"": [[""1"", ""arnold"", ""lime"", ""pop"", ""grilled cheese"", ""tea""], [""2"", ""alice"", ""dragonfruit"", ""classical"", ""stew"", ""root beer""], [""3"", ""bob"", ""cherry"", ""hip hop"", ""pizza"", ""water""], [""4"", ""eric"", ""watermelon"", ""rock"", ""stir fry"", ""coffee""], [""5"", ""peter"", ""desert"", ""jazz"", ""spaghetti"", ""milk""]]}",74
lgp-test-3x5-16,"{""header"": [""House"", ""Each person has a unique name"", ""Each person has a unique favorite drink"", ""People have unique favorite sports"", ""The people keep unique animals"", ""People have unique favorite book genres""], ""rows"": [[""1"", ""eric"", ""water"", ""basketball"", ""horse"", ""science fiction""], [""2"", ""arnold"", ""tea"", ""tennis"", ""cat"", ""mystery""], [""3"", ""peter"", ""milk"", ""soccer"", ""bird"", ""romance""]]}",16
lgp-test-4x3-10,"{""header"": [""House"", ""Each person has a unique name"", ""Each person has a unique type of pet"", ""People use unique phone models""], ""rows"": [[""1"", ""arnold"", ""bird"", ""google pixel 6""], [""2"", ""eric"", ""cat"", ""oneplus 9""], [""3"", ""peter"", ""dog"", ""iphone 13""], [""4"", ""alice"", ""fish"", ""samsung galaxy s21""]]}",15
lgp-test-5x6-30,"{""header"": [""House"", ""Each person has a unique name"", ""Each person has a unique type of pet"", ""Everyone has a unique favorite cigar"", ""Everyone has a favorite smoothie"", ""People use unique phone models"", ""People have unique favorite sports""], ""rows"": [[""1"", ""eric"", ""cat"", ""blends"", ""desert"", ""samsung galaxy s21"", ""swimming""], [""2"", ""alice"", ""bird"", ""prince"", ""dragonfruit"", ""iphone 13"", ""baseball""], [""3"", ""peter"", ""dog"", ""dunhill"", ""cherry"", ""google pixel 6"", ""basketball""], [""4"", ""bob"", ""hamster"", ""blue master"", ""lime"", ""huawei p50"", ""tennis""], [""5"", ""arnold"", ""fish"", ""pall mall"", ""watermelon"", ""oneplus 9"", ""soccer""]]}",1480
lgp-test-3x5-30,"{""header"": [""House"", ""Each person has a unique name"", ""People have unique favorite music genres"", ""People have unique favorite sports"", ""Everyone has a unique favorite cigar"", ""The mothers' names in different houses are unique""], ""rows"": [[""1"", ""arnold"", ""classical"", ""soccer"", ""pall mall"", ""janelle""], [""2"", ""eric"", ""rock"", ""basketball"", ""prince"", ""holly""], [""3"", ""peter"", ""pop"", ""tennis"", ""blue master"", ""aniya""]]}",18
lgp-test-4x3-27,"{""header"": [""House"", ""Each person has a unique name"", ""People have unique favorite book genres"", ""People have unique favorite sports""], ""rows"": [[""1"", ""peter"", ""mystery"", ""soccer""], [""2"", ""alice"", ""science fiction"", ""swimming""], [""3"", ""arnold"", ""romance"", ""tennis""], [""4"", ""eric"", ""fantasy"", ""basketball""]]}",40
lgp-test-5x2-22,"{""header"": [""House"", ""Each person has a unique name"", ""People use unique phone models""], ""rows"": [[""1"", ""alice"", ""huawei p50""], [""2"", ""arnold"", ""oneplus 9""], [""3"", ""eric"", ""google pixel 6""], [""4"", ""peter"", ""iphone 13""], [""5"", ""bob"", ""samsung galaxy s21""]]}",38
lgp-test-4x3-36,"{""header"": [""House"", ""Each person has a unique name"", ""Each person lives in a unique style of house"", ""Each person has a unique favorite drink""], ""rows"": [[""1"", ""alice"", ""colonial"", ""coffee""], [""2"", ""arnold"", ""ranch"", ""tea""], [""3"", ""eric"", ""craftsman"", ""water""], [""4"", ""peter"", ""victorian"", ""milk""]]}",13
lgp-test-5x2-14,"{""header"": [""House"", ""Each person has a unique name"", ""Everyone has something unique for lunch""], ""rows"": [[""1"", ""eric"", ""stir fry""], [""2"", ""bob"", ""grilled cheese""], [""3"", ""alice"", ""spaghetti""], [""4"", ""peter"", ""pizza""], [""5"", ""arnold"", ""stew""]]}",98
lgp-test-4x5-34,"{""header"": [""House"", ""Each person has a unique name"", ""People have unique heights"", ""Each person has a unique favorite drink"", ""Each mother is accompanied by their child"", ""The mothers' names in different houses are unique""], ""rows"": [[""1"", ""eric"", ""short"", ""milk"", ""bella"", ""janelle""], [""2"", ""arnold"", ""tall"", ""tea"", ""samantha"", ""aniya""], [""3"", ""peter"", ""average"", ""coffee"", ""meredith"", ""holly""], [""4"", ""alice"", ""very short"", ""water"", ""fred"", ""kailyn""]]}",97
lgp-test-3x6-5,"{""header"": [""House"", ""Each person has a unique name"", ""Each person has an occupation"", ""Each person has a favorite color"", ""They all have a unique favorite flower"", ""Everyone has something unique for lunch"", ""People have unique heights""], ""rows"": [[""1"", ""eric"", ""doctor"", ""white"", ""carnations"", ""spaghetti"", ""average""], [""2"", ""arnold"", ""engineer"", ""yellow"", ""lilies"", ""pizza"", ""short""], [""3"", ""peter"", ""teacher"", ""red"", ""daffodils"", ""grilled cheese"", ""very short""]]}",23
lgp-test-5x6-10,"{""header"": [""House"", ""Each person has a unique name"", ""The people are of nationalities"", ""Each person has a unique hobby"", ""Everyone has a favorite smoothie"", ""People have unique hair colors"", ""People have unique favorite sports""], ""rows"": [[""1"", ""bob"", ""german"", ""cooking"", ""watermelon"", ""blonde"", ""swimming""], [""2"", ""eric"", ""norwegian"", ""painting"", ""desert"", ""red"", ""basketball""], [""3"", ""peter"", ""swede"", ""photography"", ""cherry"", ""black"", ""baseball""], [""4"", ""alice"", ""brit"", ""gardening"", ""dragonfruit"", ""gray"", ""soccer""], [""5"", ""arnold"", ""dane"", ""knitting"", ""lime"", ""brown"", ""tennis""]]}",27383
lgp-test-5x2-30,"{""header"": [""House"", ""Each person has a unique name"", ""The people keep unique animals""], ""rows"": [[""1"", ""alice"", ""fish""], [""2"", ""bob"", ""horse""], [""3"", ""eric"", ""bird""], [""4"", ""arnold"", ""cat""], [""5"", ""peter"", ""dog""]]}",33
lgp-test-6x5-20,"{""header"": [""House"", ""Each person has a unique name"", ""Everyone has something unique for lunch"", ""Each person has a unique favorite drink"", ""People have unique heights"", ""Each person has a unique birthday month""], ""rows"": [[""1"", ""eric"", ""grilled cheese"", ""root beer"", ""tall"", ""may""], [""2"", ""arnold"", ""stew"", ""water"", ""very tall"", ""sept""], [""3"", ""peter"", ""soup"", ""milk"", ""short"", ""jan""], [""4"", ""bob"", ""pizza"", ""tea"", ""super tall"", ""feb""], [""5"", ""carol"", ""spaghetti"", ""coffee"", ""very short"", ""mar""], [""6"", ""alice"", ""stir fry"", ""boba tea"", ""average"", ""april""]]}",1106
lgp-test-5x6-37,"{""header"": [""House"", ""Each person has a unique name"", ""Each person has a unique hobby"", ""People have unique favorite sports"", ""Each person lives in a unique style of house"", ""Each mother is accompanied by their child"", ""People have unique heights""], ""rows"": [[""1"", ""eric"", ""knitting"", ""swimming"", ""craftsman"", ""meredith"", ""average""], [""2"", ""alice"", ""gardening"", ""soccer"", ""ranch"", ""timothy"", ""tall""], [""3"", ""arnold"", ""cooking"", ""tennis"", ""modern"", ""samantha"", ""very short""], [""4"", ""peter"", ""photography"", ""baseball"", ""colonial"", ""bella"", ""very tall""], [""5"", ""bob"", ""painting"", ""basketball"", ""victorian"", ""fred"", ""short""]]}",388
lgp-test-4x4-16,"{""header"": [""House"", ""Each person has a unique name"", ""Each person has a favorite color"", ""The people keep unique animals"", ""Each person has a unique level of education""], ""rows"": [[""1"", ""alice"", ""yellow"", ""fish"", ""high school""], [""2"", ""eric"", ""green"", ""cat"", ""bachelor""], [""3"", ""peter"", ""white"", ""bird"", ""associate""], [""4"", ""arnold"", ""red"", ""horse"", ""master""]]}",31
lgp-test-6x5-4,"{""header"": [""House"", ""Each person has a unique name"", ""Each person has a unique level of education"", ""Each person has a favorite color"", ""The people are of nationalities"", ""Each person has a unique birthday month""], ""rows"": [[""1"", ""carol"", ""bachelor"", ""green"", ""brit"", ""may""], [""2"", ""peter"", ""trade school"", ""purple"", ""norwegian"", ""sept""], [""3"", ""arnold"", ""doctorate"", ""red"", ""dane"", ""jan""], [""4"", ""bob"", ""master"", ""white"", ""german"", ""feb""], [""5"", ""eric"", ""associate"", ""blue"", ""chinese"", ""april""], [""6"", ""alice"", ""high school"", ""yellow"", ""swede"", ""mar""]]}",2406
lgp-test-3x6-9,"{""header"": [""House"", ""Each person has a unique name"", ""People own unique car models"", ""Each person lives in a unique style of house"", ""Each person has a unique type of pet"", ""Each person has an occupation"", ""Each person prefers a unique type of vacation""], ""rows"": [[""1"", ""eric"", ""tesla model 3"", ""ranch"", ""fish"", ""doctor"", ""city""], [""2"", ""peter"", ""toyota camry"", ""victorian"", ""dog"", ""engineer"", ""beach""], [""3"", ""arnold"", ""ford f150"", ""colonial"", ""cat"", ""teacher"", ""mountain""]]}",25
lgp-test-4x6-36,"{""header"": [""House"", ""Each person has a unique name"", ""Each person lives in a unique style of house"", ""People have unique favorite music genres"", ""They all have a unique favorite flower"", ""Each person prefers a unique type of vacation"", ""Each person has a favorite color""], ""rows"": [[""1"", ""eric"", ""victorian"", ""jazz"", ""lilies"", ""mountain"", ""yellow""], [""2"", ""peter"", ""colonial"", ""classical"", ""daffodils"", ""cruise"", ""white""], [""3"", ""arnold"", ""ranch"", ""rock"", ""roses"", ""city"", ""green""], [""4"", ""alice"", ""craftsman"", ""pop"", ""carnations"", ""beach"", ""red""]]}",37
lgp-test-5x5-0,"{""header"": [""House"", ""Each person has a unique name"", ""Everyone has something unique for lunch"", ""Everyone has a favorite smoothie"", ""People have unique favorite book genres"", ""Each person has a unique hobby""], ""rows"": [[""1"", ""bob"", ""stew"", ""lime"", ""science fiction"", ""photography""], [""2"", ""eric"", ""grilled cheese"", ""watermelon"", ""fantasy"", ""cooking""], [""3"", ""arnold"", ""spaghetti"", ""dragonfruit"", ""mystery"", ""gardening""], [""4"", ""peter"", ""stir fry"", ""desert"", ""romance"", ""painting""], [""5"", ""alice"", ""pizza"", ""cherry"", ""biography"", ""knitting""]]}",2811
lgp-test-2x3-13,"{""header"": [""House"", ""Each person has a unique name"", ""Each person has a unique level of education"", ""The mothers' names in different houses are unique""], ""rows"": [[""1"", ""arnold"", ""associate"", ""holly""], [""2"", ""eric"", ""high school"", ""aniya""]]}",8
lgp-test-4x2-26,"{""header"": [""House"", ""Each person has a unique name"", ""Each person has an occupation""], ""rows"": [[""1"", ""eric"", ""doctor""], [""2"", ""arnold"", ""engineer""], [""3"", ""alice"", ""artist""], [""4"", ""peter"", ""teacher""]]}",9
lgp-test-2x3-16,"{""header"": [""House"", ""Each person has a unique name"", ""Everyone has something unique for lunch"", ""People own unique car models""], ""rows"": [[""1"", ""eric"", ""grilled cheese"", ""tesla model 3""], [""2"", ""arnold"", ""pizza"", ""ford f150""]]}",8
lgp-test-3x3-24,"{""header"": [""House"", ""Each person has a unique name"", ""Each person has a favorite color"", ""Each mother is accompanied by their child""], ""rows"": [[""1"", ""peter"", ""yellow"", ""bella""], [""2"", ""arnold"", ""red"", ""fred""], [""3"", ""eric"", ""white"", ""meredith""]]}",30
lgp-test-5x6-12,"{""header"": [""House"", ""Each person has a unique name"", ""People have unique heights"", ""Each person has a unique hobby"", ""Each person prefers a unique type of vacation"", ""People own unique car models"", ""Each person has a unique level of education""], ""rows"": [[""1"", ""bob"", ""very tall"", ""painting"", ""mountain"", ""toyota camry"", ""bachelor""], [""2"", ""peter"", ""tall"", ""cooking"", ""camping"", ""tesla model 3"", ""doctorate""], [""3"", ""eric"", ""average"", ""gardening"", ""cruise"", ""honda civic"", ""master""], [""4"", ""arnold"", ""short"", ""knitting"", ""city"", ""bmw 3 series"", ""associate""], [""5"", ""alice"", ""very short"", ""photography"", ""beach"", ""ford f150"", ""high school""]]}",696
lgp-test-2x6-25,"{""header"": [""House"", ""Each person has a unique name"", ""Each person has a unique birthday month"", ""Each person has a favorite color"", ""The people are of nationalities"", ""People have unique hair colors"", ""Each mother is accompanied by their child""], ""rows"": [[""1"", ""arnold"", ""sept"", ""red"", ""dane"", ""black"", ""fred""], [""2"", ""eric"", ""april"", ""yellow"", ""brit"", ""brown"", ""bella""]]}",13
lgp-test-4x3-26,"{""header"": [""House"", ""Each person has a unique name"", ""Everyone has something unique for lunch"", ""People have unique favorite music genres""], ""rows"": [[""1"", ""peter"", ""grilled cheese"", ""pop""], [""2"", ""alice"", ""stew"", ""classical""], [""3"", ""arnold"", ""pizza"", ""rock""], [""4"", ""eric"", ""spaghetti"", ""jazz""]]}",25
lgp-test-5x6-29,"{""header"": [""House"", ""Each person has a unique name"", ""Each person prefers a unique type of vacation"", ""Each mother is accompanied by their child"", ""Each person has a unique type of pet"", ""People have unique favorite sports"", ""Each person has a unique favorite drink""], ""rows"": [[""1"", ""eric"", ""cruise"", ""timothy"", ""bird"", ""baseball"", ""milk""], [""2"", ""bob"", ""beach"", ""fred"", ""dog"", ""tennis"", ""coffee""], [""3"", ""arnold"", ""city"", ""bella"", ""cat"", ""basketball"", ""root beer""], [""4"", ""alice"", ""mountain"", ""samantha"", ""fish"", ""soccer"", ""tea""], [""5"", ""peter"", ""camping"", ""meredith"", ""hamster"", ""swimming"", ""water""]]}",45
lgp-test-2x6-14,"{""header"": [""House"", ""Each person has a unique name"", ""People have unique heights"", ""Each person has a unique type of pet"", ""The people are of nationalities"", ""Each person has a favorite color"", ""The mothers' names in different houses are unique""], ""rows"": [[""1"", ""eric"", ""very short"", ""cat"", ""dane"", ""yellow"", ""holly""], [""2"", ""arnold"", ""short"", ""dog"", ""brit"", ""red"", ""aniya""]]}",13
lgp-test-2x5-30,"{""header"": [""House"", ""Each person has a unique name"", ""People have unique heights"", ""They all have a unique favorite flower"", ""People have unique hair colors"", ""Everyone has a unique favorite cigar""], ""rows"": [[""1"", ""arnold"", ""short"", ""daffodils"", ""brown"", ""prince""], [""2"", ""eric"", ""very short"", ""carnations"", ""black"", ""pall mall""]]}",11
lgp-test-5x5-21,"{""header"": [""House"", ""Each person has a unique name"", ""Each person has a unique type of pet"", ""People have unique favorite book genres"", ""People have unique favorite sports"", ""Everyone has a unique favorite cigar""], ""rows"": [[""1"", ""peter"", ""fish"", ""fantasy"", ""swimming"", ""prince""], [""2"", ""alice"", ""bird"", ""biography"", ""baseball"", ""pall mall""], [""3"", ""bob"", ""hamster"", ""romance"", ""soccer"", ""blends""], [""4"", ""eric"", ""cat"", ""mystery"", ""basketball"", ""blue master""], [""5"", ""arnold"", ""dog"", ""science fiction"", ""tennis"", ""dunhill""]]}",1322
lgp-test-2x4-33,"{""header"": [""House"", ""Each person has a unique name"", ""Everyone has a unique favorite cigar"", ""They all have a unique favorite flower"", ""People have unique favorite sports""], ""rows"": [[""1"", ""arnold"", ""prince"", ""daffodils"", ""basketball""], [""2"", ""eric"", ""pall mall"", ""carnations"", ""soccer""]]}",10
lgp-test-4x2-28,"{""header"": [""House"", ""Each person has a unique name"", ""People have unique hair colors""], ""rows"": [[""1"", ""alice"", ""red""], [""2"", ""arnold"", ""black""], [""3"", ""eric"", ""brown""], [""4"", ""peter"", ""blonde""]]}",17
lgp-test-6x6-5,,0
lgp-test-2x2-18,"{""header"": [""House"", ""Each person has a unique name"", ""People have unique heights""], ""rows"": [[""1"", ""eric"", ""short""], [""2"", ""arnold"", ""very short""]]}",6
lgp-test-2x6-29,"{""header"": [""House"", ""Each person has a unique name"", ""People have unique favorite music genres"", ""Each person has a unique type of pet"", ""Everyone has something unique for lunch"", ""The people are of nationalities"", ""Each person has a unique birthday month""], ""rows"": [[""1"", ""eric"", ""rock"", ""dog"", ""pizza"", ""dane"", ""april""], [""2"", ""arnold"", ""pop"", ""cat"", ""grilled cheese"", ""brit"", ""sept""]]}",13
lgp-test-4x2-14,"{""header"": [""House"", ""Each person has a unique name"", ""The mothers' names in different houses are unique""], ""rows"": [[""1"", ""alice"", ""kailyn""], [""2"", ""peter"", ""aniya""], [""3"", ""arnold"", ""holly""], [""4"", ""eric"", ""janelle""]]}",33
lgp-test-4x6-29,"{""header"": [""House"", ""Each person has a unique name"", ""Each person has a unique birthday month"", ""People have unique hair colors"", ""Each person lives in a unique style of house"", ""Each person has an occupation"", ""Everyone has a favorite smoothie""], ""rows"": [[""1"", ""peter"", ""sept"", ""blonde"", ""craftsman"", ""doctor"", ""desert""], [""2"", ""eric"", ""april"", ""brown"", ""ranch"", ""artist"", ""cherry""], [""3"", ""arnold"", ""jan"", ""red"", ""colonial"", ""teacher"", ""dragonfruit""], [""4"", ""alice"", ""feb"", ""black"", ""victorian"", ""engineer"", ""watermelon""]]}",293
lgp-test-5x3-26,"{""header"": [""House"", ""Each person has a unique name"", ""People have unique favorite book genres"", ""Each mother is accompanied by their child""], ""rows"": [[""1"", ""eric"", ""fantasy"", ""samantha""], [""2"", ""arnold"", ""biography"", ""meredith""], [""3"", ""alice"", ""science fiction"", ""timothy""], [""4"", ""bob"", ""mystery"", ""fred""], [""5"", ""peter"", ""romance"", ""bella""]]}",16
lgp-test-5x6-3,"{""header"": [""House"", ""Each person has a unique name"", ""Everyone has a unique favorite cigar"", ""Each person has an occupation"", ""People own unique car models"", ""Everyone has a favorite smoothie"", ""Everyone has something unique for lunch""], ""rows"": [[""1"", ""bob"", ""dunhill"", ""artist"", ""bmw 3 series"", ""desert"", ""stir fry""], [""2"", ""arnold"", ""blends"", ""lawyer"", ""honda civic"", ""dragonfruit"", ""spaghetti""], [""3"", ""alice"", ""blue master"", ""teacher"", ""ford f150"", ""lime"", ""grilled cheese""], [""4"", ""eric"", ""pall mall"", ""doctor"", ""tesla model 3"", ""cherry"", ""stew""], [""5"", ""peter"", ""prince"", ""engineer"", ""toyota camry"", ""watermelon"", ""pizza""]]}",1677
lgp-test-3x2-21,"{""header"": [""House"", ""Each person has a unique name"", ""People have unique heights""], ""rows"": [[""1"", ""peter"", ""very short""], [""2"", ""arnold"", ""short""], [""3"", ""eric"", ""average""]]}",8
lgp-test-4x6-26,"{""header"": [""House"", ""Each person has a unique name"", ""Each person has a unique level of education"", ""The mothers' names in different houses are unique"", ""The people keep unique animals"", ""Each person has a unique birthday month"", ""People have unique favorite music genres""], ""rows"": [[""1"", ""arnold"", ""master"", ""janelle"", ""horse"", ""feb"", ""classical""], [""2"", ""peter"", ""bachelor"", ""holly"", ""cat"", ""sept"", ""rock""], [""3"", ""alice"", ""associate"", ""aniya"", ""fish"", ""jan"", ""pop""], [""4"", ""eric"", ""high school"", ""kailyn"", ""bird"", ""april"", ""jazz""]]}",143
lgp-test-4x6-21,"{""header"": [""House"", ""Each person has a unique name"", ""They all have a unique favorite flower"", ""Each person has a unique hobby"", ""Each person has a unique type of pet"", ""Each person has a favorite color"", ""Each person lives in a unique style of house""], ""rows"": [[""1"", ""peter"", ""daffodils"", ""gardening"", ""bird"", ""yellow"", ""ranch""], [""2"", ""arnold"", ""carnations"", ""painting"", ""fish"", ""white"", ""craftsman""], [""3"", ""alice"", ""roses"", ""photography"", ""dog"", ""red"", ""colonial""], [""4"", ""eric"", ""lilies"", ""cooking"", ""cat"", ""green"", ""victorian""]]}",195
lgp-test-3x4-19,"{""header"": [""House"", ""Each person has a unique name"", ""Each person has an occupation"", ""Each person has a unique favorite drink"", ""People use unique phone models""], ""rows"": [[""1"", ""eric"", ""engineer"", ""milk"", ""samsung galaxy s21""], [""2"", ""arnold"", ""teacher"", ""water"", ""google pixel 6""], [""3"", ""peter"", ""doctor"", ""tea"", ""iphone 13""]]}",24
lgp-test-5x2-38,"{""header"": [""House"", ""Each person has a unique name"", ""People use unique phone models""], ""rows"": [[""1"", ""peter"", ""oneplus 9""], [""2"", ""alice"", ""huawei p50""], [""3"", ""bob"", ""iphone 13""], [""4"", ""arnold"", ""samsung galaxy s21""], [""5"", ""eric"", ""google pixel 6""]]}",24
lgp-test-3x6-26,"{""header"": [""House"", ""Each person has a unique name"", ""People have unique favorite sports"", ""Each person lives in a unique style of house"", ""Each person has a unique type of pet"", ""Each person has a unique birthday month"", ""The people are of nationalities""], ""rows"": [[""1"", ""eric"", ""tennis"", ""ranch"", ""fish"", ""sept"", ""dane""], [""2"", ""arnold"", ""basketball"", ""colonial"", ""cat"", ""jan"", ""brit""], [""3"", ""peter"", ""soccer"", ""victorian"", ""dog"", ""april"", ""swede""]]}",26
lgp-test-3x6-4,"{""header"": [""House"", ""Each person has a unique name"", ""People have unique favorite sports"", ""Each person has a unique birthday month"", ""Each person prefers a unique type of vacation"", ""People have unique heights"", ""They all have a unique favorite flower""], ""rows"": [[""1"", ""peter"", ""soccer"", ""jan"", ""city"", ""very short"", ""daffodils""], [""2"", ""arnold"", ""tennis"", ""sept"", ""mountain"", ""average"", ""carnations""], [""3"", ""eric"", ""basketball"", ""april"", ""beach"", ""short"", ""lilies""]]}",19
lgp-test-6x3-39,,4597
lgp-test-3x5-14,"{""header"": [""House"", ""Each person has a unique name"", ""They all have a unique favorite flower"", ""Each person has a unique level of education"", ""Each person has a unique type of pet"", ""Everyone has a favorite smoothie""], ""rows"": [[""1"", ""arnold"", ""daffodils"", ""bachelor"", ""fish"", ""desert""], [""2"", ""eric"", ""carnations"", ""associate"", ""dog"", ""cherry""], [""3"", ""peter"", ""lilies"", ""high school"", ""cat"", ""watermelon""]]}",37
lgp-test-2x2-16,"{""header"": [""House"", ""Each person has a unique name"", ""People have unique favorite sports""], ""rows"": [[""1"", ""eric"", ""basketball""], [""2"", ""arnold"", ""soccer""]]}",5
lgp-test-3x2-2,"{""header"": [""House"", ""Each person has a unique name"", ""The mothers' names in different houses are unique""], ""rows"": [[""1"", ""arnold"", ""janelle""], [""2"", ""peter"", ""holly""], [""3"", ""eric"", ""aniya""]]}",9
lgp-test-2x2-1,"{""header"": [""House"", ""Each person has a unique name"", ""Each person has an occupation""], ""rows"": [[""1"", ""eric"", ""engineer""], [""2"", ""arnold"", ""doctor""]]}",5
lgp-test-2x2-38,"{""header"": [""House"", ""Each person has a unique name"", ""The mothers' names in different houses are unique""], ""rows"": [[""1"", ""eric"", ""aniya""], [""2"", ""arnold"", ""holly""]]}",6
lgp-test-3x4-10,"{""header"": [""House"", ""Each person has a unique name"", ""People have unique favorite book genres"", ""Everyone has something unique for lunch"", ""Everyone has a favorite smoothie""], ""rows"": [[""1"", ""peter"", ""mystery"", ""spaghetti"", ""watermelon""], [""2"", ""eric"", ""romance"", ""grilled cheese"", ""cherry""], [""3"", ""arnold"", ""science fiction"", ""pizza"", ""desert""]]}",17
lgp-test-4x4-13,"{""header"": [""House"", ""Each person has a unique name"", ""Everyone has a unique favorite cigar"", ""People have unique favorite sports"", ""Each person has a unique favorite drink""], ""rows"": [[""1"", ""alice"", ""prince"", ""soccer"", ""water""], [""2"", ""arnold"", ""blue master"", ""tennis"", ""coffee""], [""3"", ""eric"", ""dunhill"", ""basketball"", ""tea""], [""4"", ""peter"", ""pall mall"", ""swimming"", ""milk""]]}",17
lgp-test-3x3-7,"{""header"": [""House"", ""Each person has a unique name"", ""People have unique hair colors"", ""Each person has a unique birthday month""], ""rows"": [[""1"", ""peter"", ""black"", ""april""], [""2"", ""arnold"", ""blonde"", ""jan""], [""3"", ""eric"", ""brown"", ""sept""]]}",10
lgp-test-4x4-26,"{""header"": [""House"", ""Each person has a unique name"", ""Everyone has something unique for lunch"", ""People own unique car models"", ""The people keep unique animals""], ""rows"": [[""1"", ""alice"", ""stew"", ""toyota camry"", ""horse""], [""2"", ""arnold"", ""spaghetti"", ""tesla model 3"", ""bird""], [""3"", ""eric"", ""pizza"", ""ford f150"", ""fish""], [""4"", ""peter"", ""grilled cheese"", ""honda civic"", ""cat""]]}",37
lgp-test-6x4-16,"{""header"": [""House"", ""Each person has a unique name"", ""Each person prefers a unique type of vacation"", ""The people are of nationalities"", ""Everyone has a favorite smoothie""], ""rows"": [[""1"", ""bob"", ""city"", ""chinese"", ""blueberry""], [""2"", ""arnold"", ""cultural"", ""swede"", ""dragonfruit""], [""3"", ""eric"", ""mountain"", ""dane"", ""cherry""], [""4"", ""alice"", ""camping"", ""norwegian"", ""lime""], [""5"", ""carol"", ""cruise"", ""brit"", ""watermelon""], [""6"", ""peter"", ""beach"", ""german"", ""desert""]]}",165
lgp-test-5x4-33,"{""header"": [""House"", ""Each person has a unique name"", ""They all have a unique favorite flower"", ""People have unique favorite sports"", ""The mothers' names in different houses are unique""], ""rows"": [[""1"", ""arnold"", ""tulips"", ""soccer"", ""penny""], [""2"", ""eric"", ""carnations"", ""basketball"", ""kailyn""], [""3"", ""bob"", ""roses"", ""tennis"", ""janelle""], [""4"", ""alice"", ""lilies"", ""swimming"", ""aniya""], [""5"", ""peter"", ""daffodils"", ""baseball"", ""holly""]]}",480
lgp-test-6x4-11,,329
lgp-test-2x3-36,"{""header"": [""House"", ""Each person has a unique name"", ""People use unique phone models"", ""Each person has a unique type of pet""], ""rows"": [[""1"", ""eric"", ""samsung galaxy s21"", ""dog""], [""2"", ""arnold"", ""iphone 13"", ""cat""]]}",7
lgp-test-6x4-31,"{""header"": [""House"", ""Each person has a unique name"", ""Each person has a unique birthday month"", ""Each person prefers a unique type of vacation"", ""Each person has a favorite color""], ""rows"": [[""1"", ""alice"", ""sept"", ""city"", ""red""], [""2"", ""arnold"", ""mar"", ""beach"", ""green""], [""3"", ""peter"", ""april"", ""cruise"", ""purple""], [""4"", ""carol"", ""may"", ""camping"", ""yellow""], [""5"", ""bob"", ""jan"", ""mountain"", ""blue""], [""6"", ""eric"", ""feb"", ""cultural"", ""white""]]}",443
lgp-test-5x6-32,"{""header"": [""House"", ""Each person has a unique name"", ""Everyone has something unique for lunch"", ""Each person has a favorite color"", ""The people are of nationalities"", ""People have unique favorite book genres"", ""Each mother is accompanied by their child""], ""rows"": [[""1"", ""alice"", ""stir fry"", ""white"", ""swede"", ""mystery"", ""bella""], [""2"", ""bob"", ""pizza"", ""red"", ""norwegian"", ""fantasy"", ""fred""], [""3"", ""arnold"", ""grilled cheese"", ""green"", ""dane"", ""science fiction"", ""samantha""], [""4"", ""eric"", ""spaghetti"", ""blue"", ""german"", ""biography"", ""meredith""], [""5"", ""peter"", ""stew"", ""yellow"", ""brit"", ""romance"", ""timothy""]]}",5773
lgp-test-4x4-28,"{""header"": [""House"", ""Each person has a unique name"", ""Everyone has something unique for lunch"", ""Each person has a unique favorite drink"", ""Everyone has a favorite smoothie""], ""rows"": [[""1"", ""eric"", ""grilled cheese"", ""water"", ""cherry""], [""2"", ""peter"", ""pizza"", ""milk"", ""dragonfruit""], [""3"", ""alice"", ""stew"", ""tea"", ""watermelon""], [""4"", ""arnold"", ""spaghetti"", ""coffee"", ""desert""]]}",21
lgp-test-2x6-17,"{""header"": [""House"", ""Each person has a unique name"", ""Each person has a favorite color"", ""Everyone has a unique favorite cigar"", ""People have unique favorite book genres"", ""The people are of nationalities"", ""Each person has an occupation""], ""rows"": [[""1"", ""arnold"", ""red"", ""pall mall"", ""mystery"", ""brit"", ""doctor""], [""2"", ""eric"", ""yellow"", ""prince"", ""science fiction"", ""dane"", ""engineer""]]}",13
lgp-test-6x3-2,"{""header"": [""House"", ""Each person has a unique name"", ""Everyone has a unique favorite cigar"", ""People have unique favorite book genres""], ""rows"": [[""1"", ""peter"", ""prince"", ""historical fiction""], [""2"", ""alice"", ""pall mall"", ""biography""], [""3"", ""arnold"", ""dunhill"", ""science fiction""], [""4"", ""carol"", ""blends"", ""mystery""], [""5"", ""eric"", ""yellow monster"", ""fantasy""], [""6"", ""bob"", ""blue master"", ""romance""]]}",403
lgp-test-3x2-0,"{""header"": [""House"", ""Each person has a unique name"", ""Each person has a unique type of pet""], ""rows"": [[""1"", ""eric"", ""fish""], [""2"", ""peter"", ""dog""], [""3"", ""arnold"", ""cat""]]}",7
lgp-test-5x6-5,"{""header"": [""House"", ""Each person has a unique name"", ""Each person has a unique favorite drink"", ""Each person has a favorite color"", ""Each mother is accompanied by their child"", ""Each person lives in a unique style of house"", ""People use unique phone models""], ""rows"": [[""1"", ""eric"", ""tea"", ""red"", ""samantha"", ""ranch"", ""oneplus 9""], [""2"", ""alice"", ""milk"", ""green"", ""timothy"", ""craftsman"", ""huawei p50""], [""3"", ""arnold"", ""root beer"", ""white"", ""meredith"", ""colonial"", ""iphone 13""], [""4"", ""peter"", ""coffee"", ""yellow"", ""fred"", ""modern"", ""samsung galaxy s21""], [""5"", ""bob"", ""water"", ""blue"", ""bella"", ""victorian"", ""google pixel 6""]]}",154
lgp-test-6x4-29,"{""header"": [""House"", ""Each person has a unique name"", ""Each person has a unique birthday month"", ""Each person prefers a unique type of vacation"", ""Each person has a unique favorite drink""], ""rows"": [[""1"", ""carol"", ""april"", ""cruise"", ""milk""], [""2"", ""bob"", ""sept"", ""cultural"", ""tea""], [""3"", ""peter"", ""feb"", ""beach"", ""boba tea""], [""4"", ""alice"", ""mar"", ""mountain"", ""coffee""], [""5"", ""eric"", ""jan"", ""camping"", ""root beer""], [""6"", ""arnold"", ""may"", ""city"", ""water""]]}",17963
lgp-test-3x4-13,"{""header"": [""House"", ""Each person has a unique name"", ""Everyone has something unique for lunch"", ""People have unique favorite music genres"", ""Each person has a unique favorite drink""], ""rows"": [[""1"", ""peter"", ""grilled cheese"", ""rock"", ""milk""], [""2"", ""arnold"", ""pizza"", ""pop"", ""water""], [""3"", ""eric"", ""spaghetti"", ""classical"", ""tea""]]}",26
lgp-test-4x5-18,"{""header"": [""House"", ""Each person has a unique name"", ""Each person has a unique favorite drink"", ""Each person has a unique level of education"", ""The mothers' names in different houses are unique"", ""Each person has a favorite color""], ""rows"": [[""1"", ""arnold"", ""water"", ""bachelor"", ""aniya"", ""red""], [""2"", ""alice"", ""tea"", ""high school"", ""holly"", ""white""], [""3"", ""peter"", ""milk"", ""master"", ""janelle"", ""green""], [""4"", ""eric"", ""coffee"", ""associate"", ""kailyn"", ""yellow""]]}",149
lgp-test-2x2-24,"{""header"": [""House"", ""Each person has a unique name"", ""The people are of nationalities""], ""rows"": [[""1"", ""arnold"", ""dane""], [""2"", ""eric"", ""brit""]]}",6
lgp-test-5x4-14,"{""header"": [""House"", ""Each person has a unique name"", ""The people keep unique animals"", ""People own unique car models"", ""Each person has a unique favorite drink""], ""rows"": [[""1"", ""arnold"", ""horse"", ""tesla model 3"", ""water""], [""2"", ""eric"", ""cat"", ""toyota camry"", ""coffee""], [""3"", ""peter"", ""dog"", ""ford f150"", ""milk""], [""4"", ""alice"", ""bird"", ""honda civic"", ""root beer""], [""5"", ""bob"", ""fish"", ""bmw 3 series"", ""tea""]]}",108
lgp-test-3x2-10,"{""header"": [""House"", ""Each person has a unique name"", ""People have unique heights""], ""rows"": [[""1"", ""peter"", ""average""], [""2"", ""eric"", ""very short""], [""3"", ""arnold"", ""short""]]}",7
lgp-test-4x2-24,"{""header"": [""House"", ""Each person has a unique name"", ""Each person has a unique type of pet""], ""rows"": [[""1"", ""arnold"", ""fish""], [""2"", ""peter"", ""bird""], [""3"", ""alice"", ""cat""], [""4"", ""eric"", ""dog""]]}",9
lgp-test-4x5-8,"{""header"": [""House"", ""Each person has a unique name"", ""People have unique heights"", ""Each person has a unique birthday month"", ""People have unique hair colors"", ""People have unique favorite book genres""], ""rows"": [[""1"", ""alice"", ""short"", ""feb"", ""red"", ""mystery""], [""2"", ""eric"", ""tall"", ""sept"", ""blonde"", ""science fiction""], [""3"", ""arnold"", ""very short"", ""jan"", ""black"", ""fantasy""], [""4"", ""peter"", ""average"", ""april"", ""brown"", ""romance""]]}",355
lgp-test-2x2-34,"{""header"": [""House"", ""Each person has a unique name"", ""The people keep unique animals""], ""rows"": [[""1"", ""arnold"", ""horse""], [""2"", ""eric"", ""cat""]]}",5
lgp-test-6x5-8,"{""header"": [""House"", ""Each person has a unique name"", ""The people keep unique animals"", ""Each person has an occupation"", ""People have unique favorite sports"", ""People have unique heights""], ""rows"": [[""1"", ""peter"", ""bird"", ""nurse"", ""baseball"", ""very tall""], [""2"", ""eric"", ""dog"", ""engineer"", ""swimming"", ""average""], [""3"", ""alice"", ""rabbit"", ""artist"", ""volleyball"", ""tall""], [""4"", ""bob"", ""horse"", ""teacher"", ""tennis"", ""very short""], [""5"", ""carol"", ""fish"", ""lawyer"", ""soccer"", ""super tall""], [""6"", ""arnold"", ""cat"", ""doctor"", ""basketball"", ""short""]]}",50089
lgp-test-3x6-38,"{""header"": [""House"", ""Each person has a unique name"", ""Each person has a unique level of education"", ""Each person has a unique favorite drink"", ""People have unique favorite book genres"", ""Each person has a unique hobby"", ""People own unique car models""], ""rows"": [[""1"", ""peter"", ""high school"", ""water"", ""science fiction"", ""cooking"", ""tesla model 3""], [""2"", ""eric"", ""bachelor"", ""tea"", ""romance"", ""gardening"", ""toyota camry""], [""3"", ""arnold"", ""associate"", ""milk"", ""mystery"", ""photography"", ""ford f150""]]}",49
lgp-test-5x2-7,"{""header"": [""House"", ""Each person has a unique name"", ""Everyone has a unique favorite cigar""], ""rows"": [[""1"", ""eric"", ""blends""], [""2"", ""bob"", ""blue master""], [""3"", ""arnold"", ""dunhill""], [""4"", ""alice"", ""pall mall""], [""5"", ""peter"", ""prince""]]}",12
lgp-test-3x4-18,"{""header"": [""House"", ""Each person has a unique name"", ""They all have a unique favorite flower"", ""The people are of nationalities"", ""Everyone has a favorite smoothie""], ""rows"": [[""1"", ""eric"", ""carnations"", ""dane"", ""watermelon""], [""2"", ""peter"", ""lilies"", ""swede"", ""desert""], [""3"", ""arnold"", ""daffodils"", ""brit"", ""cherry""]]}",15
lgp-test-6x3-8,"{""header"": [""House"", ""Each person has a unique name"", ""Everyone has a unique favorite cigar"", ""Everyone has a favorite smoothie""], ""rows"": [[""1"", ""peter"", ""blue master"", ""blueberry""], [""2"", ""bob"", ""prince"", ""dragonfruit""], [""3"", ""carol"", ""yellow monster"", ""lime""], [""4"", ""alice"", ""pall mall"", ""watermelon""], [""5"", ""arnold"", ""blends"", ""desert""], [""6"", ""eric"", ""dunhill"", ""cherry""]]}",317
lgp-test-5x3-28,"{""header"": [""House"", ""Each person has a unique name"", ""Each person has a unique level of education"", ""Each person has a unique birthday month""], ""rows"": [[""1"", ""alice"", ""bachelor"", ""feb""], [""2"", ""peter"", ""master"", ""sept""], [""3"", ""eric"", ""associate"", ""mar""], [""4"", ""bob"", ""doctorate"", ""april""], [""5"", ""arnold"", ""high school"", ""jan""]]}",271
lgp-test-3x4-2,"{""header"": [""House"", ""Each person has a unique name"", ""Each person has a unique favorite drink"", ""They all have a unique favorite flower"", ""Everyone has a unique favorite cigar""], ""rows"": [[""1"", ""peter"", ""tea"", ""lilies"", ""prince""], [""2"", ""eric"", ""water"", ""carnations"", ""pall mall""], [""3"", ""arnold"", ""milk"", ""daffodils"", ""blue master""]]}",14
lgp-test-6x5-19,,251
lgp-test-6x5-24,"{""header"": [""House"", ""Each person has a unique name"", ""People have unique favorite music genres"", ""Each person lives in a unique style of house"", ""People have unique favorite sports"", ""People have unique favorite book genres""], ""rows"": [[""1"", ""peter"", ""country"", ""victorian"", ""tennis"", ""fantasy""], [""2"", ""carol"", ""hip hop"", ""ranch"", ""soccer"", ""science fiction""], [""3"", ""arnold"", ""pop"", ""modern"", ""baseball"", ""romance""], [""4"", ""alice"", ""rock"", ""mediterranean"", ""basketball"", ""historical fiction""], [""5"", ""eric"", ""classical"", ""colonial"", ""volleyball"", ""biography""], [""6"", ""bob"", ""jazz"", ""craftsman"", ""swimming"", ""mystery""]]}",14011
lgp-test-5x2-6,"{""header"": [""House"", ""Each person has a unique name"", ""People use unique phone models""], ""rows"": [[""1"", ""bob"", ""huawei p50""], [""2"", ""eric"", ""samsung galaxy s21""], [""3"", ""peter"", ""google pixel 6""], [""4"", ""arnold"", ""iphone 13""], [""5"", ""alice"", ""oneplus 9""]]}",27
lgp-test-6x5-39,"{""header"": [""House"", ""Each person has a unique name"", ""People have unique favorite book genres"", ""Each person has a unique favorite drink"", ""People have unique hair colors"", ""Each person has a unique birthday month""], ""rows"": [[""1"", ""carol"", ""biography"", ""tea"", ""blonde"", ""april""], [""2"", ""arnold"", ""fantasy"", ""root beer"", ""black"", ""mar""], [""3"", ""bob"", ""science fiction"", ""water"", ""auburn"", ""may""], [""4"", ""eric"", ""historical fiction"", ""milk"", ""gray"", ""feb""], [""5"", ""peter"", ""romance"", ""coffee"", ""red"", ""sept""], [""6"", ""alice"", ""mystery"", ""boba tea"", ""brown"", ""jan""]]}",1876
lgp-test-6x5-14,"{""header"": [""House"", ""Each person has a unique name"", ""Everyone has a unique favorite cigar"", ""People have unique hair colors"", ""Each person has a unique favorite drink"", ""Each person has an occupation""], ""rows"": [[""1"", ""alice"", ""dunhill"", ""brown"", ""boba tea"", ""nurse""], [""2"", ""carol"", ""pall mall"", ""auburn"", ""milk"", ""artist""], [""3"", ""bob"", ""blue master"", ""gray"", ""tea"", ""engineer""], [""4"", ""arnold"", ""yellow monster"", ""blonde"", ""root beer"", ""teacher""], [""5"", ""eric"", ""blends"", ""red"", ""water"", ""lawyer""], [""6"", ""peter"", ""prince"", ""black"", ""coffee"", ""doctor""]]}",50894
lgp-test-5x5-11,"{""header"": [""House"", ""Each person has a unique name"", ""People have unique heights"", ""Everyone has a unique favorite cigar"", ""Everyone has a favorite smoothie"", ""People use unique phone models""], ""rows"": [[""1"", ""peter"", ""short"", ""blends"", ""watermelon"", ""samsung galaxy s21""], [""2"", ""eric"", ""very tall"", ""prince"", ""desert"", ""iphone 13""], [""3"", ""arnold"", ""tall"", ""blue master"", ""cherry"", ""oneplus 9""], [""4"", ""alice"", ""very short"", ""pall mall"", ""lime"", ""huawei p50""], [""5"", ""bob"", ""average"", ""dunhill"", ""dragonfruit"", ""google pixel 6""]]}",144
lgp-test-3x4-7,"{""header"": [""House"", ""Each person has a unique name"", ""Each mother is accompanied by their child"", ""The people are of nationalities"", ""Each person has a unique birthday month""], ""rows"": [[""1"", ""peter"", ""meredith"", ""brit"", ""april""], [""2"", ""eric"", ""fred"", ""dane"", ""sept""], [""3"", ""arnold"", ""bella"", ""swede"", ""jan""]]}",19
lgp-test-4x5-7,"{""header"": [""House"", ""Each person has a unique name"", ""Each person has a unique birthday month"", ""People have unique favorite book genres"", ""They all have a unique favorite flower"", ""Each person prefers a unique type of vacation""], ""rows"": [[""1"", ""alice"", ""feb"", ""fantasy"", ""carnations"", ""cruise""], [""2"", ""eric"", ""sept"", ""mystery"", ""daffodils"", ""city""], [""3"", ""peter"", ""jan"", ""science fiction"", ""lilies"", ""mountain""], [""4"", ""arnold"", ""april"", ""romance"", ""roses"", ""beach""]]}",46
lgp-test-6x2-7,"{""header"": [""House"", ""Each person has a unique name"", ""People use unique phone models""], ""rows"": [[""1"", ""eric"", ""iphone 13""], [""2"", ""bob"", ""oneplus 9""], [""3"", ""alice"", ""huawei p50""], [""4"", ""peter"", ""samsung galaxy s21""], [""5"", ""carol"", ""google pixel 6""], [""6"", ""arnold"", ""xiaomi mi 11""]]}",197
lgp-test-3x2-29,"{""header"": [""House"", ""Each person has a unique name"", ""People own unique car models""], ""rows"": [[""1"", ""eric"", ""ford f150""], [""2"", ""peter"", ""toyota camry""], [""3"", ""arnold"", ""tesla model 3""]]}",11
lgp-test-4x2-36,"{""header"": [""House"", ""Each person has a unique name"", ""The people are of nationalities""], ""rows"": [[""1"", ""eric"", ""swede""], [""2"", ""peter"", ""dane""], [""3"", ""alice"", ""brit""], [""4"", ""arnold"", ""norwegian""]]}",10
lgp-test-2x2-28,"{""header"": [""House"", ""Each person has a unique name"", ""Everyone has a unique favorite cigar""], ""rows"": [[""1"", ""arnold"", ""prince""], [""2"", ""eric"", ""pall mall""]]}",5
lgp-test-3x6-14,"{""header"": [""House"", ""Each person has a unique name"", ""People own unique car models"", ""Each person prefers a unique type of vacation"", ""The people are of nationalities"", ""People have unique hair colors"", ""Each person lives in a unique style of house""], ""rows"": [[""1"", ""eric"", ""ford f150"", ""mountain"", ""swede"", ""blonde"", ""colonial""], [""2"", ""peter"", ""toyota camry"", ""city"", ""brit"", ""brown"", ""ranch""], [""3"", ""arnold"", ""tesla model 3"", ""beach"", ""dane"", ""black"", ""victorian""]]}",61
lgp-test-6x2-19,"{""header"": [""House"", ""Each person has a unique name"", ""Everyone has something unique for lunch""], ""rows"": [[""1"", ""bob"", ""stew""], [""2"", ""carol"", ""stir fry""], [""3"", ""alice"", ""soup""], [""4"", ""arnold"", ""pizza""], [""5"", ""eric"", ""spaghetti""], [""6"", ""peter"", ""grilled cheese""]]}",642
lgp-test-3x4-36,"{""header"": [""House"", ""Each person has a unique name"", ""Each person has a unique level of education"", ""Each person has a unique hobby"", ""Each person has a unique favorite drink""], ""rows"": [[""1"", ""peter"", ""high school"", ""gardening"", ""water""], [""2"", ""arnold"", ""associate"", ""photography"", ""milk""], [""3"", ""eric"", ""bachelor"", ""cooking"", ""tea""]]}",15
lgp-test-4x6-0,"{""header"": [""House"", ""Each person has a unique name"", ""Each person has a unique level of education"", ""People have unique favorite sports"", ""Each person has an occupation"", ""They all have a unique favorite flower"", ""People have unique heights""], ""rows"": [[""1"", ""eric"", ""master"", ""swimming"", ""engineer"", ""carnations"", ""very short""], [""2"", ""arnold"", ""high school"", ""tennis"", ""teacher"", ""lilies"", ""short""], [""3"", ""alice"", ""associate"", ""soccer"", ""artist"", ""daffodils"", ""tall""], [""4"", ""peter"", ""bachelor"", ""basketball"", ""doctor"", ""roses"", ""average""]]}",347
lgp-test-3x3-1,"{""header"": [""House"", ""Each person has a unique name"", ""People have unique favorite sports"", ""People have unique favorite music genres""], ""rows"": [[""1"", ""eric"", ""tennis"", ""pop""], [""2"", ""peter"", ""basketball"", ""rock""], [""3"", ""arnold"", ""soccer"", ""classical""]]}",10
lgp-test-2x5-29,"{""header"": [""House"", ""Each person has a unique name"", ""They all have a unique favorite flower"", ""The people are of nationalities"", ""Everyone has a favorite smoothie"", ""People have unique favorite sports""], ""rows"": [[""1"", ""arnold"", ""daffodils"", ""dane"", ""desert"", ""soccer""], [""2"", ""eric"", ""carnations"", ""brit"", ""cherry"", ""basketball""]]}",11
lgp-test-4x4-36,"{""header"": [""House"", ""Each person has a unique name"", ""People have unique hair colors"", ""Each person has an occupation"", ""Each person has a unique favorite drink""], ""rows"": [[""1"", ""peter"", ""brown"", ""doctor"", ""water""], [""2"", ""eric"", ""blonde"", ""teacher"", ""milk""], [""3"", ""alice"", ""red"", ""artist"", ""tea""], [""4"", ""arnold"", ""black"", ""engineer"", ""coffee""]]}",167
lgp-test-4x2-17,"{""header"": [""House"", ""Each person has a unique name"", ""Everyone has something unique for lunch""], ""rows"": [[""1"", ""alice"", ""spaghetti""], [""2"", ""eric"", ""pizza""], [""3"", ""peter"", ""stew""], [""4"", ""arnold"", ""grilled cheese""]]}",9
lgp-test-5x3-20,"{""header"": [""House"", ""Each person has a unique name"", ""People have unique hair colors"", ""They all have a unique favorite flower""], ""rows"": [[""1"", ""peter"", ""black"", ""lilies""], [""2"", ""arnold"", ""blonde"", ""roses""], [""3"", ""bob"", ""brown"", ""tulips""], [""4"", ""eric"", ""red"", ""daffodils""], [""5"", ""alice"", ""gray"", ""carnations""]]}",137
lgp-test-2x6-38,"{""header"": [""House"", ""Each person has a unique name"", ""Each person has a unique type of pet"", ""They all have a unique favorite flower"", ""Each person has a unique hobby"", ""People have unique hair colors"", ""Each person prefers a unique type of vacation""], ""rows"": [[""1"", ""eric"", ""dog"", ""daffodils"", ""gardening"", ""black"", ""mountain""], [""2"", ""arnold"", ""cat"", ""carnations"", ""photography"", ""brown"", ""beach""]]}",14
lgp-test-4x6-25,"{""header"": [""House"", ""Each person has a unique name"", ""Each person has a unique hobby"", ""People have unique favorite book genres"", ""Each person prefers a unique type of vacation"", ""People have unique favorite music genres"", ""Each person has a unique level of education""], ""rows"": [[""1"", ""eric"", ""photography"", ""mystery"", ""mountain"", ""pop"", ""high school""], [""2"", ""arnold"", ""painting"", ""fantasy"", ""cruise"", ""classical"", ""bachelor""], [""3"", ""alice"", ""cooking"", ""science fiction"", ""city"", ""jazz"", ""master""], [""4"", ""peter"", ""gardening"", ""romance"", ""beach"", ""rock"", ""associate""]]}",28
lgp-test-3x5-5,"{""header"": [""House"", ""Each person has a unique name"", ""Each person has a unique birthday month"", ""People own unique car models"", ""People have unique hair colors"", ""The mothers' names in different houses are unique""], ""rows"": [[""1"", ""arnold"", ""jan"", ""toyota camry"", ""brown"", ""janelle""], [""2"", ""peter"", ""sept"", ""ford f150"", ""blonde"", ""holly""], [""3"", ""eric"", ""april"", ""tesla model 3"", ""black"", ""aniya""]]}",16
lgp-test-6x2-23,"{""header"": [""House"", ""Each person has a unique name"", ""People have unique favorite music genres""], ""rows"": [[""1"", ""peter"", ""hip hop""], [""2"", ""eric"", ""pop""], [""3"", ""arnold"", ""classical""], [""4"", ""bob"", ""country""], [""5"", ""alice"", ""jazz""], [""6"", ""carol"", ""rock""]]}",557
lgp-test-5x4-22,"{""header"": [""House"", ""Each person has a unique name"", ""The people keep unique animals"", ""Each person prefers a unique type of vacation"", ""People use unique phone models""], ""rows"": [[""1"", ""arnold"", ""horse"", ""camping"", ""google pixel 6""], [""2"", ""eric"", ""cat"", ""city"", ""huawei p50""], [""3"", ""bob"", ""dog"", ""beach"", ""iphone 13""], [""4"", ""alice"", ""fish"", ""cruise"", ""samsung galaxy s21""], [""5"", ""peter"", ""bird"", ""mountain"", ""oneplus 9""]]}",268
lgp-test-6x5-29,"{""header"": [""House"", ""Each person has a unique name"", ""People use unique phone models"", ""People have unique hair colors"", ""Each person has a unique favorite drink"", ""People have unique favorite music genres""], ""rows"": [[""1"", ""peter"", ""xiaomi mi 11"", ""auburn"", ""milk"", ""rock""], [""2"", ""arnold"", ""oneplus 9"", ""brown"", ""root beer"", ""hip hop""], [""3"", ""carol"", ""samsung galaxy s21"", ""gray"", ""water"", ""pop""], [""4"", ""eric"", ""iphone 13"", ""red"", ""tea"", ""classical""], [""5"", ""bob"", ""google pixel 6"", ""black"", ""coffee"", ""country""], [""6"", ""alice"", ""huawei p50"", ""blonde"", ""boba tea"", ""jazz""]]}",14981
lgp-test-4x4-35,"{""header"": [""House"", ""Each person has a unique name"", ""Each person has a unique favorite drink"", ""People have unique favorite book genres"", ""People have unique hair colors""], ""rows"": [[""1"", ""alice"", ""tea"", ""romance"", ""black""], [""2"", ""eric"", ""coffee"", ""mystery"", ""blonde""], [""3"", ""arnold"", ""milk"", ""fantasy"", ""brown""], [""4"", ""peter"", ""water"", ""science fiction"", ""red""]]}",126
lgp-test-6x3-24,"{""header"": [""House"", ""Each person has a unique name"", ""Each person prefers a unique type of vacation"", ""The people are of nationalities""], ""rows"": [[""1"", ""alice"", ""camping"", ""dane""], [""2"", ""carol"", ""city"", ""swede""], [""3"", ""eric"", ""mountain"", ""german""], [""4"", ""bob"", ""beach"", ""brit""], [""5"", ""peter"", ""cruise"", ""norwegian""], [""6"", ""arnold"", ""cultural"", ""chinese""]]}",278
lgp-test-6x2-36,"{""header"": [""House"", ""Each person has a unique name"", ""People have unique favorite book genres""], ""rows"": [[""1"", ""bob"", ""biography""], [""2"", ""carol"", ""fantasy""], [""3"", ""arnold"", ""historical fiction""], [""4"", ""eric"", ""mystery""], [""5"", ""peter"", ""romance""], [""6"", ""alice"", ""science fiction""]]}",781
lgp-test-6x3-37,"{""header"": [""House"", ""Each person has a unique name"", ""Each person has a unique hobby"", ""Everyone has a unique favorite cigar""], ""rows"": [[""1"", ""alice"", ""cooking"", ""blends""], [""2"", ""carol"", ""photography"", ""yellow monster""], [""3"", ""eric"", ""knitting"", ""pall mall""], [""4"", ""bob"", ""gardening"", ""blue master""], [""5"", ""peter"", ""painting"", ""dunhill""], [""6"", ""arnold"", ""woodworking"", ""prince""]]}",2001
lgp-test-3x5-39,"{""header"": [""House"", ""Each person has a unique name"", ""The people keep unique animals"", ""Each person has a favorite color"", ""The people are of nationalities"", ""They all have a unique favorite flower""], ""rows"": [[""1"", ""arnold"", ""horse"", ""red"", ""dane"", ""carnations""], [""2"", ""peter"", ""bird"", ""white"", ""brit"", ""lilies""], [""3"", ""eric"", ""cat"", ""yellow"", ""swede"", ""daffodils""]]}",22
lgp-test-4x6-34,"{""header"": [""House"", ""Each person has a unique name"", ""Each person has a favorite color"", ""Each person has a unique birthday month"", ""The mothers' names in different houses are unique"", ""Everyone has a unique favorite cigar"", ""They all have a unique favorite flower""], ""rows"": [[""1"", ""eric"", ""green"", ""feb"", ""aniya"", ""blue master"", ""lilies""], [""2"", ""arnold"", ""yellow"", ""sept"", ""janelle"", ""prince"", ""carnations""], [""3"", ""peter"", ""red"", ""april"", ""kailyn"", ""pall mall"", ""roses""], [""4"", ""alice"", ""white"", ""jan"", ""holly"", ""dunhill"", ""daffodils""]]}",132
lgp-test-5x6-28,"{""header"": [""House"", ""Each person has a unique name"", ""People have unique favorite sports"", ""Each person lives in a unique style of house"", ""Each person prefers a unique type of vacation"", ""Each person has an occupation"", ""The mothers' names in different houses are unique""], ""rows"": [[""1"", ""arnold"", ""baseball"", ""craftsman"", ""beach"", ""engineer"", ""penny""], [""2"", ""peter"", ""basketball"", ""colonial"", ""city"", ""doctor"", ""janelle""], [""3"", ""bob"", ""soccer"", ""ranch"", ""mountain"", ""teacher"", ""holly""], [""4"", ""eric"", ""swimming"", ""victorian"", ""cruise"", ""artist"", ""kailyn""], [""5"", ""alice"", ""tennis"", ""modern"", ""camping"", ""lawyer"", ""aniya""]]}",19365
lgp-test-2x6-28,"{""header"": [""House"", ""Each person has a unique name"", ""Each person lives in a unique style of house"", ""The people are of nationalities"", ""Each person prefers a unique type of vacation"", ""Each person has a unique type of pet"", ""People have unique favorite book genres""], ""rows"": [[""1"", ""arnold"", ""victorian"", ""brit"", ""mountain"", ""cat"", ""science fiction""], [""2"", ""eric"", ""colonial"", ""dane"", ""beach"", ""dog"", ""mystery""]]}",13
lgp-test-2x3-26,"{""header"": [""House"", ""Each person has a unique name"", ""Each person has a unique level of education"", ""Each person has a unique favorite drink""], ""rows"": [[""1"", ""eric"", ""high school"", ""water""], [""2"", ""arnold"", ""associate"", ""tea""]]}",7
lgp-test-3x5-35,"{""header"": [""House"", ""Each person has a unique name"", ""Everyone has a unique favorite cigar"", ""Each mother is accompanied by their child"", ""The mothers' names in different houses are unique"", ""The people keep unique animals""], ""rows"": [[""1"", ""arnold"", ""blue master"", ""bella"", ""aniya"", ""cat""], [""2"", ""peter"", ""pall mall"", ""meredith"", ""holly"", ""horse""], [""3"", ""eric"", ""prince"", ""fred"", ""janelle"", ""bird""]]}",18
lgp-test-5x6-39,"{""header"": [""House"", ""Each person has a unique name"", ""People use unique phone models"", ""Each person has a favorite color"", ""The mothers' names in different houses are unique"", ""The people are of nationalities"", ""Everyone has something unique for lunch""], ""rows"": [[""1"", ""eric"", ""samsung galaxy s21"", ""red"", ""aniya"", ""brit"", ""stir fry""], [""2"", ""alice"", ""oneplus 9"", ""blue"", ""holly"", ""norwegian"", ""grilled cheese""], [""3"", ""arnold"", ""google pixel 6"", ""yellow"", ""janelle"", ""dane"", ""spaghetti""], [""4"", ""bob"", ""huawei p50"", ""white"", ""penny"", ""german"", ""pizza""], [""5"", ""peter"", ""iphone 13"", ""green"", ""kailyn"", ""swede"", ""stew""]]}",1041
lgp-test-6x4-22,"{""header"": [""House"", ""Each person has a unique name"", ""Each person prefers a unique type of vacation"", ""Everyone has a unique favorite cigar"", ""People have unique favorite sports""], ""rows"": [[""1"", ""peter"", ""cultural"", ""blue master"", ""baseball""], [""2"", ""arnold"", ""city"", ""prince"", ""tennis""], [""3"", ""bob"", ""camping"", ""pall mall"", ""basketball""], [""4"", ""alice"", ""cruise"", ""blends"", ""volleyball""], [""5"", ""eric"", ""mountain"", ""dunhill"", ""soccer""], [""6"", ""carol"", ""beach"", ""yellow monster"", ""swimming""]]}",787
lgp-test-6x5-0,"{""header"": [""House"", ""Each person has a unique name"", ""Each person has a unique level of education"", ""Each person has a favorite color"", ""Each person prefers a unique type of vacation"", ""People have unique favorite book genres""], ""rows"": [[""1"", ""eric"", ""doctorate"", ""purple"", ""beach"", ""fantasy""], [""2"", ""carol"", ""associate"", ""white"", ""cruise"", ""mystery""], [""3"", ""bob"", ""bachelor"", ""blue"", ""cultural"", ""science fiction""], [""4"", ""peter"", ""high school"", ""yellow"", ""mountain"", ""historical fiction""], [""5"", ""arnold"", ""trade school"", ""red"", ""camping"", ""biography""], [""6"", ""alice"", ""master"", ""green"", ""city"", ""romance""]]}",392107
lgp-test-6x5-22,"{""header"": [""House"", ""Each person has a unique name"", ""People have unique favorite music genres"", ""Each person lives in a unique style of house"", ""People use unique phone models"", ""Each person has a unique type of pet""], ""rows"": [[""1"", ""carol"", ""pop"", ""craftsman"", ""iphone 13"", ""fish""], [""2"", ""peter"", ""rock"", ""colonial"", ""oneplus 9"", ""hamster""], [""3"", ""bob"", ""jazz"", ""mediterranean"", ""huawei p50"", ""cat""], [""4"", ""alice"", ""country"", ""ranch"", ""google pixel 6"", ""bird""], [""5"", ""arnold"", ""classical"", ""victorian"", ""xiaomi mi 11"", ""dog""], [""6"", ""eric"", ""hip hop"", ""modern"", ""samsung galaxy s21"", ""rabbit""]]}",1632
lgp-test-3x5-10,"{""header"": [""House"", ""Each person has a unique name"", ""People have unique favorite sports"", ""People have unique favorite book genres"", ""Each person has a unique birthday month"", ""They all have a unique favorite flower""], ""rows"": [[""1"", ""arnold"", ""soccer"", ""mystery"", ""sept"", ""carnations""], [""2"", ""eric"", ""tennis"", ""romance"", ""jan"", ""lilies""], [""3"", ""peter"", ""basketball"", ""science fiction"", ""april"", ""daffodils""]]}",18
lgp-test-5x5-7,"{""header"": [""House"", ""Each person has a unique name"", ""They all have a unique favorite flower"", ""Each person has a unique birthday month"", ""Everyone has something unique for lunch"", ""Each person lives in a unique style of house""], ""rows"": [[""1"", ""bob"", ""tulips"", ""sept"", ""spaghetti"", ""victorian""], [""2"", ""alice"", ""lilies"", ""feb"", ""pizza"", ""ranch""], [""3"", ""arnold"", ""roses"", ""mar"", ""grilled cheese"", ""colonial""], [""4"", ""peter"", ""carnations"", ""jan"", ""stew"", ""modern""], [""5"", ""eric"", ""daffodils"", ""april"", ""stir fry"", ""craftsman""]]}",115
lgp-test-3x6-36,"{""header"": [""House"", ""Each person has a unique name"", ""Each person prefers a unique type of vacation"", ""Each person has a unique hobby"", ""People have unique favorite sports"", ""They all have a unique favorite flower"", ""Everyone has a favorite smoothie""], ""rows"": [[""1"", ""arnold"", ""beach"", ""gardening"", ""tennis"", ""lilies"", ""watermelon""], [""2"", ""eric"", ""city"", ""photography"", ""basketball"", ""carnations"", ""desert""], [""3"", ""peter"", ""mountain"", ""cooking"", ""soccer"", ""daffodils"", ""cherry""]]}",21
lgp-test-4x3-23,"{""header"": [""House"", ""Each person has a unique name"", ""Each person has a unique type of pet"", ""Each person prefers a unique type of vacation""], ""rows"": [[""1"", ""arnold"", ""fish"", ""mountain""], [""2"", ""eric"", ""cat"", ""beach""], [""3"", ""alice"", ""dog"", ""cruise""], [""4"", ""peter"", ""bird"", ""city""]]}",32
lgp-test-3x6-33,"{""header"": [""House"", ""Each person has a unique name"", ""They all have a unique favorite flower"", ""People have unique hair colors"", ""People have unique favorite sports"", ""Each person lives in a unique style of house"", ""Each person has a unique type of pet""], ""rows"": [[""1"", ""arnold"", ""carnations"", ""brown"", ""tennis"", ""victorian"", ""fish""], [""2"", ""peter"", ""daffodils"", ""blonde"", ""basketball"", ""ranch"", ""dog""], [""3"", ""eric"", ""lilies"", ""black"", ""soccer"", ""colonial"", ""cat""]]}",23
lgp-test-3x4-31,"{""header"": [""House"", ""Each person has a unique name"", ""People have unique favorite book genres"", ""Each person has a unique birthday month"", ""The people are of nationalities""], ""rows"": [[""1"", ""peter"", ""science fiction"", ""sept"", ""swede""], [""2"", ""eric"", ""romance"", ""jan"", ""brit""], [""3"", ""arnold"", ""mystery"", ""april"", ""dane""]]}",17
lgp-test-5x4-0,"{""header"": [""House"", ""Each person has a unique name"", ""The people are of nationalities"", ""People have unique favorite sports"", ""People have unique hair colors""], ""rows"": [[""1"", ""alice"", ""swede"", ""basketball"", ""gray""], [""2"", ""eric"", ""dane"", ""swimming"", ""red""], [""3"", ""bob"", ""german"", ""tennis"", ""brown""], [""4"", ""peter"", ""norwegian"", ""soccer"", ""black""], [""5"", ""arnold"", ""brit"", ""baseball"", ""blonde""]]}",534
lgp-test-5x5-24,"{""header"": [""House"", ""Each person has a unique name"", ""Everyone has a unique favorite cigar"", ""People have unique favorite music genres"", ""Each person has a unique birthday month"", ""People have unique favorite book genres""], ""rows"": [[""1"", ""arnold"", ""prince"", ""hip hop"", ""sept"", ""biography""], [""2"", ""peter"", ""dunhill"", ""jazz"", ""feb"", ""fantasy""], [""3"", ""bob"", ""pall mall"", ""classical"", ""jan"", ""mystery""], [""4"", ""eric"", ""blends"", ""pop"", ""mar"", ""romance""], [""5"", ""alice"", ""blue master"", ""rock"", ""april"", ""science fiction""]]}",959
lgp-test-6x5-1,"{""header"": [""House"", ""Each person has a unique name"", ""Each person has a unique favorite drink"", ""They all have a unique favorite flower"", ""Each person has an occupation"", ""Each person has a unique hobby""], ""rows"": [[""1"", ""peter"", ""tea"", ""daffodils"", ""engineer"", ""painting""], [""2"", ""bob"", ""boba tea"", ""iris"", ""lawyer"", ""knitting""], [""3"", ""arnold"", ""coffee"", ""tulips"", ""nurse"", ""cooking""], [""4"", ""carol"", ""root beer"", ""carnations"", ""doctor"", ""gardening""], [""5"", ""eric"", ""water"", ""roses"", ""teacher"", ""photography""], [""6"", ""alice"", ""milk"", ""lilies"", ""artist"", ""woodworking""]]}",6114
lgp-test-4x3-21,"{""header"": [""House"", ""Each person has a unique name"", ""People have unique heights"", ""Each person has a unique hobby""], ""rows"": [[""1"", ""arnold"", ""very short"", ""painting""], [""2"", ""peter"", ""tall"", ""photography""], [""3"", ""alice"", ""short"", ""gardening""], [""4"", ""eric"", ""average"", ""cooking""]]}",41
lgp-test-4x5-2,"{""header"": [""House"", ""Each person has a unique name"", ""The people keep unique animals"", ""People use unique phone models"", ""Each person has a favorite color"", ""Each person lives in a unique style of house""], ""rows"": [[""1"", ""peter"", ""bird"", ""samsung galaxy s21"", ""white"", ""craftsman""], [""2"", ""eric"", ""cat"", ""oneplus 9"", ""yellow"", ""colonial""], [""3"", ""arnold"", ""fish"", ""iphone 13"", ""red"", ""victorian""], [""4"", ""alice"", ""horse"", ""google pixel 6"", ""green"", ""ranch""]]}",39
lgp-test-5x2-31,"{""header"": [""House"", ""Each person has a unique name"", ""People have unique favorite book genres""], ""rows"": [[""1"", ""bob"", ""fantasy""], [""2"", ""peter"", ""mystery""], [""3"", ""alice"", ""science fiction""], [""4"", ""arnold"", ""biography""], [""5"", ""eric"", ""romance""]]}",21
lgp-test-4x4-10,"{""header"": [""House"", ""Each person has a unique name"", ""People have unique favorite music genres"", ""The mothers' names in different houses are unique"", ""Each person has a unique level of education""], ""rows"": [[""1"", ""eric"", ""rock"", ""janelle"", ""associate""], [""2"", ""peter"", ""classical"", ""holly"", ""high school""], [""3"", ""arnold"", ""pop"", ""kailyn"", ""master""], [""4"", ""alice"", ""jazz"", ""aniya"", ""bachelor""]]}",45
lgp-test-2x6-35,"{""header"": [""House"", ""Each person has a unique name"", ""Each person has a unique birthday month"", ""People have unique hair colors"", ""They all have a unique favorite flower"", ""Each person has a unique level of education"", ""People own unique car models""], ""rows"": [[""1"", ""arnold"", ""april"", ""black"", ""carnations"", ""associate"", ""ford f150""], [""2"", ""eric"", ""sept"", ""brown"", ""daffodils"", ""high school"", ""tesla model 3""]]}",13
lgp-test-3x3-16,"{""header"": [""House"", ""Each person has a unique name"", ""People own unique car models"", ""People use unique phone models""], ""rows"": [[""1"", ""arnold"", ""tesla model 3"", ""iphone 13""], [""2"", ""eric"", ""ford f150"", ""samsung galaxy s21""], [""3"", ""peter"", ""toyota camry"", ""google pixel 6""]]}",10
lgp-test-5x4-13,"{""header"": [""House"", ""Each person has a unique name"", ""People have unique favorite book genres"", ""Each person prefers a unique type of vacation"", ""The mothers' names in different houses are unique""], ""rows"": [[""1"", ""arnold"", ""romance"", ""mountain"", ""aniya""], [""2"", ""bob"", ""fantasy"", ""beach"", ""holly""], [""3"", ""peter"", ""mystery"", ""city"", ""kailyn""], [""4"", ""alice"", ""science fiction"", ""cruise"", ""janelle""], [""5"", ""eric"", ""biography"", ""camping"", ""penny""]]}",138
lgp-test-5x5-20,"{""header"": [""House"", ""Each person has a unique name"", ""They all have a unique favorite flower"", ""Each mother is accompanied by their child"", ""Each person has a unique level of education"", ""The people keep unique animals""], ""rows"": [[""1"", ""alice"", ""roses"", ""meredith"", ""doctorate"", ""bird""], [""2"", ""arnold"", ""daffodils"", ""timothy"", ""high school"", ""dog""], [""3"", ""peter"", ""carnations"", ""fred"", ""associate"", ""cat""], [""4"", ""eric"", ""tulips"", ""bella"", ""master"", ""fish""], [""5"", ""bob"", ""lilies"", ""samantha"", ""bachelor"", ""horse""]]}",646
lgp-test-4x6-17,"{""header"": [""House"", ""Each person has a unique name"", ""Each person lives in a unique style of house"", ""Each person has an occupation"", ""Everyone has a unique favorite cigar"", ""People have unique favorite music genres"", ""People have unique heights""], ""rows"": [[""1"", ""eric"", ""ranch"", ""doctor"", ""blue master"", ""rock"", ""average""], [""2"", ""arnold"", ""colonial"", ""artist"", ""prince"", ""classical"", ""tall""], [""3"", ""alice"", ""victorian"", ""teacher"", ""dunhill"", ""pop"", ""short""], [""4"", ""peter"", ""craftsman"", ""engineer"", ""pall mall"", ""jazz"", ""very short""]]}",706
lgp-test-2x5-37,"{""header"": [""House"", ""Each person has a unique name"", ""People own unique car models"", ""Everyone has something unique for lunch"", ""People have unique favorite sports"", ""Each person has a unique favorite drink""], ""rows"": [[""1"", ""eric"", ""tesla model 3"", ""pizza"", ""basketball"", ""tea""], [""2"", ""arnold"", ""ford f150"", ""grilled cheese"", ""soccer"", ""water""]]}",11
lgp-test-5x2-12,"{""header"": [""House"", ""Each person has a unique name"", ""Everyone has a favorite smoothie""], ""rows"": [[""1"", ""alice"", ""cherry""], [""2"", ""bob"", ""dragonfruit""], [""3"", ""arnold"", ""lime""], [""4"", ""eric"", ""watermelon""], [""5"", ""peter"", ""desert""]]}",84
lgp-test-3x6-32,"{""header"": [""House"", ""Each person has a unique name"", ""People have unique favorite music genres"", ""Each person has a unique birthday month"", ""Everyone has a favorite smoothie"", ""The people are of nationalities"", ""Each person has a favorite color""], ""rows"": [[""1"", ""eric"", ""rock"", ""jan"", ""cherry"", ""brit"", ""white""], [""2"", ""peter"", ""classical"", ""sept"", ""desert"", ""dane"", ""red""], [""3"", ""arnold"", ""pop"", ""april"", ""watermelon"", ""swede"", ""yellow""]]}",24
lgp-test-6x6-9,,4479
lgp-test-5x4-8,"{""header"": [""House"", ""Each person has a unique name"", ""Everyone has a favorite smoothie"", ""Everyone has something unique for lunch"", ""People have unique hair colors""], ""rows"": [[""1"", ""peter"", ""lime"", ""stew"", ""gray""], [""2"", ""bob"", ""watermelon"", ""pizza"", ""brown""], [""3"", ""eric"", ""desert"", ""grilled cheese"", ""blonde""], [""4"", ""alice"", ""cherry"", ""spaghetti"", ""red""], [""5"", ""arnold"", ""dragonfruit"", ""stir fry"", ""black""]]}",31
lgp-test-3x6-1,"{""header"": [""House"", ""Each person has a unique name"", ""People use unique phone models"", ""The people keep unique animals"", ""Each person has an occupation"", ""Each person has a unique birthday month"", ""Everyone has something unique for lunch""], ""rows"": [[""1"", ""arnold"", ""samsung galaxy s21"", ""cat"", ""doctor"", ""sept"", ""grilled cheese""], [""2"", ""eric"", ""google pixel 6"", ""horse"", ""engineer"", ""jan"", ""spaghetti""], [""3"", ""peter"", ""iphone 13"", ""bird"", ""teacher"", ""april"", ""pizza""]]}",25
lgp-test-6x2-16,,57
lgp-test-4x2-1,"{""header"": [""House"", ""Each person has a unique name"", ""Each person has a unique hobby""], ""rows"": [[""1"", ""arnold"", ""gardening""], [""2"", ""peter"", ""cooking""], [""3"", ""alice"", ""photography""], [""4"", ""eric"", ""painting""]]}",9
lgp-test-2x4-12,"{""header"": [""House"", ""Each person has a unique name"", ""The people keep unique animals"", ""Everyone has something unique for lunch"", ""They all have a unique favorite flower""], ""rows"": [[""1"", ""eric"", ""cat"", ""pizza"", ""carnations""], [""2"", ""arnold"", ""horse"", ""grilled cheese"", ""daffodils""]]}",14
lgp-test-6x4-37,"{""header"": [""House"", ""Each person has a unique name"", ""People have unique favorite book genres"", ""People have unique favorite sports"", ""People own unique car models""], ""rows"": [[""1"", ""carol"", ""fantasy"", ""tennis"", ""ford f150""], [""2"", ""eric"", ""mystery"", ""baseball"", ""chevrolet silverado""], [""3"", ""peter"", ""romance"", ""basketball"", ""bmw 3 series""], [""4"", ""alice"", ""historical fiction"", ""soccer"", ""honda civic""], [""5"", ""bob"", ""science fiction"", ""volleyball"", ""tesla model 3""], [""6"", ""arnold"", ""biography"", ""swimming"", ""toyota camry""]]}",40572
lgp-test-4x4-9,"{""header"": [""House"", ""Each person has a unique name"", ""People have unique favorite sports"", ""Each person lives in a unique style of house"", ""People have unique favorite book genres""], ""rows"": [[""1"", ""alice"", ""tennis"", ""colonial"", ""fantasy""], [""2"", ""eric"", ""basketball"", ""craftsman"", ""romance""], [""3"", ""arnold"", ""swimming"", ""ranch"", ""science fiction""], [""4"", ""peter"", ""soccer"", ""victorian"", ""mystery""]]}",18
lgp-test-4x3-11,"{""header"": [""House"", ""Each person has a unique name"", ""Each person has a unique favorite drink"", ""Each mother is accompanied by their child""], ""rows"": [[""1"", ""alice"", ""coffee"", ""meredith""], [""2"", ""arnold"", ""water"", ""samantha""], [""3"", ""peter"", ""tea"", ""fred""], [""4"", ""eric"", ""milk"", ""bella""]]}",13
lgp-test-3x3-11,"{""header"": [""House"", ""Each person has a unique name"", ""Everyone has something unique for lunch"", ""People have unique hair colors""], ""rows"": [[""1"", ""peter"", ""grilled cheese"", ""black""], [""2"", ""eric"", ""pizza"", ""blonde""], [""3"", ""arnold"", ""spaghetti"", ""brown""]]}",13
lgp-test-5x3-13,"{""header"": [""House"", ""Each person has a unique name"", ""Each person has a unique level of education"", ""Each person lives in a unique style of house""], ""rows"": [[""1"", ""peter"", ""doctorate"", ""colonial""], [""2"", ""alice"", ""associate"", ""modern""], [""3"", ""arnold"", ""master"", ""ranch""], [""4"", ""eric"", ""bachelor"", ""victorian""], [""5"", ""bob"", ""high school"", ""craftsman""]]}",262
lgp-test-5x6-9,,1255
lgp-test-5x3-30,"{""header"": [""House"", ""Each person has a unique name"", ""People have unique favorite book genres"", ""Everyone has a favorite smoothie""], ""rows"": [[""1"", ""peter"", ""fantasy"", ""watermelon""], [""2"", ""alice"", ""biography"", ""cherry""], [""3"", ""eric"", ""romance"", ""desert""], [""4"", ""arnold"", ""mystery"", ""lime""], [""5"", ""bob"", ""science fiction"", ""dragonfruit""]]}",210
lgp-test-2x5-9,"{""header"": [""House"", ""Each person has a unique name"", ""People have unique favorite book genres"", ""Each person prefers a unique type of vacation"", ""The people keep unique animals"", ""People have unique favorite music genres""], ""rows"": [[""1"", ""arnold"", ""mystery"", ""mountain"", ""cat"", ""rock""], [""2"", ""eric"", ""science fiction"", ""beach"", ""horse"", ""pop""]]}",11
lgp-test-5x2-37,"{""header"": [""House"", ""Each person has a unique name"", ""Each person has a unique hobby""], ""rows"": [[""1"", ""alice"", ""gardening""], [""2"", ""peter"", ""cooking""], [""3"", ""arnold"", ""knitting""], [""4"", ""bob"", ""photography""], [""5"", ""eric"", ""painting""]]}",55
lgp-test-6x6-31,"{""header"": [""House"", ""Each person has a unique name"", ""People use unique phone models"", ""People have unique favorite book genres"", ""They all have a unique favorite flower"", ""The people keep unique animals"", ""Each person has a unique level of education""], ""rows"": [[""1"", ""arnold"", ""google pixel 6"", ""romance"", ""carnations"", ""bird"", ""master""], [""2"", ""peter"", ""xiaomi mi 11"", ""fantasy"", ""roses"", ""cat"", ""trade school""], [""3"", ""bob"", ""samsung galaxy s21"", ""science fiction"", ""iris"", ""fish"", ""high school""], [""4"", ""carol"", ""huawei p50"", ""biography"", ""tulips"", ""rabbit"", ""bachelor""], [""5"", ""eric"", ""oneplus 9"", ""mystery"", ""lilies"", ""dog"", ""doctorate""], [""6"", ""alice"", ""iphone 13"", ""historical fiction"", ""daffodils"", ""horse"", ""associate""]]}",2316
lgp-test-3x5-22,"{""header"": [""House"", ""Each person has a unique name"", ""Each person has a favorite color"", ""Each person prefers a unique type of vacation"", ""Each person has a unique birthday month"", ""Each mother is accompanied by their child""], ""rows"": [[""1"", ""eric"", ""red"", ""city"", ""sept"", ""fred""], [""2"", ""peter"", ""yellow"", ""mountain"", ""jan"", ""bella""], [""3"", ""arnold"", ""white"", ""beach"", ""april"", ""meredith""]]}",24
lgp-test-3x4-28,"{""header"": [""House"", ""Each person has a unique name"", ""Each person has a unique favorite drink"", ""The people are of nationalities"", ""People have unique favorite book genres""], ""rows"": [[""1"", ""arnold"", ""water"", ""dane"", ""romance""], [""2"", ""eric"", ""milk"", ""swede"", ""mystery""], [""3"", ""peter"", ""tea"", ""brit"", ""science fiction""]]}",17
lgp-test-2x5-16,"{""header"": [""House"", ""Each person has a unique name"", ""Each person has a unique level of education"", ""Everyone has something unique for lunch"", ""They all have a unique favorite flower"", ""People have unique favorite music genres""], ""rows"": [[""1"", ""arnold"", ""associate"", ""grilled cheese"", ""carnations"", ""rock""], [""2"", ""eric"", ""high school"", ""pizza"", ""daffodils"", ""pop""]]}",13
lgp-test-2x4-8,"{""header"": [""House"", ""Each person has a unique name"", ""Everyone has a favorite smoothie"", ""The mothers' names in different houses are unique"", ""Each mother is accompanied by their child""], ""rows"": [[""1"", ""arnold"", ""desert"", ""holly"", ""bella""], [""2"", ""eric"", ""cherry"", ""aniya"", ""fred""]]}",9
lgp-test-3x5-7,"{""header"": [""House"", ""Each person has a unique name"", ""People have unique favorite sports"", ""The people keep unique animals"", ""Each person has a unique favorite drink"", ""The people are of nationalities""], ""rows"": [[""1"", ""arnold"", ""tennis"", ""horse"", ""tea"", ""swede""], [""2"", ""peter"", ""basketball"", ""cat"", ""water"", ""brit""], [""3"", ""eric"", ""soccer"", ""bird"", ""milk"", ""dane""]]}",69
lgp-test-4x3-35,"{""header"": [""House"", ""Each person has a unique name"", ""People use unique phone models"", ""They all have a unique favorite flower""], ""rows"": [[""1"", ""alice"", ""oneplus 9"", ""roses""], [""2"", ""peter"", ""google pixel 6"", ""carnations""], [""3"", ""eric"", ""samsung galaxy s21"", ""daffodils""], [""4"", ""arnold"", ""iphone 13"", ""lilies""]]}",33
lgp-test-6x6-21,"{""header"": [""House"", ""Each person has a unique name"", ""People have unique heights"", ""Each person prefers a unique type of vacation"", ""People have unique hair colors"", ""Each person has a unique favorite drink"", ""They all have a unique favorite flower""], ""rows"": [[""1"", ""alice"", ""very short"", ""beach"", ""gray"", ""root beer"", ""daffodils""], [""2"", ""carol"", ""super tall"", ""city"", ""brown"", ""water"", ""roses""], [""3"", ""arnold"", ""average"", ""cultural"", ""blonde"", ""milk"", ""lilies""], [""4"", ""bob"", ""short"", ""cruise"", ""auburn"", ""tea"", ""tulips""], [""5"", ""peter"", ""very tall"", ""mountain"", ""black"", ""coffee"", ""iris""], [""6"", ""eric"", ""tall"", ""camping"", ""red"", ""boba tea"", ""carnations""]]}",9830
lgp-test-6x3-10,"{""header"": [""House"", ""Each person has a unique name"", ""Each person has a unique type of pet"", ""Each person has a favorite color""], ""rows"": [[""1"", ""peter"", ""hamster"", ""yellow""], [""2"", ""bob"", ""rabbit"", ""red""], [""3"", ""arnold"", ""fish"", ""white""], [""4"", ""alice"", ""bird"", ""purple""], [""5"", ""carol"", ""dog"", ""green""], [""6"", ""eric"", ""cat"", ""blue""]]}",359
lgp-test-6x4-12,"{""header"": [""House"", ""Each person has a unique name"", ""The people are of nationalities"", ""Each person has a unique type of pet"", ""Each person has a favorite color""], ""rows"": [[""1"", ""carol"", ""brit"", ""cat"", ""red""], [""2"", ""peter"", ""chinese"", ""bird"", ""green""], [""3"", ""eric"", ""swede"", ""rabbit"", ""purple""], [""4"", ""bob"", ""norwegian"", ""hamster"", ""blue""], [""5"", ""alice"", ""dane"", ""fish"", ""yellow""], [""6"", ""arnold"", ""german"", ""dog"", ""white""]]}",5219
lgp-test-3x6-15,"{""header"": [""House"", ""Each person has a unique name"", ""Each person has a unique level of education"", ""Each person prefers a unique type of vacation"", ""People have unique favorite music genres"", ""Each person has an occupation"", ""People have unique favorite sports""], ""rows"": [[""1"", ""peter"", ""bachelor"", ""city"", ""rock"", ""doctor"", ""tennis""], [""2"", ""arnold"", ""high school"", ""mountain"", ""pop"", ""teacher"", ""basketball""], [""3"", ""eric"", ""associate"", ""beach"", ""classical"", ""engineer"", ""soccer""]]}",25
lgp-test-2x6-18,"{""header"": [""House"", ""Each person has a unique name"", ""The people are of nationalities"", ""Each person has a unique level of education"", ""Each person has a unique birthday month"", ""Each person has an occupation"", ""People use unique phone models""], ""rows"": [[""1"", ""arnold"", ""brit"", ""associate"", ""sept"", ""engineer"", ""samsung galaxy s21""], [""2"", ""eric"", ""dane"", ""high school"", ""april"", ""doctor"", ""iphone 13""]]}",13
lgp-test-2x2-26,"{""header"": [""House"", ""Each person has a unique name"", ""People have unique hair colors""], ""rows"": [[""1"", ""arnold"", ""black""], [""2"", ""eric"", ""brown""]]}",6
lgp-test-3x5-29,"{""header"": [""House"", ""Each person has a unique name"", ""They all have a unique favorite flower"", ""People use unique phone models"", ""Each person has an occupation"", ""Everyone has a unique favorite cigar""], ""rows"": [[""1"", ""eric"", ""carnations"", ""google pixel 6"", ""teacher"", ""blue master""], [""2"", ""arnold"", ""lilies"", ""samsung galaxy s21"", ""doctor"", ""prince""], [""3"", ""peter"", ""daffodils"", ""iphone 13"", ""engineer"", ""pall mall""]]}",19
lgp-test-4x4-19,"{""header"": [""House"", ""Each person has a unique name"", ""Each person has a favorite color"", ""Everyone has a unique favorite cigar"", ""Each person has a unique level of education""], ""rows"": [[""1"", ""alice"", ""green"", ""dunhill"", ""associate""], [""2"", ""eric"", ""red"", ""prince"", ""high school""], [""3"", ""peter"", ""yellow"", ""blue master"", ""bachelor""], [""4"", ""arnold"", ""white"", ""pall mall"", ""master""]]}",17
lgp-test-4x3-34,"{""header"": [""House"", ""Each person has a unique name"", ""People have unique favorite sports"", ""Each person prefers a unique type of vacation""], ""rows"": [[""1"", ""arnold"", ""swimming"", ""cruise""], [""2"", ""alice"", ""tennis"", ""mountain""], [""3"", ""peter"", ""basketball"", ""city""], [""4"", ""eric"", ""soccer"", ""beach""]]}",18
lgp-test-5x2-17,"{""header"": [""House"", ""Each person has a unique name"", ""Each person lives in a unique style of house""], ""rows"": [[""1"", ""arnold"", ""craftsman""], [""2"", ""eric"", ""modern""], [""3"", ""peter"", ""ranch""], [""4"", ""alice"", ""victorian""], [""5"", ""bob"", ""colonial""]]}",33
lgp-test-5x4-17,"{""header"": [""House"", ""Each person has a unique name"", ""People own unique car models"", ""The people are of nationalities"", ""They all have a unique favorite flower""], ""rows"": [[""1"", ""arnold"", ""honda civic"", ""swede"", ""lilies""], [""2"", ""bob"", ""tesla model 3"", ""norwegian"", ""carnations""], [""3"", ""alice"", ""toyota camry"", ""german"", ""daffodils""], [""4"", ""peter"", ""bmw 3 series"", ""dane"", ""roses""], [""5"", ""eric"", ""ford f150"", ""brit"", ""tulips""]]}",753
lgp-test-2x3-10,"{""header"": [""House"", ""Each person has a unique name"", ""People use unique phone models"", ""Each person has a unique favorite drink""], ""rows"": [[""1"", ""arnold"", ""samsung galaxy s21"", ""water""], [""2"", ""eric"", ""iphone 13"", ""tea""]]}",7
lgp-test-3x2-11,"{""header"": [""House"", ""Each person has a unique name"", ""People use unique phone models""], ""rows"": [[""1"", ""peter"", ""samsung galaxy s21""], [""2"", ""eric"", ""google pixel 6""], [""3"", ""arnold"", ""iphone 13""]]}",7
lgp-test-3x6-21,"{""header"": [""House"", ""Each person has a unique name"", ""Each mother is accompanied by their child"", ""The people keep unique animals"", ""People own unique car models"", ""People have unique favorite book genres"", ""Everyone has a favorite smoothie""], ""rows"": [[""1"", ""arnold"", ""meredith"", ""horse"", ""toyota camry"", ""mystery"", ""desert""], [""2"", ""peter"", ""bella"", ""cat"", ""ford f150"", ""science fiction"", ""cherry""], [""3"", ""eric"", ""fred"", ""bird"", ""tesla model 3"", ""romance"", ""watermelon""]]}",19
lgp-test-6x4-3,"{""header"": [""House"", ""Each person has a unique name"", ""Each person has a unique favorite drink"", ""Each person lives in a unique style of house"", ""Everyone has a unique favorite cigar""], ""rows"": [[""1"", ""carol"", ""boba tea"", ""ranch"", ""pall mall""], [""2"", ""alice"", ""milk"", ""modern"", ""blue master""], [""3"", ""arnold"", ""tea"", ""colonial"", ""blends""], [""4"", ""bob"", ""coffee"", ""craftsman"", ""prince""], [""5"", ""peter"", ""water"", ""mediterranean"", ""yellow monster""], [""6"", ""eric"", ""root beer"", ""victorian"", ""dunhill""]]}",2529
lgp-test-2x6-13,"{""header"": [""House"", ""Each person has a unique name"", ""Each person has a unique level of education"", ""Each person has a unique hobby"", ""Each mother is accompanied by their child"", ""People have unique favorite music genres"", ""Each person has a unique type of pet""], ""rows"": [[""1"", ""arnold"", ""associate"", ""gardening"", ""bella"", ""pop"", ""cat""], [""2"", ""eric"", ""high school"", ""photography"", ""fred"", ""rock"", ""dog""]]}",16
lgp-test-2x5-27,"{""header"": [""House"", ""Each person has a unique name"", ""Each person has a favorite color"", ""People have unique hair colors"", ""Each person has a unique level of education"", ""Everyone has a unique favorite cigar""], ""rows"": [[""1"", ""eric"", ""yellow"", ""black"", ""associate"", ""prince""], [""2"", ""arnold"", ""red"", ""brown"", ""high school"", ""pall mall""]]}",11
lgp-test-4x2-19,"{""header"": [""House"", ""Each person has a unique name"", ""People have unique favorite music genres""], ""rows"": [[""1"", ""arnold"", ""jazz""], [""2"", ""alice"", ""classical""], [""3"", ""peter"", ""rock""], [""4"", ""eric"", ""pop""]]}",17
lgp-test-6x6-1,"{""header"": [""House"", ""Each person has a unique name"", ""People have unique hair colors"", ""People have unique favorite book genres"", ""People have unique heights"", ""Each person has a unique level of education"", ""Each person has a unique favorite drink""], ""rows"": [[""1"", ""peter"", ""gray"", ""biography"", ""short"", ""doctorate"", ""coffee""], [""2"", ""bob"", ""brown"", ""romance"", ""super tall"", ""high school"", ""tea""], [""3"", ""eric"", ""red"", ""science fiction"", ""very tall"", ""trade school"", ""boba tea""], [""4"", ""carol"", ""auburn"", ""historical fiction"", ""average"", ""master"", ""water""], [""5"", ""alice"", ""blonde"", ""mystery"", ""very short"", ""bachelor"", ""root beer""], [""6"", ""arnold"", ""black"", ""fantasy"", ""tall"", ""associate"", ""milk""]]}",299780
lgp-test-2x5-28,"{""header"": [""House"", ""Each person has a unique name"", ""People own unique car models"", ""The people keep unique animals"", ""People have unique favorite sports"", ""Everyone has something unique for lunch""], ""rows"": [[""1"", ""arnold"", ""tesla model 3"", ""cat"", ""basketball"", ""pizza""], [""2"", ""eric"", ""ford f150"", ""horse"", ""soccer"", ""grilled cheese""]]}",11
lgp-test-6x6-15,"{""header"": [""House"", ""Each person has a unique name"", ""Each person lives in a unique style of house"", ""Each person has a unique favorite drink"", ""Each person has an occupation"", ""The people keep unique animals"", ""Each person has a favorite color""], ""rows"": [[""1"", ""arnold"", ""craftsman"", ""milk"", ""artist"", ""fish"", ""red""], [""2"", ""carol"", ""ranch"", ""water"", ""nurse"", ""bird"", ""purple""], [""3"", ""eric"", ""modern"", ""root beer"", ""teacher"", ""cat"", ""blue""], [""4"", ""bob"", ""victorian"", ""tea"", ""lawyer"", ""dog"", ""green""], [""5"", ""alice"", ""colonial"", ""coffee"", ""engineer"", ""horse"", ""white""], [""6"", ""peter"", ""mediterranean"", ""boba tea"", ""doctor"", ""rabbit"", ""yellow""]]}",8622
lgp-test-2x3-39,"{""header"": [""House"", ""Each person has a unique name"", ""Everyone has something unique for lunch"", ""Each person has a unique birthday month""], ""rows"": [[""1"", ""arnold"", ""grilled cheese"", ""april""], [""2"", ""eric"", ""pizza"", ""sept""]]}",7
lgp-test-5x6-15,"{""header"": [""House"", ""Each person has a unique name"", ""Each person has a unique favorite drink"", ""Each person has a unique type of pet"", ""Each mother is accompanied by their child"", ""The mothers' names in different houses are unique"", ""People have unique favorite sports""], ""rows"": [[""1"", ""eric"", ""tea"", ""fish"", ""timothy"", ""holly"", ""tennis""], [""2"", ""alice"", ""root beer"", ""bird"", ""fred"", ""penny"", ""swimming""], [""3"", ""bob"", ""coffee"", ""cat"", ""bella"", ""janelle"", ""basketball""], [""4"", ""arnold"", ""milk"", ""dog"", ""samantha"", ""aniya"", ""soccer""], [""5"", ""peter"", ""water"", ""hamster"", ""meredith"", ""kailyn"", ""baseball""]]}",1906
lgp-test-3x4-22,"{""header"": [""House"", ""Each person has a unique name"", ""People have unique favorite music genres"", ""Each mother is accompanied by their child"", ""People have unique favorite book genres""], ""rows"": [[""1"", ""peter"", ""pop"", ""fred"", ""romance""], [""2"", ""eric"", ""classical"", ""bella"", ""mystery""], [""3"", ""arnold"", ""rock"", ""meredith"", ""science fiction""]]}",14
lgp-test-6x6-35,"{""header"": [""House"", ""Each person has a unique name"", ""People have unique heights"", ""Each person has a unique favorite drink"", ""Each person has a favorite color"", ""Each person lives in a unique style of house"", ""They all have a unique favorite flower""], ""rows"": [[""1"", ""alice"", ""very tall"", ""root beer"", ""yellow"", ""victorian"", ""lilies""], [""2"", ""peter"", ""tall"", ""water"", ""green"", ""craftsman"", ""daffodils""], [""3"", ""carol"", ""short"", ""boba tea"", ""white"", ""mediterranean"", ""tulips""], [""4"", ""bob"", ""average"", ""coffee"", ""purple"", ""ranch"", ""roses""], [""5"", ""arnold"", ""super tall"", ""tea"", ""red"", ""modern"", ""carnations""], [""6"", ""eric"", ""very short"", ""milk"", ""blue"", ""colonial"", ""iris""]]}",265063
lgp-test-4x5-5,,29
lgp-test-5x6-14,"{""header"": [""House"", ""Each person has a unique name"", ""People have unique favorite music genres"", ""Each person has a unique hobby"", ""Each person prefers a unique type of vacation"", ""Each mother is accompanied by their child"", ""They all have a unique favorite flower""], ""rows"": [[""1"", ""alice"", ""rock"", ""cooking"", ""beach"", ""meredith"", ""carnations""], [""2"", ""eric"", ""jazz"", ""gardening"", ""cruise"", ""bella"", ""roses""], [""3"", ""arnold"", ""hip hop"", ""knitting"", ""mountain"", ""timothy"", ""tulips""], [""4"", ""peter"", ""classical"", ""photography"", ""city"", ""samantha"", ""daffodils""], [""5"", ""bob"", ""pop"", ""painting"", ""camping"", ""fred"", ""lilies""]]}",2299
lgp-test-3x2-31,"{""header"": [""House"", ""Each person has a unique name"", ""People have unique favorite music genres""], ""rows"": [[""1"", ""arnold"", ""pop""], [""2"", ""peter"", ""classical""], [""3"", ""eric"", ""rock""]]}",7
lgp-test-5x2-25,"{""header"": [""House"", ""Each person has a unique name"", ""Everyone has a favorite smoothie""], ""rows"": [[""1"", ""peter"", ""dragonfruit""], [""2"", ""arnold"", ""cherry""], [""3"", ""bob"", ""lime""], [""4"", ""eric"", ""watermelon""], [""5"", ""alice"", ""desert""]]}",27
lgp-test-6x2-0,"{""header"": [""House"", ""Each person has a unique name"", ""Each person lives in a unique style of house""], ""rows"": [[""1"", ""bob"", ""victorian""], [""2"", ""eric"", ""modern""], [""3"", ""arnold"", ""colonial""], [""4"", ""alice"", ""mediterranean""], [""5"", ""peter"", ""craftsman""], [""6"", ""carol"", ""ranch""]]}",27
lgp-test-4x6-1,"{""header"": [""House"", ""Each person has a unique name"", ""Each person has a unique birthday month"", ""Everyone has a unique favorite cigar"", ""People use unique phone models"", ""They all have a unique favorite flower"", ""People have unique heights""], ""rows"": [[""1"", ""eric"", ""april"", ""pall mall"", ""oneplus 9"", ""carnations"", ""average""], [""2"", ""peter"", ""sept"", ""blue master"", ""iphone 13"", ""roses"", ""short""], [""3"", ""alice"", ""feb"", ""prince"", ""samsung galaxy s21"", ""lilies"", ""tall""], [""4"", ""arnold"", ""jan"", ""dunhill"", ""google pixel 6"", ""daffodils"", ""very short""]]}",64
lgp-test-4x4-29,"{""header"": [""House"", ""Each person has a unique name"", ""People have unique heights"", ""Each person has a unique type of pet"", ""Everyone has something unique for lunch""], ""rows"": [[""1"", ""eric"", ""average"", ""fish"", ""spaghetti""], [""2"", ""arnold"", ""tall"", ""cat"", ""stew""], [""3"", ""peter"", ""very short"", ""bird"", ""grilled cheese""], [""4"", ""alice"", ""short"", ""dog"", ""pizza""]]}",75
lgp-test-6x3-0,"{""header"": [""House"", ""Each person has a unique name"", ""They all have a unique favorite flower"", ""The people are of nationalities""], ""rows"": [[""1"", ""peter"", ""lilies"", ""brit""], [""2"", ""bob"", ""carnations"", ""dane""], [""3"", ""alice"", ""daffodils"", ""german""], [""4"", ""arnold"", ""tulips"", ""swede""], [""5"", ""eric"", ""iris"", ""norwegian""], [""6"", ""carol"", ""roses"", ""chinese""]]}",120
lgp-test-4x4-14,"{""header"": [""House"", ""Each person has a unique name"", ""The mothers' names in different houses are unique"", ""Everyone has a favorite smoothie"", ""People have unique favorite book genres""], ""rows"": [[""1"", ""alice"", ""holly"", ""desert"", ""mystery""], [""2"", ""arnold"", ""kailyn"", ""watermelon"", ""science fiction""], [""3"", ""peter"", ""janelle"", ""dragonfruit"", ""fantasy""], [""4"", ""eric"", ""aniya"", ""cherry"", ""romance""]]}",91
lgp-test-2x4-39,"{""header"": [""House"", ""Each person has a unique name"", ""Everyone has something unique for lunch"", ""Each person has a unique type of pet"", ""Each person has an occupation""], ""rows"": [[""1"", ""arnold"", ""pizza"", ""dog"", ""doctor""], [""2"", ""eric"", ""grilled cheese"", ""cat"", ""engineer""]]}",9
lgp-test-4x3-37,"{""header"": [""House"", ""Each person has a unique name"", ""Everyone has a favorite smoothie"", ""Each person has a unique hobby""], ""rows"": [[""1"", ""peter"", ""cherry"", ""photography""], [""2"", ""alice"", ""desert"", ""painting""], [""3"", ""eric"", ""watermelon"", ""gardening""], [""4"", ""arnold"", ""dragonfruit"", ""cooking""]]}",13
lgp-test-2x5-24,"{""header"": [""House"", ""Each person has a unique name"", ""Each person has a unique level of education"", ""Each mother is accompanied by their child"", ""People have unique favorite book genres"", ""Everyone has a favorite smoothie""], ""rows"": [[""1"", ""eric"", ""associate"", ""fred"", ""mystery"", ""cherry""], [""2"", ""arnold"", ""high school"", ""bella"", ""science fiction"", ""desert""]]}",12
lgp-test-2x2-29,"{""header"": [""House"", ""Each person has a unique name"", ""Each person has a unique favorite drink""], ""rows"": [[""1"", ""eric"", ""tea""], [""2"", ""arnold"", ""water""]]}",5
lgp-test-6x4-30,"{""header"": [""House"", ""Each person has a unique name"", ""People have unique favorite book genres"", ""People use unique phone models"", ""Each person has a unique favorite drink""], ""rows"": [[""1"", ""eric"", ""mystery"", ""google pixel 6"", ""root beer""], [""2"", ""peter"", ""romance"", ""samsung galaxy s21"", ""coffee""], [""3"", ""alice"", ""biography"", ""iphone 13"", ""water""], [""4"", ""bob"", ""science fiction"", ""oneplus 9"", ""milk""], [""5"", ""arnold"", ""historical fiction"", ""huawei p50"", ""tea""], [""6"", ""carol"", ""fantasy"", ""xiaomi mi 11"", ""boba tea""]]}",1058
lgp-test-2x5-1,,0
lgp-test-5x2-5,"{""header"": [""House"", ""Each person has a unique name"", ""Each person prefers a unique type of vacation""], ""rows"": [[""1"", ""bob"", ""mountain""], [""2"", ""alice"", ""city""], [""3"", ""peter"", ""beach""], [""4"", ""eric"", ""cruise""], [""5"", ""arnold"", ""camping""]]}",13
lgp-test-2x3-21,"{""header"": [""House"", ""Each person has a unique name"", ""Everyone has a unique favorite cigar"", ""They all have a unique favorite flower""], ""rows"": [[""1"", ""eric"", ""pall mall"", ""carnations""], [""2"", ""arnold"", ""prince"", ""daffodils""]]}",8
lgp-test-6x3-31,"{""header"": [""House"", ""Each person has a unique name"", ""Everyone has something unique for lunch"", ""Each person lives in a unique style of house""], ""rows"": [[""1"", ""alice"", ""stew"", ""colonial""], [""2"", ""carol"", ""grilled cheese"", ""victorian""], [""3"", ""bob"", ""spaghetti"", ""modern""], [""4"", ""eric"", ""stir fry"", ""craftsman""], [""5"", ""peter"", ""soup"", ""ranch""], [""6"", ""arnold"", ""pizza"", ""mediterranean""]]}",9014
lgp-test-4x6-12,"{""header"": [""House"", ""Each person has a unique name"", ""Each person lives in a unique style of house"", ""Everyone has a unique favorite cigar"", ""Each person has an occupation"", ""They all have a unique favorite flower"", ""The people keep unique animals""], ""rows"": [[""1"", ""eric"", ""ranch"", ""prince"", ""doctor"", ""carnations"", ""horse""], [""2"", ""alice"", ""craftsman"", ""blue master"", ""artist"", ""lilies"", ""fish""], [""3"", ""arnold"", ""colonial"", ""pall mall"", ""engineer"", ""daffodils"", ""cat""], [""4"", ""peter"", ""victorian"", ""dunhill"", ""teacher"", ""roses"", ""bird""]]}",244
lgp-test-2x2-5,"{""header"": [""House"", ""Each person has a unique name"", ""Each person lives in a unique style of house""], ""rows"": [[""1"", ""eric"", ""victorian""], [""2"", ""arnold"", ""colonial""]]}",5
lgp-test-6x5-6,"{""header"": [""House"", ""Each person has a unique name"", ""Each person has a unique birthday month"", ""Each person has a unique type of pet"", ""People have unique favorite music genres"", ""People have unique favorite book genres""], ""rows"": [[""1"", ""peter"", ""jan"", ""cat"", ""hip hop"", ""romance""], [""2"", ""arnold"", ""mar"", ""hamster"", ""classical"", ""science fiction""], [""3"", ""eric"", ""may"", ""dog"", ""rock"", ""biography""], [""4"", ""carol"", ""feb"", ""fish"", ""country"", ""historical fiction""], [""5"", ""alice"", ""sept"", ""rabbit"", ""pop"", ""fantasy""], [""6"", ""bob"", ""april"", ""bird"", ""jazz"", ""mystery""]]}",1037
lgp-test-5x2-39,"{""header"": [""House"", ""Each person has a unique name"", ""Each person has a unique level of education""], ""rows"": [[""1"", ""eric"", ""high school""], [""2"", ""peter"", ""associate""], [""3"", ""alice"", ""master""], [""4"", ""bob"", ""doctorate""], [""5"", ""arnold"", ""bachelor""]]}",17
lgp-test-4x2-39,"{""header"": [""House"", ""Each person has a unique name"", ""Everyone has something unique for lunch""], ""rows"": [[""1"", ""peter"", ""spaghetti""], [""2"", ""arnold"", ""stew""], [""3"", ""alice"", ""pizza""], [""4"", ""eric"", ""grilled cheese""]]}",12
lgp-test-5x5-9,"{""header"": [""House"", ""Each person has a unique name"", ""Each person has a unique favorite drink"", ""Each person has a favorite color"", ""They all have a unique favorite flower"", ""Each person has a unique hobby""], ""rows"": [[""1"", ""eric"", ""root beer"", ""yellow"", ""carnations"", ""gardening""], [""2"", ""arnold"", ""tea"", ""white"", ""roses"", ""photography""], [""3"", ""peter"", ""water"", ""red"", ""daffodils"", ""knitting""], [""4"", ""bob"", ""milk"", ""blue"", ""tulips"", ""cooking""], [""5"", ""alice"", ""coffee"", ""green"", ""lilies"", ""painting""]]}",8096
lgp-test-2x6-33,"{""header"": [""House"", ""Each person has a unique name"", ""Each person has a favorite color"", ""Everyone has a favorite smoothie"", ""Each mother is accompanied by their child"", ""Each person has a unique birthday month"", ""People own unique car models""], ""rows"": [[""1"", ""arnold"", ""red"", ""desert"", ""bella"", ""april"", ""tesla model 3""], [""2"", ""eric"", ""yellow"", ""cherry"", ""fred"", ""sept"", ""ford f150""]]}",13
lgp-test-5x5-32,"{""header"": [""House"", ""Each person has a unique name"", ""Everyone has a favorite smoothie"", ""The people keep unique animals"", ""Each person prefers a unique type of vacation"", ""Each person has a unique favorite drink""], ""rows"": [[""1"", ""peter"", ""watermelon"", ""fish"", ""cruise"", ""water""], [""2"", ""bob"", ""dragonfruit"", ""bird"", ""camping"", ""milk""], [""3"", ""eric"", ""cherry"", ""cat"", ""beach"", ""coffee""], [""4"", ""alice"", ""desert"", ""dog"", ""mountain"", ""tea""], [""5"", ""arnold"", ""lime"", ""horse"", ""city"", ""root beer""]]}",557
lgp-test-5x2-26,"{""header"": [""House"", ""Each person has a unique name"", ""Each person prefers a unique type of vacation""], ""rows"": [[""1"", ""eric"", ""cruise""], [""2"", ""bob"", ""mountain""], [""3"", ""alice"", ""beach""], [""4"", ""arnold"", ""city""], [""5"", ""peter"", ""camping""]]}",24
lgp-test-4x6-11,"{""header"": [""House"", ""Each person has a unique name"", ""Each person has a unique hobby"", ""The people keep unique animals"", ""People have unique favorite book genres"", ""Each person has a unique birthday month"", ""People have unique favorite music genres""], ""rows"": [[""1"", ""peter"", ""painting"", ""fish"", ""fantasy"", ""feb"", ""pop""], [""2"", ""alice"", ""cooking"", ""bird"", ""romance"", ""sept"", ""jazz""], [""3"", ""arnold"", ""gardening"", ""horse"", ""mystery"", ""april"", ""rock""], [""4"", ""eric"", ""photography"", ""cat"", ""science fiction"", ""jan"", ""classical""]]}",33
lgp-test-2x2-17,"{""header"": [""House"", ""Each person has a unique name"", ""Everyone has a unique favorite cigar""], ""rows"": [[""1"", ""arnold"", ""pall mall""], [""2"", ""eric"", ""prince""]]}",5
lgp-test-5x5-22,"{""header"": [""House"", ""Each person has a unique name"", ""Each person prefers a unique type of vacation"", ""Each person lives in a unique style of house"", ""Each person has a unique level of education"", ""The mothers' names in different houses are unique""], ""rows"": [[""1"", ""eric"", ""mountain"", ""ranch"", ""bachelor"", ""aniya""], [""2"", ""alice"", ""beach"", ""victorian"", ""associate"", ""janelle""], [""3"", ""arnold"", ""city"", ""colonial"", ""doctorate"", ""penny""], [""4"", ""bob"", ""cruise"", ""craftsman"", ""master"", ""kailyn""], [""5"", ""peter"", ""camping"", ""modern"", ""high school"", ""holly""]]}",286
lgp-test-6x4-34,"{""header"": [""House"", ""Each person has a unique name"", ""The people are of nationalities"", ""People have unique favorite book genres"", ""The mothers' names in different houses are unique""], ""rows"": [[""1"", ""alice"", ""german"", ""science fiction"", ""penny""], [""2"", ""arnold"", ""dane"", ""historical fiction"", ""kailyn""], [""3"", ""carol"", ""norwegian"", ""romance"", ""sarah""], [""4"", ""peter"", ""brit"", ""mystery"", ""aniya""], [""5"", ""bob"", ""chinese"", ""biography"", ""holly""], [""6"", ""eric"", ""swede"", ""fantasy"", ""janelle""]]}",1700
lgp-test-4x4-30,"{""header"": [""House"", ""Each person has a unique name"", ""They all have a unique favorite flower"", ""Each person has an occupation"", ""Everyone has a favorite smoothie""], ""rows"": [[""1"", ""alice"", ""lilies"", ""engineer"", ""dragonfruit""], [""2"", ""eric"", ""roses"", ""teacher"", ""cherry""], [""3"", ""peter"", ""carnations"", ""doctor"", ""desert""], [""4"", ""arnold"", ""daffodils"", ""artist"", ""watermelon""]]}",37
lgp-test-4x6-13,"{""header"": [""House"", ""Each person has a unique name"", ""Everyone has a unique favorite cigar"", ""Each person lives in a unique style of house"", ""Each person has a unique birthday month"", ""Each person has an occupation"", ""Each mother is accompanied by their child""], ""rows"": [[""1"", ""alice"", ""pall mall"", ""victorian"", ""feb"", ""doctor"", ""fred""], [""2"", ""arnold"", ""blue master"", ""ranch"", ""sept"", ""teacher"", ""bella""], [""3"", ""eric"", ""dunhill"", ""colonial"", ""april"", ""artist"", ""samantha""], [""4"", ""peter"", ""prince"", ""craftsman"", ""jan"", ""engineer"", ""meredith""]]}",124
lgp-test-2x5-18,"{""header"": [""House"", ""Each person has a unique name"", ""People have unique favorite book genres"", ""People own unique car models"", ""Each person has a unique hobby"", ""Each person has a unique favorite drink""], ""rows"": [[""1"", ""arnold"", ""science fiction"", ""ford f150"", ""photography"", ""water""], [""2"", ""eric"", ""mystery"", ""tesla model 3"", ""gardening"", ""tea""]]}",19
lgp-test-2x6-31,"{""header"": [""House"", ""Each person has a unique name"", ""People own unique car models"", ""People use unique phone models"", ""Each person has a unique favorite drink"", ""Each person has a unique birthday month"", ""The people are of nationalities""], ""rows"": [[""1"", ""eric"", ""ford f150"", ""iphone 13"", ""water"", ""april"", ""dane""], [""2"", ""arnold"", ""tesla model 3"", ""samsung galaxy s21"", ""tea"", ""sept"", ""brit""]]}",13
lgp-test-2x2-4,"{""header"": [""House"", ""Each person has a unique name"", ""People own unique car models""], ""rows"": [[""1"", ""eric"", ""tesla model 3""], [""2"", ""arnold"", ""ford f150""]]}",5
lgp-test-4x3-3,"{""header"": [""House"", ""Each person has a unique name"", ""Everyone has a unique favorite cigar"", ""People have unique heights""], ""rows"": [[""1"", ""peter"", ""pall mall"", ""tall""], [""2"", ""arnold"", ""dunhill"", ""very short""], [""3"", ""alice"", ""prince"", ""average""], [""4"", ""eric"", ""blue master"", ""short""]]}",26
lgp-test-2x2-20,"{""header"": [""House"", ""Each person has a unique name"", ""Each mother is accompanied by their child""], ""rows"": [[""1"", ""arnold"", ""fred""], [""2"", ""eric"", ""bella""]]}",5
lgp-test-3x2-13,"{""header"": [""House"", ""Each person has a unique name"", ""Each person has a unique hobby""], ""rows"": [[""1"", ""eric"", ""photography""], [""2"", ""arnold"", ""cooking""], [""3"", ""peter"", ""gardening""]]}",12
lgp-test-2x3-24,"{""header"": [""House"", ""Each person has a unique name"", ""Each person has a unique favorite drink"", ""Each person has an occupation""], ""rows"": [[""1"", ""arnold"", ""water"", ""engineer""], [""2"", ""eric"", ""tea"", ""doctor""]]}",7
lgp-test-4x2-11,"{""header"": [""House"", ""Each person has a unique name"", ""Everyone has a favorite smoothie""], ""rows"": [[""1"", ""alice"", ""dragonfruit""], [""2"", ""peter"", ""cherry""], [""3"", ""arnold"", ""watermelon""], [""4"", ""eric"", ""desert""]]}",14
lgp-test-3x4-21,"{""header"": [""House"", ""Each person has a unique name"", ""People have unique favorite music genres"", ""The people keep unique animals"", ""Each mother is accompanied by their child""], ""rows"": [[""1"", ""eric"", ""rock"", ""bird"", ""fred""], [""2"", ""peter"", ""pop"", ""horse"", ""meredith""], [""3"", ""arnold"", ""classical"", ""cat"", ""bella""]]}",14
lgp-test-3x5-13,"{""header"": [""House"", ""Each person has a unique name"", ""Each person lives in a unique style of house"", ""They all have a unique favorite flower"", ""The people keep unique animals"", ""The people are of nationalities""], ""rows"": [[""1"", ""peter"", ""colonial"", ""daffodils"", ""bird"", ""brit""], [""2"", ""eric"", ""victorian"", ""carnations"", ""cat"", ""swede""], [""3"", ""arnold"", ""ranch"", ""lilies"", ""horse"", ""dane""]]}",71
lgp-test-2x6-32,"{""header"": [""House"", ""Each person has a unique name"", ""They all have a unique favorite flower"", ""People have unique favorite book genres"", ""The people are of nationalities"", ""The people keep unique animals"", ""People have unique favorite music genres""], ""rows"": [[""1"", ""arnold"", ""carnations"", ""mystery"", ""brit"", ""cat"", ""rock""], [""2"", ""eric"", ""daffodils"", ""science fiction"", ""dane"", ""horse"", ""pop""]]}",13
lgp-test-5x3-24,"{""header"": [""House"", ""Each person has a unique name"", ""Each person has a unique hobby"", ""Each person has a unique type of pet""], ""rows"": [[""1"", ""alice"", ""cooking"", ""bird""], [""2"", ""peter"", ""painting"", ""cat""], [""3"", ""bob"", ""photography"", ""fish""], [""4"", ""arnold"", ""knitting"", ""dog""], [""5"", ""eric"", ""gardening"", ""hamster""]]}",28
lgp-test-3x3-22,"{""header"": [""House"", ""Each person has a unique name"", ""People have unique hair colors"", ""The people keep unique animals""], ""rows"": [[""1"", ""peter"", ""black"", ""cat""], [""2"", ""eric"", ""blonde"", ""bird""], [""3"", ""arnold"", ""brown"", ""horse""]]}",17
lgp-test-5x3-7,"{""header"": [""House"", ""Each person has a unique name"", ""People have unique favorite book genres"", ""Each person prefers a unique type of vacation""], ""rows"": [[""1"", ""bob"", ""romance"", ""mountain""], [""2"", ""eric"", ""biography"", ""city""], [""3"", ""peter"", ""mystery"", ""beach""], [""4"", ""alice"", ""science fiction"", ""cruise""], [""5"", ""arnold"", ""fantasy"", ""camping""]]}",176
lgp-test-6x2-10,"{""header"": [""House"", ""Each person has a unique name"", ""People have unique favorite music genres""], ""rows"": [[""1"", ""peter"", ""pop""], [""2"", ""eric"", ""rock""], [""3"", ""bob"", ""hip hop""], [""4"", ""arnold"", ""jazz""], [""5"", ""alice"", ""classical""], [""6"", ""carol"", ""country""]]}",47
lgp-test-3x2-32,"{""header"": [""House"", ""Each person has a unique name"", ""Everyone has a unique favorite cigar""], ""rows"": [[""1"", ""peter"", ""blue master""], [""2"", ""arnold"", ""pall mall""], [""3"", ""eric"", ""prince""]]}",7
lgp-test-5x6-35,"{""header"": [""House"", ""Each person has a unique name"", ""Each mother is accompanied by their child"", ""People have unique hair colors"", ""Each person has a unique hobby"", ""Each person has a unique type of pet"", ""They all have a unique favorite flower""], ""rows"": [[""1"", ""alice"", ""meredith"", ""blonde"", ""painting"", ""fish"", ""tulips""], [""2"", ""peter"", ""fred"", ""gray"", ""cooking"", ""dog"", ""carnations""], [""3"", ""arnold"", ""bella"", ""red"", ""photography"", ""cat"", ""daffodils""], [""4"", ""eric"", ""samantha"", ""black"", ""knitting"", ""hamster"", ""roses""], [""5"", ""bob"", ""timothy"", ""brown"", ""gardening"", ""bird"", ""lilies""]]}",25042
lgp-test-5x4-1,"{""header"": [""House"", ""Each person has a unique name"", ""The mothers' names in different houses are unique"", ""People have unique hair colors"", ""Each person has an occupation""], ""rows"": [[""1"", ""alice"", ""kailyn"", ""blonde"", ""artist""], [""2"", ""eric"", ""penny"", ""gray"", ""doctor""], [""3"", ""arnold"", ""aniya"", ""red"", ""engineer""], [""4"", ""bob"", ""holly"", ""black"", ""lawyer""], [""5"", ""peter"", ""janelle"", ""brown"", ""teacher""]]}",302
lgp-test-6x2-4,"{""header"": [""House"", ""Each person has a unique name"", ""People use unique phone models""], ""rows"": [[""1"", ""eric"", ""huawei p50""], [""2"", ""peter"", ""samsung galaxy s21""], [""3"", ""bob"", ""xiaomi mi 11""], [""4"", ""alice"", ""iphone 13""], [""5"", ""carol"", ""google pixel 6""], [""6"", ""arnold"", ""oneplus 9""]]}",143
lgp-test-4x4-2,,256
lgp-test-3x6-0,"{""header"": [""House"", ""Each person has a unique name"", ""Each person has a favorite color"", ""People use unique phone models"", ""They all have a unique favorite flower"", ""Each person has a unique favorite drink"", ""Each person has a unique level of education""], ""rows"": [[""1"", ""eric"", ""red"", ""google pixel 6"", ""lilies"", ""milk"", ""associate""], [""2"", ""arnold"", ""white"", ""iphone 13"", ""daffodils"", ""tea"", ""bachelor""], [""3"", ""peter"", ""yellow"", ""samsung galaxy s21"", ""carnations"", ""water"", ""high school""]]}",24
lgp-test-6x2-38,,1118
lgp-test-3x2-36,"{""header"": [""House"", ""Each person has a unique name"", ""Each person has an occupation""], ""rows"": [[""1"", ""eric"", ""teacher""], [""2"", ""peter"", ""engineer""], [""3"", ""arnold"", ""doctor""]]}",7
lgp-test-5x2-27,"{""header"": [""House"", ""Each person has a unique name"", ""People have unique heights""], ""rows"": [[""1"", ""eric"", ""very tall""], [""2"", ""peter"", ""short""], [""3"", ""bob"", ""very short""], [""4"", ""alice"", ""tall""], [""5"", ""arnold"", ""average""]]}",17
lgp-test-6x5-37,,71924
lgp-test-4x6-22,"{""header"": [""House"", ""Each person has a unique name"", ""Each person has a unique favorite drink"", ""They all have a unique favorite flower"", ""People have unique favorite sports"", ""Each person has an occupation"", ""Each mother is accompanied by their child""], ""rows"": [[""1"", ""arnold"", ""tea"", ""daffodils"", ""basketball"", ""teacher"", ""bella""], [""2"", ""alice"", ""milk"", ""roses"", ""tennis"", ""doctor"", ""samantha""], [""3"", ""peter"", ""water"", ""lilies"", ""soccer"", ""engineer"", ""fred""], [""4"", ""eric"", ""coffee"", ""carnations"", ""swimming"", ""artist"", ""meredith""]]}",29
lgp-test-3x3-32,"{""header"": [""House"", ""Each person has a unique name"", ""Each person has a unique hobby"", ""Each person has an occupation""], ""rows"": [[""1"", ""arnold"", ""photography"", ""engineer""], [""2"", ""eric"", ""gardening"", ""teacher""], [""3"", ""peter"", ""cooking"", ""doctor""]]}",11
lgp-test-3x2-1,"{""header"": [""House"", ""Each person has a unique name"", ""Each person has a unique hobby""], ""rows"": [[""1"", ""peter"", ""cooking""], [""2"", ""arnold"", ""photography""], [""3"", ""eric"", ""gardening""]]}",7
lgp-test-2x2-13,"{""header"": [""House"", ""Each person has a unique name"", ""Each person has a unique level of education""], ""rows"": [[""1"", ""eric"", ""associate""], [""2"", ""arnold"", ""high school""]]}",5
lgp-test-4x2-27,"{""header"": [""House"", ""Each person has a unique name"", ""Each person has a favorite color""], ""rows"": [[""1"", ""arnold"", ""red""], [""2"", ""eric"", ""yellow""], [""3"", ""alice"", ""white""], [""4"", ""peter"", ""green""]]}",13
lgp-test-3x2-39,"{""header"": [""House"", ""Each person has a unique name"", ""Everyone has a unique favorite cigar""], ""rows"": [[""1"", ""eric"", ""pall mall""], [""2"", ""arnold"", ""prince""], [""3"", ""peter"", ""blue master""]]}",7
lgp-test-2x4-4,"{""header"": [""House"", ""Each person has a unique name"", ""Each person lives in a unique style of house"", ""People have unique heights"", ""Each person has a unique level of education""], ""rows"": [[""1"", ""arnold"", ""victorian"", ""short"", ""associate""], [""2"", ""eric"", ""colonial"", ""very short"", ""high school""]]}",9
lgp-test-4x5-12,"{""header"": [""House"", ""Each person has a unique name"", ""Everyone has a favorite smoothie"", ""Each person lives in a unique style of house"", ""The people are of nationalities"", ""People use unique phone models""], ""rows"": [[""1"", ""alice"", ""desert"", ""victorian"", ""dane"", ""oneplus 9""], [""2"", ""arnold"", ""cherry"", ""craftsman"", ""swede"", ""samsung galaxy s21""], [""3"", ""eric"", ""dragonfruit"", ""ranch"", ""norwegian"", ""iphone 13""], [""4"", ""peter"", ""watermelon"", ""colonial"", ""brit"", ""google pixel 6""]]}",44
lgp-test-2x6-12,"{""header"": [""House"", ""Each person has a unique name"", ""Each person has a unique level of education"", ""Each mother is accompanied by their child"", ""Each person prefers a unique type of vacation"", ""Each person has an occupation"", ""Each person lives in a unique style of house""], ""rows"": [[""1"", ""eric"", ""associate"", ""bella"", ""beach"", ""doctor"", ""victorian""], [""2"", ""arnold"", ""high school"", ""fred"", ""mountain"", ""engineer"", ""colonial""]]}",13
lgp-test-3x4-9,"{""header"": [""House"", ""Each person has a unique name"", ""Each person has a unique birthday month"", ""The people are of nationalities"", ""Each person has a favorite color""], ""rows"": [[""1"", ""eric"", ""sept"", ""swede"", ""yellow""], [""2"", ""arnold"", ""april"", ""dane"", ""red""], [""3"", ""peter"", ""jan"", ""brit"", ""white""]]}",17
lgp-test-4x4-5,"{""header"": [""House"", ""Each person has a unique name"", ""Each person has a unique favorite drink"", ""The people keep unique animals"", ""Each person prefers a unique type of vacation""], ""rows"": [[""1"", ""peter"", ""milk"", ""cat"", ""city""], [""2"", ""arnold"", ""tea"", ""fish"", ""cruise""], [""3"", ""alice"", ""coffee"", ""horse"", ""beach""], [""4"", ""eric"", ""water"", ""bird"", ""mountain""]]}",44
lgp-test-3x5-9,"{""header"": [""House"", ""Each person has a unique name"", ""Each person prefers a unique type of vacation"", ""The people keep unique animals"", ""People have unique heights"", ""Each mother is accompanied by their child""], ""rows"": [[""1"", ""arnold"", ""mountain"", ""horse"", ""very short"", ""bella""], [""2"", ""peter"", ""beach"", ""bird"", ""short"", ""meredith""], [""3"", ""eric"", ""city"", ""cat"", ""average"", ""fred""]]}",18
lgp-test-5x4-3,"{""header"": [""House"", ""Each person has a unique name"", ""The mothers' names in different houses are unique"", ""People have unique favorite music genres"", ""Everyone has something unique for lunch""], ""rows"": [[""1"", ""arnold"", ""kailyn"", ""pop"", ""pizza""], [""2"", ""eric"", ""aniya"", ""hip hop"", ""grilled cheese""], [""3"", ""bob"", ""janelle"", ""classical"", ""stew""], [""4"", ""peter"", ""penny"", ""rock"", ""stir fry""], [""5"", ""alice"", ""holly"", ""jazz"", ""spaghetti""]]}",614
lgp-test-3x4-38,"{""header"": [""House"", ""Each person has a unique name"", ""Each person has a unique favorite drink"", ""Each person has a unique type of pet"", ""Each person has a unique hobby""], ""rows"": [[""1"", ""arnold"", ""milk"", ""dog"", ""gardening""], [""2"", ""peter"", ""water"", ""fish"", ""photography""], [""3"", ""eric"", ""tea"", ""cat"", ""cooking""]]}",21
lgp-test-4x3-14,"{""header"": [""House"", ""Each person has a unique name"", ""Each person has a unique hobby"", ""The people keep unique animals""], ""rows"": [[""1"", ""alice"", ""painting"", ""fish""], [""2"", ""eric"", ""gardening"", ""bird""], [""3"", ""peter"", ""cooking"", ""cat""], [""4"", ""arnold"", ""photography"", ""horse""]]}",21
lgp-test-3x3-9,"{""header"": [""House"", ""Each person has a unique name"", ""Everyone has something unique for lunch"", ""Each person has a favorite color""], ""rows"": [[""1"", ""arnold"", ""pizza"", ""white""], [""2"", ""peter"", ""grilled cheese"", ""red""], [""3"", ""eric"", ""spaghetti"", ""yellow""]]}",17
lgp-test-6x3-6,"{""header"": [""House"", ""Each person has a unique name"", ""The people are of nationalities"", ""Each person lives in a unique style of house""], ""rows"": [[""1"", ""arnold"", ""brit"", ""colonial""], [""2"", ""peter"", ""chinese"", ""modern""], [""3"", ""alice"", ""swede"", ""ranch""], [""4"", ""bob"", ""german"", ""craftsman""], [""5"", ""carol"", ""dane"", ""mediterranean""], [""6"", ""eric"", ""norwegian"", ""victorian""]]}",261
lgp-test-3x3-39,"{""header"": [""House"", ""Each person has a unique name"", ""Each person lives in a unique style of house"", ""They all have a unique favorite flower""], ""rows"": [[""1"", ""arnold"", ""ranch"", ""carnations""], [""2"", ""eric"", ""colonial"", ""lilies""], [""3"", ""peter"", ""victorian"", ""daffodils""]]}",14
lgp-test-4x3-15,"{""header"": [""House"", ""Each person has a unique name"", ""Each person lives in a unique style of house"", ""Each person has a favorite color""], ""rows"": [[""1"", ""alice"", ""craftsman"", ""white""], [""2"", ""peter"", ""colonial"", ""red""], [""3"", ""arnold"", ""ranch"", ""green""], [""4"", ""eric"", ""victorian"", ""yellow""]]}",18
lgp-test-6x4-21,"{""header"": [""House"", ""Each person has a unique name"", ""Each person lives in a unique style of house"", ""People own unique car models"", ""The mothers' names in different houses are unique""], ""rows"": [[""1"", ""alice"", ""ranch"", ""bmw 3 series"", ""kailyn""], [""2"", ""eric"", ""craftsman"", ""chevrolet silverado"", ""penny""], [""3"", ""arnold"", ""mediterranean"", ""ford f150"", ""aniya""], [""4"", ""carol"", ""victorian"", ""honda civic"", ""sarah""], [""5"", ""bob"", ""colonial"", ""tesla model 3"", ""janelle""], [""6"", ""peter"", ""modern"", ""toyota camry"", ""holly""]]}",242
lgp-test-5x6-1,"{""header"": [""House"", ""Each person has a unique name"", ""Each person has a unique favorite drink"", ""Everyone has a favorite smoothie"", ""Everyone has a unique favorite cigar"", ""Each person has a favorite color"", ""People have unique favorite music genres""], ""rows"": [[""1"", ""alice"", ""milk"", ""watermelon"", ""dunhill"", ""white"", ""rock""], [""2"", ""peter"", ""root beer"", ""desert"", ""pall mall"", ""red"", ""pop""], [""3"", ""bob"", ""water"", ""dragonfruit"", ""prince"", ""blue"", ""jazz""], [""4"", ""arnold"", ""coffee"", ""cherry"", ""blends"", ""green"", ""classical""], [""5"", ""eric"", ""tea"", ""lime"", ""blue master"", ""yellow"", ""hip hop""]]}",337
lgp-test-4x5-27,"{""header"": [""House"", ""Each person has a unique name"", ""People have unique heights"", ""Each person prefers a unique type of vacation"", ""Each person has a favorite color"", ""Each mother is accompanied by their child""], ""rows"": [[""1"", ""eric"", ""short"", ""city"", ""yellow"", ""meredith""], [""2"", ""peter"", ""tall"", ""mountain"", ""green"", ""samantha""], [""3"", ""alice"", ""very short"", ""beach"", ""white"", ""fred""], [""4"", ""arnold"", ""average"", ""cruise"", ""red"", ""bella""]]}",32
lgp-test-2x6-20,"{""header"": [""House"", ""Each person has a unique name"", ""The people keep unique animals"", ""Each person has a favorite color"", ""Everyone has a favorite smoothie"", ""People have unique favorite book genres"", ""Everyone has something unique for lunch""], ""rows"": [[""1"", ""eric"", ""horse"", ""red"", ""cherry"", ""science fiction"", ""pizza""], [""2"", ""arnold"", ""cat"", ""yellow"", ""desert"", ""mystery"", ""grilled cheese""]]}",13
lgp-test-4x5-37,"{""header"": [""House"", ""Each person has a unique name"", ""People have unique favorite sports"", ""Each person lives in a unique style of house"", ""Everyone has a favorite smoothie"", ""Each person has an occupation""], ""rows"": [[""1"", ""arnold"", ""tennis"", ""colonial"", ""desert"", ""doctor""], [""2"", ""peter"", ""swimming"", ""victorian"", ""cherry"", ""teacher""], [""3"", ""alice"", ""soccer"", ""ranch"", ""watermelon"", ""engineer""], [""4"", ""eric"", ""basketball"", ""craftsman"", ""dragonfruit"", ""artist""]]}",23
lgp-test-5x2-28,"{""header"": [""House"", ""Each person has a unique name"", ""People have unique heights""], ""rows"": [[""1"", ""bob"", ""very tall""], [""2"", ""peter"", ""short""], [""3"", ""eric"", ""average""], [""4"", ""arnold"", ""very short""], [""5"", ""alice"", ""tall""]]}",35
lgp-test-4x2-23,"{""header"": [""House"", ""Each person has a unique name"", ""Everyone has a unique favorite cigar""], ""rows"": [[""1"", ""arnold"", ""blue master""], [""2"", ""eric"", ""dunhill""], [""3"", ""alice"", ""prince""], [""4"", ""peter"", ""pall mall""]]}",13
lgp-test-6x3-3,"{""header"": [""House"", ""Each person has a unique name"", ""Each person prefers a unique type of vacation"", ""People have unique favorite sports""], ""rows"": [[""1"", ""carol"", ""cruise"", ""tennis""], [""2"", ""bob"", ""mountain"", ""swimming""], [""3"", ""arnold"", ""beach"", ""baseball""], [""4"", ""alice"", ""camping"", ""basketball""], [""5"", ""eric"", ""city"", ""volleyball""], [""6"", ""peter"", ""cultural"", ""soccer""]]}",172
lgp-test-2x2-10,"{""header"": [""House"", ""Each person has a unique name"", ""People own unique car models""], ""rows"": [[""1"", ""arnold"", ""ford f150""], [""2"", ""eric"", ""tesla model 3""]]}",6
lgp-test-2x6-39,"{""header"": [""House"", ""Each person has a unique name"", ""People have unique favorite book genres"", ""Each person prefers a unique type of vacation"", ""Everyone has a favorite smoothie"", ""Each mother is accompanied by their child"", ""People have unique favorite sports""], ""rows"": [[""1"", ""arnold"", ""mystery"", ""beach"", ""cherry"", ""fred"", ""soccer""], [""2"", ""eric"", ""science fiction"", ""mountain"", ""desert"", ""bella"", ""basketball""]]}",16
lgp-test-4x2-25,"{""header"": [""House"", ""Each person has a unique name"", ""Each person has a unique level of education""], ""rows"": [[""1"", ""arnold"", ""high school""], [""2"", ""alice"", ""associate""], [""3"", ""eric"", ""bachelor""], [""4"", ""peter"", ""master""]]}",12
lgp-test-4x5-14,"{""header"": [""House"", ""Each person has a unique name"", ""The mothers' names in different houses are unique"", ""Everyone has a favorite smoothie"", ""People have unique heights"", ""Each person has a unique level of education""], ""rows"": [[""1"", ""eric"", ""kailyn"", ""watermelon"", ""very short"", ""associate""], [""2"", ""peter"", ""aniya"", ""cherry"", ""average"", ""high school""], [""3"", ""alice"", ""janelle"", ""dragonfruit"", ""tall"", ""bachelor""], [""4"", ""arnold"", ""holly"", ""desert"", ""short"", ""master""]]}",197
lgp-test-2x2-31,"{""header"": [""House"", ""Each person has a unique name"", ""Each person prefers a unique type of vacation""], ""rows"": [[""1"", ""eric"", ""mountain""], [""2"", ""arnold"", ""beach""]]}",7
lgp-test-4x6-19,"{""header"": [""House"", ""Each person has a unique name"", ""They all have a unique favorite flower"", ""People have unique favorite sports"", ""People have unique hair colors"", ""Each person has a unique birthday month"", ""Each person prefers a unique type of vacation""], ""rows"": [[""1"", ""eric"", ""lilies"", ""basketball"", ""black"", ""april"", ""city""], [""2"", ""arnold"", ""daffodils"", ""swimming"", ""brown"", ""feb"", ""beach""], [""3"", ""alice"", ""carnations"", ""tennis"", ""blonde"", ""jan"", ""cruise""], [""4"", ""peter"", ""roses"", ""soccer"", ""red"", ""sept"", ""mountain""]]}",158
lgp-test-4x2-4,"{""header"": [""House"", ""Each person has a unique name"", ""People have unique favorite book genres""], ""rows"": [[""1"", ""peter"", ""romance""], [""2"", ""eric"", ""mystery""], [""3"", ""alice"", ""fantasy""], [""4"", ""arnold"", ""science fiction""]]}",28
lgp-test-3x3-37,"{""header"": [""House"", ""Each person has a unique name"", ""Each person has a unique hobby"", ""People have unique favorite book genres""], ""rows"": [[""1"", ""peter"", ""photography"", ""romance""], [""2"", ""arnold"", ""gardening"", ""science fiction""], [""3"", ""eric"", ""cooking"", ""mystery""]]}",12
lgp-test-4x3-4,"{""header"": [""House"", ""Each person has a unique name"", ""Each person prefers a unique type of vacation"", ""Each person has a favorite color""], ""rows"": [[""1"", ""eric"", ""beach"", ""yellow""], [""2"", ""alice"", ""cruise"", ""white""], [""3"", ""peter"", ""mountain"", ""green""], [""4"", ""arnold"", ""city"", ""red""]]}",40
lgp-test-5x6-11,"{""header"": [""House"", ""Each person has a unique name"", ""Each person has a unique hobby"", ""Each person has a unique birthday month"", ""People have unique favorite sports"", ""Each person has an occupation"", ""Each person has a unique level of education""], ""rows"": [[""1"", ""arnold"", ""knitting"", ""jan"", ""basketball"", ""lawyer"", ""master""], [""2"", ""peter"", ""gardening"", ""mar"", ""soccer"", ""artist"", ""associate""], [""3"", ""alice"", ""photography"", ""april"", ""baseball"", ""doctor"", ""high school""], [""4"", ""bob"", ""painting"", ""feb"", ""swimming"", ""teacher"", ""doctorate""], [""5"", ""eric"", ""cooking"", ""sept"", ""tennis"", ""engineer"", ""bachelor""]]}",1111
lgp-test-3x6-12,"{""header"": [""House"", ""Each person has a unique name"", ""Each mother is accompanied by their child"", ""Each person has a unique birthday month"", ""Everyone has a favorite smoothie"", ""Everyone has something unique for lunch"", ""The mothers' names in different houses are unique""], ""rows"": [[""1"", ""arnold"", ""bella"", ""april"", ""desert"", ""grilled cheese"", ""aniya""], [""2"", ""peter"", ""meredith"", ""jan"", ""cherry"", ""spaghetti"", ""janelle""], [""3"", ""eric"", ""fred"", ""sept"", ""watermelon"", ""pizza"", ""holly""]]}",43
lgp-test-5x5-2,"{""header"": [""House"", ""Each person has a unique name"", ""People have unique favorite book genres"", ""Each person has a unique birthday month"", ""Each person prefers a unique type of vacation"", ""The people keep unique animals""], ""rows"": [[""1"", ""arnold"", ""biography"", ""jan"", ""beach"", ""bird""], [""2"", ""peter"", ""science fiction"", ""sept"", ""cruise"", ""horse""], [""3"", ""bob"", ""romance"", ""feb"", ""city"", ""cat""], [""4"", ""eric"", ""fantasy"", ""mar"", ""mountain"", ""fish""], [""5"", ""alice"", ""mystery"", ""april"", ""camping"", ""dog""]]}",4491
lgp-test-4x2-0,"{""header"": [""House"", ""Each person has a unique name"", ""Each person has an occupation""], ""rows"": [[""1"", ""arnold"", ""engineer""], [""2"", ""eric"", ""artist""], [""3"", ""alice"", ""teacher""], [""4"", ""peter"", ""doctor""]]}",11
lgp-test-2x3-38,"{""header"": [""House"", ""Each person has a unique name"", ""People have unique hair colors"", ""Each person has a unique type of pet""], ""rows"": [[""1"", ""arnold"", ""brown"", ""cat""], [""2"", ""eric"", ""black"", ""dog""]]}",7
lgp-test-4x5-17,,5
lgp-test-4x6-15,"{""header"": [""House"", ""Each person has a unique name"", ""They all have a unique favorite flower"", ""People have unique favorite book genres"", ""Each person prefers a unique type of vacation"", ""People have unique hair colors"", ""Everyone has something unique for lunch""], ""rows"": [[""1"", ""alice"", ""carnations"", ""science fiction"", ""beach"", ""blonde"", ""stew""], [""2"", ""arnold"", ""lilies"", ""mystery"", ""cruise"", ""brown"", ""pizza""], [""3"", ""peter"", ""roses"", ""romance"", ""city"", ""black"", ""grilled cheese""], [""4"", ""eric"", ""daffodils"", ""fantasy"", ""mountain"", ""red"", ""spaghetti""]]}",37
lgp-test-4x5-28,"{""header"": [""House"", ""Each person has a unique name"", ""People own unique car models"", ""Each person has a unique birthday month"", ""Each person has an occupation"", ""Everyone has something unique for lunch""], ""rows"": [[""1"", ""peter"", ""toyota camry"", ""april"", ""engineer"", ""grilled cheese""], [""2"", ""arnold"", ""tesla model 3"", ""feb"", ""artist"", ""stew""], [""3"", ""eric"", ""honda civic"", ""sept"", ""teacher"", ""pizza""], [""4"", ""alice"", ""ford f150"", ""jan"", ""doctor"", ""spaghetti""]]}",110
lgp-test-5x4-30,"{""header"": [""House"", ""Each person has a unique name"", ""The mothers' names in different houses are unique"", ""Each mother is accompanied by their child"", ""People have unique favorite sports""], ""rows"": [[""1"", ""alice"", ""penny"", ""timothy"", ""swimming""], [""2"", ""arnold"", ""janelle"", ""meredith"", ""basketball""], [""3"", ""eric"", ""kailyn"", ""samantha"", ""baseball""], [""4"", ""peter"", ""holly"", ""fred"", ""tennis""], [""5"", ""bob"", ""aniya"", ""bella"", ""soccer""]]}",195
lgp-test-2x3-1,"{""header"": [""House"", ""Each person has a unique name"", ""People own unique car models"", ""The people keep unique animals""], ""rows"": [[""1"", ""eric"", ""ford f150"", ""horse""], [""2"", ""arnold"", ""tesla model 3"", ""cat""]]}",8
lgp-test-6x4-5,"{""header"": [""House"", ""Each person has a unique name"", ""People have unique favorite music genres"", ""People use unique phone models"", ""People have unique favorite book genres""], ""rows"": [[""1"", ""peter"", ""country"", ""huawei p50"", ""historical fiction""], [""2"", ""carol"", ""classical"", ""iphone 13"", ""romance""], [""3"", ""alice"", ""jazz"", ""xiaomi mi 11"", ""science fiction""], [""4"", ""eric"", ""hip hop"", ""samsung galaxy s21"", ""biography""], [""5"", ""arnold"", ""rock"", ""oneplus 9"", ""mystery""], [""6"", ""bob"", ""pop"", ""google pixel 6"", ""fantasy""]]}",329
lgp-test-5x2-32,"{""header"": [""House"", ""Each person has a unique name"", ""Each person has an occupation""], ""rows"": [[""1"", ""arnold"", ""lawyer""], [""2"", ""alice"", ""doctor""], [""3"", ""peter"", ""artist""], [""4"", ""bob"", ""engineer""], [""5"", ""eric"", ""teacher""]]}",22
lgp-test-6x3-18,"{""header"": [""House"", ""Each person has a unique name"", ""The mothers' names in different houses are unique"", ""Each person has a unique type of pet""], ""rows"": [[""1"", ""bob"", ""penny"", ""dog""], [""2"", ""peter"", ""sarah"", ""fish""], [""3"", ""arnold"", ""janelle"", ""cat""], [""4"", ""alice"", ""holly"", ""bird""], [""5"", ""carol"", ""aniya"", ""hamster""], [""6"", ""eric"", ""kailyn"", ""rabbit""]]}",120
lgp-test-2x5-19,"{""header"": [""House"", ""Each person has a unique name"", ""Each mother is accompanied by their child"", ""People own unique car models"", ""People use unique phone models"", ""People have unique favorite music genres""], ""rows"": [[""1"", ""eric"", ""bella"", ""tesla model 3"", ""iphone 13"", ""pop""], [""2"", ""arnold"", ""fred"", ""ford f150"", ""samsung galaxy s21"", ""rock""]]}",11
lgp-test-3x6-25,"{""header"": [""House"", ""Each person has a unique name"", ""Each person has a unique hobby"", ""Each person prefers a unique type of vacation"", ""Everyone has a unique favorite cigar"", ""The mothers' names in different houses are unique"", ""People have unique heights""], ""rows"": [[""1"", ""eric"", ""gardening"", ""mountain"", ""blue master"", ""holly"", ""very short""], [""2"", ""arnold"", ""cooking"", ""beach"", ""prince"", ""janelle"", ""average""], [""3"", ""peter"", ""photography"", ""city"", ""pall mall"", ""aniya"", ""short""]]}",91
lgp-test-4x3-16,"{""header"": [""House"", ""Each person has a unique name"", ""Each mother is accompanied by their child"", ""Each person lives in a unique style of house""], ""rows"": [[""1"", ""alice"", ""fred"", ""colonial""], [""2"", ""arnold"", ""bella"", ""victorian""], [""3"", ""eric"", ""meredith"", ""craftsman""], [""4"", ""peter"", ""samantha"", ""ranch""]]}",18
lgp-test-6x5-12,"{""header"": [""House"", ""Each person has a unique name"", ""Each person has a unique hobby"", ""Everyone has a favorite smoothie"", ""The people are of nationalities"", ""People have unique favorite music genres""], ""rows"": [[""1"", ""carol"", ""cooking"", ""watermelon"", ""chinese"", ""jazz""], [""2"", ""eric"", ""painting"", ""dragonfruit"", ""swede"", ""pop""], [""3"", ""peter"", ""gardening"", ""desert"", ""norwegian"", ""hip hop""], [""4"", ""alice"", ""knitting"", ""blueberry"", ""german"", ""country""], [""5"", ""bob"", ""photography"", ""lime"", ""brit"", ""rock""], [""6"", ""arnold"", ""woodworking"", ""cherry"", ""dane"", ""classical""]]}",162
lgp-test-6x2-13,"{""header"": [""House"", ""Each person has a unique name"", ""Each person lives in a unique style of house""], ""rows"": [[""1"", ""bob"", ""victorian""], [""2"", ""eric"", ""modern""], [""3"", ""arnold"", ""colonial""], [""4"", ""peter"", ""mediterranean""], [""5"", ""carol"", ""craftsman""], [""6"", ""alice"", ""ranch""]]}",117
lgp-test-2x5-20,"{""header"": [""House"", ""Each person has a unique name"", ""People have unique hair colors"", ""People have unique favorite sports"", ""Each person has an occupation"", ""Each person has a unique birthday month""], ""rows"": [[""1"", ""eric"", ""brown"", ""soccer"", ""doctor"", ""april""], [""2"", ""arnold"", ""black"", ""basketball"", ""engineer"", ""sept""]]}",11
lgp-test-5x2-24,"{""header"": [""House"", ""Each person has a unique name"", ""Everyone has a favorite smoothie""], ""rows"": [[""1"", ""peter"", ""cherry""], [""2"", ""eric"", ""lime""], [""3"", ""alice"", ""dragonfruit""], [""4"", ""arnold"", ""desert""], [""5"", ""bob"", ""watermelon""]]}",25
lgp-test-3x5-0,"{""header"": [""House"", ""Each person has a unique name"", ""People have unique favorite book genres"", ""Everyone has a favorite smoothie"", ""Each person has a unique birthday month"", ""People have unique heights""], ""rows"": [[""1"", ""eric"", ""science fiction"", ""watermelon"", ""april"", ""short""], [""2"", ""arnold"", ""mystery"", ""desert"", ""sept"", ""average""], [""3"", ""peter"", ""romance"", ""cherry"", ""jan"", ""very short""]]}",35
lgp-test-5x4-28,"{""header"": [""House"", ""Each person has a unique name"", ""Each person lives in a unique style of house"", ""Each person prefers a unique type of vacation"", ""Everyone has a favorite smoothie""], ""rows"": [[""1"", ""peter"", ""ranch"", ""city"", ""cherry""], [""2"", ""eric"", ""victorian"", ""beach"", ""watermelon""], [""3"", ""bob"", ""colonial"", ""cruise"", ""dragonfruit""], [""4"", ""arnold"", ""craftsman"", ""mountain"", ""desert""], [""5"", ""alice"", ""modern"", ""camping"", ""lime""]]}",479
lgp-test-4x3-17,"{""header"": [""House"", ""Each person has a unique name"", ""People have unique favorite music genres"", ""Each person has a unique level of education""], ""rows"": [[""1"", ""eric"", ""jazz"", ""associate""], [""2"", ""alice"", ""rock"", ""master""], [""3"", ""peter"", ""pop"", ""high school""], [""4"", ""arnold"", ""classical"", ""bachelor""]]}",29
lgp-test-6x3-33,"{""header"": [""House"", ""Each person has a unique name"", ""People have unique favorite music genres"", ""Each person has a unique birthday month""], ""rows"": [[""1"", ""peter"", ""pop"", ""may""], [""2"", ""bob"", ""classical"", ""mar""], [""3"", ""alice"", ""country"", ""april""], [""4"", ""arnold"", ""jazz"", ""feb""], [""5"", ""eric"", ""rock"", ""jan""], [""6"", ""carol"", ""hip hop"", ""sept""]]}",2422
lgp-test-3x5-6,"{""header"": [""House"", ""Each person has a unique name"", ""People have unique favorite sports"", ""Each person has an occupation"", ""People own unique car models"", ""Everyone has a unique favorite cigar""], ""rows"": [[""1"", ""peter"", ""basketball"", ""doctor"", ""toyota camry"", ""prince""], [""2"", ""arnold"", ""tennis"", ""engineer"", ""ford f150"", ""blue master""], [""3"", ""eric"", ""soccer"", ""teacher"", ""tesla model 3"", ""pall mall""]]}",16
lgp-test-2x5-6,"{""header"": [""House"", ""Each person has a unique name"", ""Everyone has something unique for lunch"", ""People have unique favorite book genres"", ""Everyone has a favorite smoothie"", ""They all have a unique favorite flower""], ""rows"": [[""1"", ""eric"", ""grilled cheese"", ""science fiction"", ""cherry"", ""carnations""], [""2"", ""arnold"", ""pizza"", ""mystery"", ""desert"", ""daffodils""]]}",11
lgp-test-2x5-12,"{""header"": [""House"", ""Each person has a unique name"", ""Each person prefers a unique type of vacation"", ""Each mother is accompanied by their child"", ""People have unique favorite sports"", ""Each person has an occupation""], ""rows"": [[""1"", ""arnold"", ""beach"", ""bella"", ""basketball"", ""doctor""], [""2"", ""eric"", ""mountain"", ""fred"", ""soccer"", ""engineer""]]}",18
lgp-test-6x2-17,"{""header"": [""House"", ""Each person has a unique name"", ""People own unique car models""], ""rows"": [[""1"", ""arnold"", ""ford f150""], [""2"", ""peter"", ""bmw 3 series""], [""3"", ""bob"", ""tesla model 3""], [""4"", ""alice"", ""chevrolet silverado""], [""5"", ""carol"", ""honda civic""], [""6"", ""eric"", ""toyota camry""]]}",286
lgp-test-3x6-37,"{""header"": [""House"", ""Each person has a unique name"", ""The people keep unique animals"", ""Everyone has a favorite smoothie"", ""The mothers' names in different houses are unique"", ""People have unique favorite music genres"", ""Each person has a favorite color""], ""rows"": [[""1"", ""arnold"", ""horse"", ""desert"", ""holly"", ""rock"", ""yellow""], [""2"", ""peter"", ""bird"", ""watermelon"", ""janelle"", ""classical"", ""red""], [""3"", ""eric"", ""cat"", ""cherry"", ""aniya"", ""pop"", ""white""]]}",27
lgp-test-6x4-35,"{""header"": [""House"", ""Each person has a unique name"", ""Each person lives in a unique style of house"", ""Each person has an occupation"", ""People have unique favorite sports""], ""rows"": [[""1"", ""alice"", ""victorian"", ""lawyer"", ""swimming""], [""2"", ""arnold"", ""craftsman"", ""engineer"", ""volleyball""], [""3"", ""peter"", ""ranch"", ""artist"", ""baseball""], [""4"", ""carol"", ""colonial"", ""doctor"", ""soccer""], [""5"", ""eric"", ""mediterranean"", ""nurse"", ""basketball""], [""6"", ""bob"", ""modern"", ""teacher"", ""tennis""]]}",39
lgp-test-6x6-33,"{""header"": [""House"", ""Each person has a unique name"", ""They all have a unique favorite flower"", ""The people are of nationalities"", ""Everyone has a favorite smoothie"", ""Each person has a unique hobby"", ""Each person has a unique type of pet""], ""rows"": [[""1"", ""peter"", ""carnations"", ""norwegian"", ""dragonfruit"", ""knitting"", ""dog""], [""2"", ""alice"", ""roses"", ""german"", ""blueberry"", ""painting"", ""bird""], [""3"", ""bob"", ""lilies"", ""dane"", ""watermelon"", ""photography"", ""rabbit""], [""4"", ""arnold"", ""iris"", ""brit"", ""lime"", ""woodworking"", ""fish""], [""5"", ""carol"", ""daffodils"", ""swede"", ""cherry"", ""cooking"", ""hamster""], [""6"", ""eric"", ""tulips"", ""chinese"", ""desert"", ""gardening"", ""cat""]]}",40360
lgp-test-4x2-15,"{""header"": [""House"", ""Each person has a unique name"", ""People have unique favorite book genres""], ""rows"": [[""1"", ""peter"", ""science fiction""], [""2"", ""eric"", ""fantasy""], [""3"", ""alice"", ""mystery""], [""4"", ""arnold"", ""romance""]]}",27
lgp-test-4x6-35,,93
lgp-test-3x3-18,"{""header"": [""House"", ""Each person has a unique name"", ""Each person has a unique hobby"", ""People have unique favorite music genres""], ""rows"": [[""1"", ""eric"", ""cooking"", ""pop""], [""2"", ""arnold"", ""photography"", ""rock""], [""3"", ""peter"", ""gardening"", ""classical""]]}",18
lgp-test-3x4-33,"{""header"": [""House"", ""Each person has a unique name"", ""Each person lives in a unique style of house"", ""The people are of nationalities"", ""Each person has a unique type of pet""], ""rows"": [[""1"", ""arnold"", ""ranch"", ""dane"", ""cat""], [""2"", ""eric"", ""colonial"", ""swede"", ""dog""], [""3"", ""peter"", ""victorian"", ""brit"", ""fish""]]}",23
lgp-test-4x2-9,"{""header"": [""House"", ""Each person has a unique name"", ""Each person has an occupation""], ""rows"": [[""1"", ""eric"", ""teacher""], [""2"", ""alice"", ""doctor""], [""3"", ""arnold"", ""engineer""], [""4"", ""peter"", ""artist""]]}",22
lgp-test-2x6-2,"{""header"": [""House"", ""Each person has a unique name"", ""Each person has a unique favorite drink"", ""Everyone has a favorite smoothie"", ""Each person has a favorite color"", ""Everyone has a unique favorite cigar"", ""People own unique car models""], ""rows"": [[""1"", ""eric"", ""water"", ""desert"", ""red"", ""prince"", ""ford f150""], [""2"", ""arnold"", ""tea"", ""cherry"", ""yellow"", ""pall mall"", ""tesla model 3""]]}",14
lgp-test-3x4-24,"{""header"": [""House"", ""Each person has a unique name"", ""The mothers' names in different houses are unique"", ""People have unique heights"", ""People have unique favorite sports""], ""rows"": [[""1"", ""peter"", ""janelle"", ""average"", ""tennis""], [""2"", ""arnold"", ""aniya"", ""very short"", ""basketball""], [""3"", ""eric"", ""holly"", ""short"", ""soccer""]]}",13
lgp-test-3x4-6,"{""header"": [""House"", ""Each person has a unique name"", ""People own unique car models"", ""People have unique hair colors"", ""Everyone has a favorite smoothie""], ""rows"": [[""1"", ""peter"", ""toyota camry"", ""brown"", ""watermelon""], [""2"", ""eric"", ""tesla model 3"", ""blonde"", ""cherry""], [""3"", ""arnold"", ""ford f150"", ""black"", ""desert""]]}",17
lgp-test-5x3-4,"{""header"": [""House"", ""Each person has a unique name"", ""They all have a unique favorite flower"", ""Each person has a favorite color""], ""rows"": [[""1"", ""bob"", ""lilies"", ""blue""], [""2"", ""arnold"", ""tulips"", ""white""], [""3"", ""peter"", ""daffodils"", ""yellow""], [""4"", ""eric"", ""carnations"", ""red""], [""5"", ""alice"", ""roses"", ""green""]]}",103
lgp-test-5x2-35,"{""header"": [""House"", ""Each person has a unique name"", ""People own unique car models""], ""rows"": [[""1"", ""eric"", ""tesla model 3""], [""2"", ""peter"", ""ford f150""], [""3"", ""arnold"", ""bmw 3 series""], [""4"", ""bob"", ""toyota camry""], [""5"", ""alice"", ""honda civic""]]}",14
lgp-test-3x5-33,"{""header"": [""House"", ""Each person has a unique name"", ""Each person has a unique favorite drink"", ""They all have a unique favorite flower"", ""Each person has an occupation"", ""Each person prefers a unique type of vacation""], ""rows"": [[""1"", ""arnold"", ""water"", ""daffodils"", ""teacher"", ""beach""], [""2"", ""peter"", ""milk"", ""lilies"", ""doctor"", ""mountain""], [""3"", ""eric"", ""tea"", ""carnations"", ""engineer"", ""city""]]}",25
lgp-test-2x3-28,"{""header"": [""House"", ""Each person has a unique name"", ""People have unique heights"", ""People have unique favorite book genres""], ""rows"": [[""1"", ""eric"", ""short"", ""mystery""], [""2"", ""arnold"", ""very short"", ""science fiction""]]}",7
lgp-test-5x3-38,"{""header"": [""House"", ""Each person has a unique name"", ""Each mother is accompanied by their child"", ""Each person has a unique hobby""], ""rows"": [[""1"", ""bob"", ""bella"", ""knitting""], [""2"", ""alice"", ""timothy"", ""photography""], [""3"", ""arnold"", ""meredith"", ""cooking""], [""4"", ""eric"", ""fred"", ""gardening""], [""5"", ""peter"", ""samantha"", ""painting""]]}",90
lgp-test-6x2-33,"{""header"": [""House"", ""Each person has a unique name"", ""They all have a unique favorite flower""], ""rows"": [[""1"", ""carol"", ""iris""], [""2"", ""eric"", ""carnations""], [""3"", ""arnold"", ""tulips""], [""4"", ""peter"", ""daffodils""], [""5"", ""bob"", ""lilies""], [""6"", ""alice"", ""roses""]]}",21
lgp-test-6x5-15,,835
lgp-test-5x3-39,"{""header"": [""House"", ""Each person has a unique name"", ""Each person has a unique type of pet"", ""Everyone has a unique favorite cigar""], ""rows"": [[""1"", ""alice"", ""dog"", ""blends""], [""2"", ""eric"", ""hamster"", ""dunhill""], [""3"", ""arnold"", ""cat"", ""pall mall""], [""4"", ""peter"", ""bird"", ""prince""], [""5"", ""bob"", ""fish"", ""blue master""]]}",101
lgp-test-5x4-39,"{""header"": [""House"", ""Each person has a unique name"", ""Each person has a unique hobby"", ""People have unique heights"", ""Everyone has something unique for lunch""], ""rows"": [[""1"", ""peter"", ""knitting"", ""short"", ""spaghetti""], [""2"", ""eric"", ""painting"", ""very tall"", ""stew""], [""3"", ""bob"", ""photography"", ""tall"", ""grilled cheese""], [""4"", ""alice"", ""cooking"", ""average"", ""stir fry""], [""5"", ""arnold"", ""gardening"", ""very short"", ""pizza""]]}",502
lgp-test-3x2-37,"{""header"": [""House"", ""Each person has a unique name"", ""Everyone has a unique favorite cigar""], ""rows"": [[""1"", ""arnold"", ""pall mall""], [""2"", ""peter"", ""prince""], [""3"", ""eric"", ""blue master""]]}",8
lgp-test-3x3-25,"{""header"": [""House"", ""Each person has a unique name"", ""Each person has a unique hobby"", ""The mothers' names in different houses are unique""], ""rows"": [[""1"", ""arnold"", ""cooking"", ""holly""], [""2"", ""peter"", ""gardening"", ""aniya""], [""3"", ""eric"", ""photography"", ""janelle""]]}",14
lgp-test-2x4-10,"{""header"": [""House"", ""Each person has a unique name"", ""Each person has a unique birthday month"", ""People own unique car models"", ""The people are of nationalities""], ""rows"": [[""1"", ""arnold"", ""sept"", ""tesla model 3"", ""dane""], [""2"", ""eric"", ""april"", ""ford f150"", ""brit""]]}",9
lgp-test-6x2-35,"{""header"": [""House"", ""Each person has a unique name"", ""Each person has a unique level of education""], ""rows"": [[""1"", ""eric"", ""high school""], [""2"", ""carol"", ""associate""], [""3"", ""peter"", ""doctorate""], [""4"", ""alice"", ""master""], [""5"", ""arnold"", ""trade school""], [""6"", ""bob"", ""bachelor""]]}",95
lgp-test-6x3-22,"{""header"": [""House"", ""Each person has a unique name"", ""The people keep unique animals"", ""Each person has an occupation""], ""rows"": [[""1"", ""arnold"", ""cat"", ""nurse""], [""2"", ""carol"", ""horse"", ""engineer""], [""3"", ""eric"", ""rabbit"", ""teacher""], [""4"", ""alice"", ""bird"", ""lawyer""], [""5"", ""peter"", ""dog"", ""artist""], [""6"", ""bob"", ""fish"", ""doctor""]]}",73
lgp-test-2x3-14,"{""header"": [""House"", ""Each person has a unique name"", ""Everyone has a unique favorite cigar"", ""People own unique car models""], ""rows"": [[""1"", ""eric"", ""pall mall"", ""ford f150""], [""2"", ""arnold"", ""prince"", ""tesla model 3""]]}",7
lgp-test-5x3-17,"{""header"": [""House"", ""Each person has a unique name"", ""Everyone has a unique favorite cigar"", ""People have unique favorite sports""], ""rows"": [[""1"", ""alice"", ""dunhill"", ""swimming""], [""2"", ""arnold"", ""pall mall"", ""baseball""], [""3"", ""peter"", ""prince"", ""basketball""], [""4"", ""bob"", ""blends"", ""soccer""], [""5"", ""eric"", ""blue master"", ""tennis""]]}",38
lgp-test-6x5-23,"{""header"": [""House"", ""Each person has a unique name"", ""Each person lives in a unique style of house"", ""Everyone has a favorite smoothie"", ""Each person has an occupation"", ""Each person has a unique birthday month""], ""rows"": [[""1"", ""arnold"", ""craftsman"", ""cherry"", ""engineer"", ""feb""], [""2"", ""bob"", ""mediterranean"", ""lime"", ""nurse"", ""jan""], [""3"", ""eric"", ""victorian"", ""desert"", ""lawyer"", ""sept""], [""4"", ""peter"", ""ranch"", ""dragonfruit"", ""teacher"", ""april""], [""5"", ""alice"", ""colonial"", ""watermelon"", ""doctor"", ""may""], [""6"", ""carol"", ""modern"", ""blueberry"", ""artist"", ""mar""]]}",203851
lgp-test-4x2-6,"{""header"": [""House"", ""Each person has a unique name"", ""Everyone has a unique favorite cigar""], ""rows"": [[""1"", ""alice"", ""dunhill""], [""2"", ""arnold"", ""pall mall""], [""3"", ""eric"", ""prince""], [""4"", ""peter"", ""blue master""]]}",26
lgp-test-3x6-20,"{""header"": [""House"", ""Each person has a unique name"", ""Everyone has a favorite smoothie"", ""People have unique hair colors"", ""People use unique phone models"", ""Each person lives in a unique style of house"", ""People have unique heights""], ""rows"": [[""1"", ""arnold"", ""cherry"", ""brown"", ""samsung galaxy s21"", ""victorian"", ""short""], [""2"", ""eric"", ""watermelon"", ""black"", ""iphone 13"", ""colonial"", ""very short""], [""3"", ""peter"", ""desert"", ""blonde"", ""google pixel 6"", ""ranch"", ""average""]]}",41
lgp-test-2x5-4,"{""header"": [""House"", ""Each person has a unique name"", ""Everyone has a unique favorite cigar"", ""The people are of nationalities"", ""Each person has a unique level of education"", ""People own unique car models""], ""rows"": [[""1"", ""arnold"", ""prince"", ""dane"", ""associate"", ""ford f150""], [""2"", ""eric"", ""pall mall"", ""brit"", ""high school"", ""tesla model 3""]]}",11
lgp-test-4x4-11,"{""header"": [""House"", ""Each person has a unique name"", ""Each mother is accompanied by their child"", ""The people keep unique animals"", ""Each person has a unique level of education""], ""rows"": [[""1"", ""peter"", ""fred"", ""bird"", ""bachelor""], [""2"", ""alice"", ""bella"", ""cat"", ""high school""], [""3"", ""arnold"", ""samantha"", ""horse"", ""master""], [""4"", ""eric"", ""meredith"", ""fish"", ""associate""]]}",31
lgp-test-6x2-2,"{""header"": [""House"", ""Each person has a unique name"", ""The mothers' names in different houses are unique""], ""rows"": [[""1"", ""alice"", ""aniya""], [""2"", ""eric"", ""holly""], [""3"", ""arnold"", ""sarah""], [""4"", ""peter"", ""penny""], [""5"", ""bob"", ""janelle""], [""6"", ""carol"", ""kailyn""]]}",802
lgp-test-6x4-20,"{""header"": [""House"", ""Each person has a unique name"", ""Each person has a unique birthday month"", ""Each person prefers a unique type of vacation"", ""People have unique hair colors""], ""rows"": [[""1"", ""peter"", ""may"", ""beach"", ""brown""], [""2"", ""arnold"", ""jan"", ""cultural"", ""blonde""], [""3"", ""bob"", ""april"", ""city"", ""gray""], [""4"", ""eric"", ""feb"", ""mountain"", ""auburn""], [""5"", ""alice"", ""sept"", ""cruise"", ""black""], [""6"", ""carol"", ""mar"", ""camping"", ""red""]]}",3831
lgp-test-4x2-30,"{""header"": [""House"", ""Each person has a unique name"", ""Everyone has something unique for lunch""], ""rows"": [[""1"", ""alice"", ""stew""], [""2"", ""eric"", ""spaghetti""], [""3"", ""arnold"", ""grilled cheese""], [""4"", ""peter"", ""pizza""]]}",42
lgp-test-6x5-25,"{""header"": [""House"", ""Each person has a unique name"", ""They all have a unique favorite flower"", ""People have unique favorite sports"", ""Everyone has a favorite smoothie"", ""Each person has an occupation""], ""rows"": [[""1"", ""bob"", ""lilies"", ""tennis"", ""lime"", ""doctor""], [""2"", ""carol"", ""roses"", ""baseball"", ""cherry"", ""engineer""], [""3"", ""alice"", ""daffodils"", ""swimming"", ""blueberry"", ""artist""], [""4"", ""eric"", ""iris"", ""volleyball"", ""dragonfruit"", ""lawyer""], [""5"", ""arnold"", ""carnations"", ""basketball"", ""watermelon"", ""teacher""], [""6"", ""peter"", ""tulips"", ""soccer"", ""desert"", ""nurse""]]}",442
lgp-test-5x4-23,"{""header"": [""House"", ""Each person has a unique name"", ""People have unique favorite sports"", ""Each person has a unique level of education"", ""They all have a unique favorite flower""], ""rows"": [[""1"", ""alice"", ""baseball"", ""bachelor"", ""lilies""], [""2"", ""bob"", ""basketball"", ""associate"", ""tulips""], [""3"", ""peter"", ""soccer"", ""high school"", ""roses""], [""4"", ""arnold"", ""swimming"", ""doctorate"", ""carnations""], [""5"", ""eric"", ""tennis"", ""master"", ""daffodils""]]}",2548
lgp-test-3x4-14,"{""header"": [""House"", ""Each person has a unique name"", ""The mothers' names in different houses are unique"", ""People have unique favorite book genres"", ""Each person has a unique type of pet""], ""rows"": [[""1"", ""eric"", ""aniya"", ""mystery"", ""dog""], [""2"", ""arnold"", ""janelle"", ""romance"", ""fish""], [""3"", ""peter"", ""holly"", ""science fiction"", ""cat""]]}",51
lgp-test-6x3-38,"{""header"": [""House"", ""Each person has a unique name"", ""People have unique hair colors"", ""The people keep unique animals""], ""rows"": [[""1"", ""eric"", ""gray"", ""horse""], [""2"", ""arnold"", ""brown"", ""dog""], [""3"", ""peter"", ""red"", ""rabbit""], [""4"", ""alice"", ""blonde"", ""cat""], [""5"", ""carol"", ""auburn"", ""fish""], [""6"", ""bob"", ""black"", ""bird""]]}",2100
lgp-test-3x2-12,"{""header"": [""House"", ""Each person has a unique name"", ""Each person has a favorite color""], ""rows"": [[""1"", ""arnold"", ""red""], [""2"", ""eric"", ""yellow""], [""3"", ""peter"", ""white""]]}",13
lgp-test-6x4-38,"{""header"": [""House"", ""Each person has a unique name"", ""Each person has a unique hobby"", ""People own unique car models"", ""Each person lives in a unique style of house""], ""rows"": [[""1"", ""eric"", ""photography"", ""tesla model 3"", ""craftsman""], [""2"", ""peter"", ""cooking"", ""ford f150"", ""mediterranean""], [""3"", ""carol"", ""gardening"", ""bmw 3 series"", ""victorian""], [""4"", ""bob"", ""knitting"", ""toyota camry"", ""modern""], [""5"", ""alice"", ""painting"", ""chevrolet silverado"", ""ranch""], [""6"", ""arnold"", ""woodworking"", ""honda civic"", ""colonial""]]}",971
lgp-test-2x2-37,"{""header"": [""House"", ""Each person has a unique name"", ""Each person prefers a unique type of vacation""], ""rows"": [[""1"", ""eric"", ""mountain""], [""2"", ""arnold"", ""beach""]]}",5
lgp-test-6x3-20,"{""header"": [""House"", ""Each person has a unique name"", ""People use unique phone models"", ""People have unique favorite book genres""], ""rows"": [[""1"", ""bob"", ""iphone 13"", ""biography""], [""2"", ""alice"", ""oneplus 9"", ""romance""], [""3"", ""arnold"", ""samsung galaxy s21"", ""science fiction""], [""4"", ""eric"", ""huawei p50"", ""mystery""], [""5"", ""carol"", ""google pixel 6"", ""fantasy""], [""6"", ""peter"", ""xiaomi mi 11"", ""historical fiction""]]}",164
lgp-test-6x4-18,"{""header"": [""House"", ""Each person has a unique name"", ""The people are of nationalities"", ""People own unique car models"", ""Each person has a unique favorite drink""], ""rows"": [[""1"", ""peter"", ""swede"", ""chevrolet silverado"", ""coffee""], [""2"", ""arnold"", ""german"", ""bmw 3 series"", ""tea""], [""3"", ""carol"", ""dane"", ""toyota camry"", ""root beer""], [""4"", ""alice"", ""norwegian"", ""honda civic"", ""water""], [""5"", ""bob"", ""brit"", ""ford f150"", ""boba tea""], [""6"", ""eric"", ""chinese"", ""tesla model 3"", ""milk""]]}",6609
lgp-test-2x5-5,"{""header"": [""House"", ""Each person has a unique name"", ""The mothers' names in different houses are unique"", ""The people keep unique animals"", ""Each person has a unique birthday month"", ""They all have a unique favorite flower""], ""rows"": [[""1"", ""arnold"", ""aniya"", ""cat"", ""sept"", ""carnations""], [""2"", ""eric"", ""holly"", ""horse"", ""april"", ""daffodils""]]}",11
lgp-test-2x2-23,"{""header"": [""House"", ""Each person has a unique name"", ""Each person has a unique birthday month""], ""rows"": [[""1"", ""eric"", ""april""], [""2"", ""arnold"", ""sept""]]}",5
lgp-test-6x2-39,"{""header"": [""House"", ""Each person has a unique name"", ""Everyone has a favorite smoothie""], ""rows"": [[""1"", ""alice"", ""watermelon""], [""2"", ""eric"", ""blueberry""], [""3"", ""arnold"", ""lime""], [""4"", ""bob"", ""dragonfruit""], [""5"", ""peter"", ""cherry""], [""6"", ""carol"", ""desert""]]}",91
lgp-test-6x6-16,"{""header"": [""House"", ""Each person has a unique name"", ""Each person prefers a unique type of vacation"", ""Everyone has a favorite smoothie"", ""People have unique favorite sports"", ""Everyone has a unique favorite cigar"", ""People have unique heights""], ""rows"": [[""1"", ""peter"", ""cruise"", ""dragonfruit"", ""volleyball"", ""prince"", ""short""], [""2"", ""eric"", ""mountain"", ""lime"", ""basketball"", ""blends"", ""average""], [""3"", ""alice"", ""beach"", ""desert"", ""tennis"", ""pall mall"", ""super tall""], [""4"", ""arnold"", ""cultural"", ""blueberry"", ""baseball"", ""yellow monster"", ""tall""], [""5"", ""carol"", ""city"", ""cherry"", ""swimming"", ""dunhill"", ""very tall""], [""6"", ""bob"", ""camping"", ""watermelon"", ""soccer"", ""blue master"", ""very short""]]}",13401
lgp-test-2x4-21,"{""header"": [""House"", ""Each person has a unique name"", ""People own unique car models"", ""The mothers' names in different houses are unique"", ""Everyone has a favorite smoothie""], ""rows"": [[""1"", ""eric"", ""ford f150"", ""aniya"", ""desert""], [""2"", ""arnold"", ""tesla model 3"", ""holly"", ""cherry""]]}",10
lgp-test-2x4-35,"{""header"": [""House"", ""Each person has a unique name"", ""Each person lives in a unique style of house"", ""People have unique favorite music genres"", ""Each person has a unique birthday month""], ""rows"": [[""1"", ""arnold"", ""colonial"", ""pop"", ""sept""], [""2"", ""eric"", ""victorian"", ""rock"", ""april""]]}",9
lgp-test-4x2-35,"{""header"": [""House"", ""Each person has a unique name"", ""The people are of nationalities""], ""rows"": [[""1"", ""peter"", ""swede""], [""2"", ""eric"", ""norwegian""], [""3"", ""alice"", ""brit""], [""4"", ""arnold"", ""dane""]]}",9
lgp-test-6x5-30,"{""header"": [""House"", ""Each person has a unique name"", ""Each person prefers a unique type of vacation"", ""Everyone has something unique for lunch"", ""Each person has a unique favorite drink"", ""People have unique heights""], ""rows"": [[""1"", ""bob"", ""beach"", ""soup"", ""milk"", ""average""], [""2"", ""arnold"", ""cruise"", ""grilled cheese"", ""water"", ""very short""], [""3"", ""peter"", ""cultural"", ""spaghetti"", ""tea"", ""very tall""], [""4"", ""alice"", ""mountain"", ""stir fry"", ""boba tea"", ""super tall""], [""5"", ""carol"", ""city"", ""pizza"", ""coffee"", ""tall""], [""6"", ""eric"", ""camping"", ""stew"", ""root beer"", ""short""]]}",176
lgp-test-2x5-0,"{""header"": [""House"", ""Each person has a unique name"", ""People have unique favorite book genres"", ""Each person has a unique birthday month"", ""Each person has a favorite color"", ""People have unique heights""], ""rows"": [[""1"", ""eric"", ""mystery"", ""april"", ""yellow"", ""very short""], [""2"", ""arnold"", ""science fiction"", ""sept"", ""red"", ""short""]]}",11
lgp-test-3x6-24,"{""header"": [""House"", ""Each person has a unique name"", ""Each person lives in a unique style of house"", ""They all have a unique favorite flower"", ""People have unique favorite book genres"", ""People own unique car models"", ""Each person has a unique level of education""], ""rows"": [[""1"", ""peter"", ""victorian"", ""lilies"", ""mystery"", ""tesla model 3"", ""high school""], [""2"", ""eric"", ""colonial"", ""daffodils"", ""science fiction"", ""toyota camry"", ""bachelor""], [""3"", ""arnold"", ""ranch"", ""carnations"", ""romance"", ""ford f150"", ""associate""]]}",40
lgp-test-2x3-7,"{""header"": [""House"", ""Each person has a unique name"", ""The people are of nationalities"", ""Each person prefers a unique type of vacation""], ""rows"": [[""1"", ""eric"", ""brit"", ""beach""], [""2"", ""arnold"", ""dane"", ""mountain""]]}",8
lgp-test-2x6-11,,0
lgp-test-3x4-37,"{""header"": [""House"", ""Each person has a unique name"", ""The people are of nationalities"", ""People have unique hair colors"", ""Each person has a unique hobby""], ""rows"": [[""1"", ""arnold"", ""swede"", ""blonde"", ""cooking""], [""2"", ""eric"", ""brit"", ""brown"", ""photography""], [""3"", ""peter"", ""dane"", ""black"", ""gardening""]]}",30
lgp-test-3x5-4,"{""header"": [""House"", ""Each person has a unique name"", ""The people keep unique animals"", ""Everyone has something unique for lunch"", ""Each person has a unique favorite drink"", ""Each person has an occupation""], ""rows"": [[""1"", ""eric"", ""bird"", ""grilled cheese"", ""water"", ""doctor""], [""2"", ""arnold"", ""cat"", ""pizza"", ""tea"", ""teacher""], [""3"", ""peter"", ""horse"", ""spaghetti"", ""milk"", ""engineer""]]}",16
lgp-test-6x4-0,"{""header"": [""House"", ""Each person has a unique name"", ""People have unique favorite sports"", ""People have unique heights"", ""People own unique car models""], ""rows"": [[""1"", ""alice"", ""volleyball"", ""tall"", ""honda civic""], [""2"", ""bob"", ""tennis"", ""super tall"", ""tesla model 3""], [""3"", ""arnold"", ""swimming"", ""very short"", ""ford f150""], [""4"", ""eric"", ""basketball"", ""average"", ""bmw 3 series""], [""5"", ""carol"", ""baseball"", ""short"", ""chevrolet silverado""], [""6"", ""peter"", ""soccer"", ""very tall"", ""toyota camry""]]}",31804
lgp-test-3x3-23,"{""header"": [""House"", ""Each person has a unique name"", ""Each person has an occupation"", ""Each person has a unique hobby""], ""rows"": [[""1"", ""peter"", ""engineer"", ""gardening""], [""2"", ""arnold"", ""doctor"", ""cooking""], [""3"", ""eric"", ""teacher"", ""photography""]]}",13
lgp-test-2x5-25,"{""header"": [""House"", ""Each person has a unique name"", ""Each person has a unique birthday month"", ""Each person has a unique favorite drink"", ""Each person has a unique type of pet"", ""People have unique hair colors""], ""rows"": [[""1"", ""arnold"", ""april"", ""water"", ""cat"", ""brown""], [""2"", ""eric"", ""sept"", ""tea"", ""dog"", ""black""]]}",11
lgp-test-2x3-3,"{""header"": [""House"", ""Each person has a unique name"", ""Everyone has something unique for lunch"", ""The mothers' names in different houses are unique""], ""rows"": [[""1"", ""arnold"", ""grilled cheese"", ""holly""], [""2"", ""eric"", ""pizza"", ""aniya""]]}",7
lgp-test-4x4-24,"{""header"": [""House"", ""Each person has a unique name"", ""Each person has an occupation"", ""Each mother is accompanied by their child"", ""Everyone has something unique for lunch""], ""rows"": [[""1"", ""eric"", ""artist"", ""bella"", ""pizza""], [""2"", ""arnold"", ""engineer"", ""meredith"", ""stew""], [""3"", ""alice"", ""doctor"", ""samantha"", ""spaghetti""], [""4"", ""peter"", ""teacher"", ""fred"", ""grilled cheese""]]}",33
lgp-test-2x4-6,,8
lgp-test-3x6-16,"{""header"": [""House"", ""Each person has a unique name"", ""Each person has a unique favorite drink"", ""The people are of nationalities"", ""Each person has a unique level of education"", ""Each person lives in a unique style of house"", ""Everyone has a favorite smoothie""], ""rows"": [[""1"", ""eric"", ""milk"", ""dane"", ""high school"", ""ranch"", ""watermelon""], [""2"", ""peter"", ""water"", ""swede"", ""bachelor"", ""victorian"", ""desert""], [""3"", ""arnold"", ""tea"", ""brit"", ""associate"", ""colonial"", ""cherry""]]}",26
lgp-test-4x5-10,"{""header"": [""House"", ""Each person has a unique name"", ""Each person has a unique type of pet"", ""Each person lives in a unique style of house"", ""The mothers' names in different houses are unique"", ""Each mother is accompanied by their child""], ""rows"": [[""1"", ""arnold"", ""dog"", ""craftsman"", ""holly"", ""samantha""], [""2"", ""peter"", ""bird"", ""ranch"", ""kailyn"", ""fred""], [""3"", ""eric"", ""fish"", ""victorian"", ""janelle"", ""bella""], [""4"", ""alice"", ""cat"", ""colonial"", ""aniya"", ""meredith""]]}",105
lgp-test-6x6-24,"{""header"": [""House"", ""Each person has a unique name"", ""People have unique favorite music genres"", ""Everyone has something unique for lunch"", ""Each person lives in a unique style of house"", ""Each person has a unique birthday month"", ""People have unique hair colors""], ""rows"": [[""1"", ""peter"", ""pop"", ""spaghetti"", ""mediterranean"", ""may"", ""blonde""], [""2"", ""eric"", ""country"", ""stew"", ""craftsman"", ""jan"", ""gray""], [""3"", ""alice"", ""jazz"", ""soup"", ""ranch"", ""sept"", ""black""], [""4"", ""bob"", ""rock"", ""pizza"", ""modern"", ""april"", ""brown""], [""5"", ""arnold"", ""classical"", ""grilled cheese"", ""colonial"", ""mar"", ""red""], [""6"", ""carol"", ""hip hop"", ""stir fry"", ""victorian"", ""feb"", ""auburn""]]}",9751
lgp-test-6x3-11,"{""header"": [""House"", ""Each person has a unique name"", ""People have unique hair colors"", ""People have unique heights""], ""rows"": [[""1"", ""carol"", ""blonde"", ""very tall""], [""2"", ""bob"", ""brown"", ""average""], [""3"", ""arnold"", ""gray"", ""short""], [""4"", ""alice"", ""auburn"", ""super tall""], [""5"", ""eric"", ""red"", ""very short""], [""6"", ""peter"", ""black"", ""tall""]]}",730
lgp-test-3x5-25,"{""header"": [""House"", ""Each person has a unique name"", ""The mothers' names in different houses are unique"", ""Each mother is accompanied by their child"", ""The people keep unique animals"", ""Each person has a unique favorite drink""], ""rows"": [[""1"", ""eric"", ""holly"", ""bella"", ""bird"", ""water""], [""2"", ""peter"", ""janelle"", ""fred"", ""cat"", ""tea""], [""3"", ""arnold"", ""aniya"", ""meredith"", ""horse"", ""milk""]]}",22
lgp-test-4x2-3,"{""header"": [""House"", ""Each person has a unique name"", ""Each person has a unique type of pet""], ""rows"": [[""1"", ""eric"", ""bird""], [""2"", ""arnold"", ""dog""], [""3"", ""alice"", ""cat""], [""4"", ""peter"", ""fish""]]}",10
lgp-test-3x2-26,"{""header"": [""House"", ""Each person has a unique name"", ""People have unique hair colors""], ""rows"": [[""1"", ""peter"", ""brown""], [""2"", ""arnold"", ""black""], [""3"", ""eric"", ""blonde""]]}",14
lgp-test-6x6-27,"{""header"": [""House"", ""Each person has a unique name"", ""Everyone has a favorite smoothie"", ""The people keep unique animals"", ""The mothers' names in different houses are unique"", ""They all have a unique favorite flower"", ""Each person has an occupation""], ""rows"": [[""1"", ""bob"", ""desert"", ""dog"", ""janelle"", ""tulips"", ""lawyer""], [""2"", ""carol"", ""blueberry"", ""horse"", ""aniya"", ""lilies"", ""teacher""], [""3"", ""arnold"", ""watermelon"", ""rabbit"", ""penny"", ""carnations"", ""nurse""], [""4"", ""peter"", ""lime"", ""bird"", ""kailyn"", ""iris"", ""doctor""], [""5"", ""alice"", ""cherry"", ""fish"", ""holly"", ""daffodils"", ""engineer""], [""6"", ""eric"", ""dragonfruit"", ""cat"", ""sarah"", ""roses"", ""artist""]]}",1646016
lgp-test-2x6-4,"{""header"": [""House"", ""Each person has a unique name"", ""Each person has a unique favorite drink"", ""Each person has a favorite color"", ""The mothers' names in different houses are unique"", ""People have unique favorite music genres"", ""Everyone has a unique favorite cigar""], ""rows"": [[""1"", ""arnold"", ""tea"", ""red"", ""holly"", ""pop"", ""pall mall""], [""2"", ""eric"", ""water"", ""yellow"", ""aniya"", ""rock"", ""prince""]]}",14
lgp-test-3x5-15,,24
lgp-test-5x2-0,"{""header"": [""House"", ""Each person has a unique name"", ""Each person has a unique type of pet""], ""rows"": [[""1"", ""bob"", ""fish""], [""2"", ""eric"", ""hamster""], [""3"", ""peter"", ""dog""], [""4"", ""arnold"", ""cat""], [""5"", ""alice"", ""bird""]]}",13
lgp-test-6x4-36,"{""header"": [""House"", ""Each person has a unique name"", ""Each person has a unique hobby"", ""Each person has a unique level of education"", ""People have unique favorite sports""], ""rows"": [[""1"", ""alice"", ""cooking"", ""doctorate"", ""tennis""], [""2"", ""bob"", ""photography"", ""associate"", ""soccer""], [""3"", ""peter"", ""woodworking"", ""high school"", ""swimming""], [""4"", ""carol"", ""gardening"", ""bachelor"", ""baseball""], [""5"", ""arnold"", ""painting"", ""master"", ""volleyball""], [""6"", ""eric"", ""knitting"", ""trade school"", ""basketball""]]}",22096
lgp-test-4x3-32,"{""header"": [""House"", ""Each person has a unique name"", ""They all have a unique favorite flower"", ""Each person has a unique type of pet""], ""rows"": [[""1"", ""peter"", ""daffodils"", ""bird""], [""2"", ""alice"", ""roses"", ""dog""], [""3"", ""arnold"", ""carnations"", ""fish""], [""4"", ""eric"", ""lilies"", ""cat""]]}",61
lgp-test-4x3-7,"{""header"": [""House"", ""Each person has a unique name"", ""Each person lives in a unique style of house"", ""People have unique hair colors""], ""rows"": [[""1"", ""alice"", ""craftsman"", ""black""], [""2"", ""peter"", ""victorian"", ""red""], [""3"", ""eric"", ""ranch"", ""brown""], [""4"", ""arnold"", ""colonial"", ""blonde""]]}",19
lgp-test-2x4-27,"{""header"": [""House"", ""Each person has a unique name"", ""Each person has a favorite color"", ""They all have a unique favorite flower"", ""Everyone has something unique for lunch""], ""rows"": [[""1"", ""arnold"", ""yellow"", ""carnations"", ""grilled cheese""], [""2"", ""eric"", ""red"", ""daffodils"", ""pizza""]]}",9
lgp-test-6x3-16,"{""header"": [""House"", ""Each person has a unique name"", ""They all have a unique favorite flower"", ""Each person has a unique type of pet""], ""rows"": [[""1"", ""carol"", ""iris"", ""hamster""], [""2"", ""bob"", ""daffodils"", ""fish""], [""3"", ""alice"", ""lilies"", ""cat""], [""4"", ""peter"", ""carnations"", ""dog""], [""5"", ""eric"", ""tulips"", ""bird""], [""6"", ""arnold"", ""roses"", ""rabbit""]]}",992
lgp-test-2x5-35,"{""header"": [""House"", ""Each person has a unique name"", ""People have unique favorite book genres"", ""Each person has a favorite color"", ""People have unique favorite sports"", ""Each person prefers a unique type of vacation""], ""rows"": [[""1"", ""arnold"", ""science fiction"", ""red"", ""basketball"", ""mountain""], [""2"", ""eric"", ""mystery"", ""yellow"", ""soccer"", ""beach""]]}",11
lgp-test-4x3-18,"{""header"": [""House"", ""Each person has a unique name"", ""People have unique favorite book genres"", ""Each person has an occupation""], ""rows"": [[""1"", ""alice"", ""mystery"", ""engineer""], [""2"", ""arnold"", ""fantasy"", ""teacher""], [""3"", ""eric"", ""romance"", ""artist""], [""4"", ""peter"", ""science fiction"", ""doctor""]]}",152
lgp-test-3x4-0,"{""header"": [""House"", ""Each person has a unique name"", ""The people are of nationalities"", ""The people keep unique animals"", ""People have unique favorite book genres""], ""rows"": [[""1"", ""peter"", ""swede"", ""bird"", ""romance""], [""2"", ""arnold"", ""brit"", ""cat"", ""science fiction""], [""3"", ""eric"", ""dane"", ""horse"", ""mystery""]]}",32
lgp-test-3x2-7,"{""header"": [""House"", ""Each person has a unique name"", ""Each person has a unique hobby""], ""rows"": [[""1"", ""peter"", ""gardening""], [""2"", ""arnold"", ""cooking""], [""3"", ""eric"", ""photography""]]}",17
lgp-test-2x5-34,"{""header"": [""House"", ""Each person has a unique name"", ""Everyone has a favorite smoothie"", ""People have unique favorite sports"", ""Each person has a unique favorite drink"", ""Each person lives in a unique style of house""], ""rows"": [[""1"", ""eric"", ""cherry"", ""basketball"", ""tea"", ""colonial""], [""2"", ""arnold"", ""desert"", ""soccer"", ""water"", ""victorian""]]}",11
lgp-test-4x6-27,"{""header"": [""House"", ""Each person has a unique name"", ""People own unique car models"", ""Each person has a unique birthday month"", ""Everyone has something unique for lunch"", ""People have unique heights"", ""The mothers' names in different houses are unique""], ""rows"": [[""1"", ""eric"", ""tesla model 3"", ""feb"", ""stew"", ""very short"", ""kailyn""], [""2"", ""arnold"", ""honda civic"", ""sept"", ""spaghetti"", ""short"", ""janelle""], [""3"", ""peter"", ""toyota camry"", ""april"", ""grilled cheese"", ""average"", ""aniya""], [""4"", ""alice"", ""ford f150"", ""jan"", ""pizza"", ""tall"", ""holly""]]}",900
lgp-test-5x5-37,,139
lgp-test-6x6-25,,91856
lgp-test-3x6-23,"{""header"": [""House"", ""Each person has a unique name"", ""Each person has a unique level of education"", ""People have unique heights"", ""Each person has a unique hobby"", ""People have unique favorite book genres"", ""Everyone has a favorite smoothie""], ""rows"": [[""1"", ""arnold"", ""associate"", ""average"", ""photography"", ""romance"", ""cherry""], [""2"", ""eric"", ""high school"", ""short"", ""gardening"", ""mystery"", ""desert""], [""3"", ""peter"", ""bachelor"", ""very short"", ""cooking"", ""science fiction"", ""watermelon""]]}",25
lgp-test-6x2-1,"{""header"": [""House"", ""Each person has a unique name"", ""Everyone has a favorite smoothie""], ""rows"": [[""1"", ""bob"", ""desert""], [""2"", ""peter"", ""watermelon""], [""3"", ""arnold"", ""blueberry""], [""4"", ""alice"", ""cherry""], [""5"", ""carol"", ""lime""], [""6"", ""eric"", ""dragonfruit""]]}",166
lgp-test-5x3-8,"{""header"": [""House"", ""Each person has a unique name"", ""People have unique hair colors"", ""Each person has an occupation""], ""rows"": [[""1"", ""eric"", ""gray"", ""artist""], [""2"", ""peter"", ""brown"", ""doctor""], [""3"", ""alice"", ""red"", ""engineer""], [""4"", ""bob"", ""black"", ""teacher""], [""5"", ""arnold"", ""blonde"", ""lawyer""]]}",32
lgp-test-6x2-6,"{""header"": [""House"", ""Each person has a unique name"", ""People have unique favorite sports""], ""rows"": [[""1"", ""eric"", ""tennis""], [""2"", ""peter"", ""swimming""], [""3"", ""carol"", ""soccer""], [""4"", ""alice"", ""basketball""], [""5"", ""arnold"", ""volleyball""], [""6"", ""bob"", ""baseball""]]}",55
lgp-test-4x5-16,"{""header"": [""House"", ""Each person has a unique name"", ""Everyone has a unique favorite cigar"", ""Each person has a unique birthday month"", ""Each person has a unique hobby"", ""People have unique favorite music genres""], ""rows"": [[""1"", ""arnold"", ""prince"", ""feb"", ""gardening"", ""classical""], [""2"", ""peter"", ""dunhill"", ""jan"", ""photography"", ""rock""], [""3"", ""eric"", ""blue master"", ""sept"", ""cooking"", ""pop""], [""4"", ""alice"", ""pall mall"", ""april"", ""painting"", ""jazz""]]}",68
lgp-test-4x4-23,"{""header"": [""House"", ""Each person has a unique name"", ""Everyone has something unique for lunch"", ""People use unique phone models"", ""Each person has a unique hobby""], ""rows"": [[""1"", ""peter"", ""pizza"", ""oneplus 9"", ""painting""], [""2"", ""arnold"", ""spaghetti"", ""iphone 13"", ""photography""], [""3"", ""alice"", ""grilled cheese"", ""samsung galaxy s21"", ""gardening""], [""4"", ""eric"", ""stew"", ""google pixel 6"", ""cooking""]]}",127
lgp-test-5x5-17,,95
lgp-test-4x5-39,"{""header"": [""House"", ""Each person has a unique name"", ""People have unique favorite music genres"", ""Everyone has something unique for lunch"", ""Each person has a unique level of education"", ""Each mother is accompanied by their child""], ""rows"": [[""1"", ""peter"", ""jazz"", ""stew"", ""bachelor"", ""bella""], [""2"", ""arnold"", ""rock"", ""pizza"", ""high school"", ""samantha""], [""3"", ""alice"", ""pop"", ""spaghetti"", ""associate"", ""meredith""], [""4"", ""eric"", ""classical"", ""grilled cheese"", ""master"", ""fred""]]}",42
lgp-test-4x5-24,"{""header"": [""House"", ""Each person has a unique name"", ""Everyone has a favorite smoothie"", ""Each person has a favorite color"", ""They all have a unique favorite flower"", ""People have unique favorite book genres""], ""rows"": [[""1"", ""peter"", ""dragonfruit"", ""yellow"", ""daffodils"", ""fantasy""], [""2"", ""alice"", ""cherry"", ""green"", ""lilies"", ""science fiction""], [""3"", ""arnold"", ""desert"", ""white"", ""roses"", ""romance""], [""4"", ""eric"", ""watermelon"", ""red"", ""carnations"", ""mystery""]]}",149
lgp-test-3x5-36,"{""header"": [""House"", ""Each person has a unique name"", ""Each person has a unique level of education"", ""Everyone has something unique for lunch"", ""Everyone has a unique favorite cigar"", ""Each person has a unique type of pet""], ""rows"": [[""1"", ""peter"", ""bachelor"", ""grilled cheese"", ""blue master"", ""dog""], [""2"", ""eric"", ""associate"", ""pizza"", ""prince"", ""cat""], [""3"", ""arnold"", ""high school"", ""spaghetti"", ""pall mall"", ""fish""]]}",17
lgp-test-3x2-6,"{""header"": [""House"", ""Each person has a unique name"", ""Each person has a favorite color""], ""rows"": [[""1"", ""eric"", ""yellow""], [""2"", ""arnold"", ""red""], [""3"", ""peter"", ""white""]]}",7
lgp-test-6x4-8,"{""header"": [""House"", ""Each person has a unique name"", ""Everyone has a favorite smoothie"", ""Each person has a unique level of education"", ""People own unique car models""], ""rows"": [[""1"", ""carol"", ""dragonfruit"", ""high school"", ""honda civic""], [""2"", ""peter"", ""blueberry"", ""doctorate"", ""toyota camry""], [""3"", ""bob"", ""desert"", ""trade school"", ""chevrolet silverado""], [""4"", ""arnold"", ""cherry"", ""associate"", ""tesla model 3""], [""5"", ""alice"", ""lime"", ""master"", ""bmw 3 series""], [""6"", ""eric"", ""watermelon"", ""bachelor"", ""ford f150""]]}",1907
lgp-test-5x2-11,"{""header"": [""House"", ""Each person has a unique name"", ""People have unique favorite sports""], ""rows"": [[""1"", ""eric"", ""soccer""], [""2"", ""alice"", ""baseball""], [""3"", ""bob"", ""basketball""], [""4"", ""arnold"", ""swimming""], [""5"", ""peter"", ""tennis""]]}",20
lgp-test-5x4-31,"{""header"": [""House"", ""Each person has a unique name"", ""Each person prefers a unique type of vacation"", ""Each mother is accompanied by their child"", ""The people are of nationalities""], ""rows"": [[""1"", ""peter"", ""cruise"", ""fred"", ""norwegian""], [""2"", ""bob"", ""camping"", ""timothy"", ""german""], [""3"", ""eric"", ""city"", ""bella"", ""swede""], [""4"", ""alice"", ""beach"", ""meredith"", ""brit""], [""5"", ""arnold"", ""mountain"", ""samantha"", ""dane""]]}",1301
lgp-test-4x5-11,"{""header"": [""House"", ""Each person has a unique name"", ""People have unique favorite music genres"", ""Everyone has a favorite smoothie"", ""People have unique hair colors"", ""People have unique favorite book genres""], ""rows"": [[""1"", ""eric"", ""jazz"", ""desert"", ""brown"", ""mystery""], [""2"", ""peter"", ""pop"", ""dragonfruit"", ""red"", ""science fiction""], [""3"", ""arnold"", ""classical"", ""cherry"", ""black"", ""romance""], [""4"", ""alice"", ""rock"", ""watermelon"", ""blonde"", ""fantasy""]]}",21
lgp-test-3x3-19,"{""header"": [""House"", ""Each person has a unique name"", ""Everyone has a favorite smoothie"", ""People have unique favorite book genres""], ""rows"": [[""1"", ""peter"", ""cherry"", ""romance""], [""2"", ""eric"", ""desert"", ""science fiction""], [""3"", ""arnold"", ""watermelon"", ""mystery""]]}",14
lgp-test-2x5-33,"{""header"": [""House"", ""Each person has a unique name"", ""The people keep unique animals"", ""People have unique heights"", ""People have unique favorite book genres"", ""Each person prefers a unique type of vacation""], ""rows"": [[""1"", ""arnold"", ""cat"", ""short"", ""mystery"", ""beach""], [""2"", ""eric"", ""horse"", ""very short"", ""science fiction"", ""mountain""]]}",11
lgp-test-6x3-12,"{""header"": [""House"", ""Each person has a unique name"", ""Each person has a unique favorite drink"", ""Each person has an occupation""], ""rows"": [[""1"", ""arnold"", ""milk"", ""nurse""], [""2"", ""carol"", ""coffee"", ""lawyer""], [""3"", ""bob"", ""water"", ""doctor""], [""4"", ""peter"", ""root beer"", ""teacher""], [""5"", ""eric"", ""tea"", ""artist""], [""6"", ""alice"", ""boba tea"", ""engineer""]]}",434
lgp-test-2x3-23,"{""header"": [""House"", ""Each person has a unique name"", ""Each mother is accompanied by their child"", ""Everyone has something unique for lunch""], ""rows"": [[""1"", ""eric"", ""bella"", ""grilled cheese""], [""2"", ""arnold"", ""fred"", ""pizza""]]}",7
lgp-test-4x2-34,"{""header"": [""House"", ""Each person has a unique name"", ""The people keep unique animals""], ""rows"": [[""1"", ""arnold"", ""cat""], [""2"", ""peter"", ""fish""], [""3"", ""alice"", ""bird""], [""4"", ""eric"", ""horse""]]}",41
lgp-test-3x5-19,"{""header"": [""House"", ""Each person has a unique name"", ""Each person has an occupation"", ""Each person has a unique level of education"", ""Everyone has a favorite smoothie"", ""Each person has a unique hobby""], ""rows"": [[""1"", ""arnold"", ""engineer"", ""high school"", ""watermelon"", ""gardening""], [""2"", ""peter"", ""doctor"", ""associate"", ""desert"", ""cooking""], [""3"", ""eric"", ""teacher"", ""bachelor"", ""cherry"", ""photography""]]}",17
lgp-test-4x4-33,"{""header"": [""House"", ""Each person has a unique name"", ""People have unique heights"", ""People use unique phone models"", ""The mothers' names in different houses are unique""], ""rows"": [[""1"", ""peter"", ""short"", ""iphone 13"", ""aniya""], [""2"", ""alice"", ""tall"", ""google pixel 6"", ""janelle""], [""3"", ""eric"", ""very short"", ""samsung galaxy s21"", ""holly""], [""4"", ""arnold"", ""average"", ""oneplus 9"", ""kailyn""]]}",137
lgp-test-5x5-28,"{""header"": [""House"", ""Each person has a unique name"", ""Each person has a unique type of pet"", ""Each person has a unique favorite drink"", ""People have unique favorite sports"", ""People use unique phone models""], ""rows"": [[""1"", ""alice"", ""dog"", ""root beer"", ""basketball"", ""iphone 13""], [""2"", ""arnold"", ""hamster"", ""water"", ""tennis"", ""oneplus 9""], [""3"", ""bob"", ""cat"", ""coffee"", ""baseball"", ""google pixel 6""], [""4"", ""peter"", ""bird"", ""tea"", ""soccer"", ""huawei p50""], [""5"", ""eric"", ""fish"", ""milk"", ""swimming"", ""samsung galaxy s21""]]}",608
lgp-test-4x4-7,"{""header"": [""House"", ""Each person has a unique name"", ""Everyone has a unique favorite cigar"", ""Each person has a unique favorite drink"", ""People have unique hair colors""], ""rows"": [[""1"", ""peter"", ""prince"", ""tea"", ""blonde""], [""2"", ""eric"", ""blue master"", ""milk"", ""brown""], [""3"", ""alice"", ""dunhill"", ""water"", ""black""], [""4"", ""arnold"", ""pall mall"", ""coffee"", ""red""]]}",61
lgp-test-4x5-4,"{""header"": [""House"", ""Each person has a unique name"", ""Everyone has a unique favorite cigar"", ""People have unique favorite sports"", ""Each person lives in a unique style of house"", ""Everyone has a favorite smoothie""], ""rows"": [[""1"", ""eric"", ""dunhill"", ""tennis"", ""victorian"", ""cherry""], [""2"", ""alice"", ""prince"", ""soccer"", ""craftsman"", ""dragonfruit""], [""3"", ""arnold"", ""blue master"", ""basketball"", ""ranch"", ""watermelon""], [""4"", ""peter"", ""pall mall"", ""swimming"", ""colonial"", ""desert""]]}",135
lgp-test-6x4-13,"{""header"": [""House"", ""Each person has a unique name"", ""People have unique favorite sports"", ""People have unique favorite music genres"", ""Each person has a unique level of education""], ""rows"": [[""1"", ""eric"", ""swimming"", ""country"", ""master""], [""2"", ""carol"", ""baseball"", ""hip hop"", ""trade school""], [""3"", ""peter"", ""tennis"", ""rock"", ""doctorate""], [""4"", ""alice"", ""basketball"", ""classical"", ""associate""], [""5"", ""bob"", ""volleyball"", ""jazz"", ""bachelor""], [""6"", ""arnold"", ""soccer"", ""pop"", ""high school""]]}",498
lgp-test-6x5-32,"{""header"": [""House"", ""Each person has a unique name"", ""People have unique favorite sports"", ""Each person has a unique birthday month"", ""Everyone has a favorite smoothie"", ""People have unique favorite music genres""], ""rows"": [[""1"", ""peter"", ""volleyball"", ""jan"", ""blueberry"", ""pop""], [""2"", ""carol"", ""basketball"", ""sept"", ""dragonfruit"", ""rock""], [""3"", ""bob"", ""baseball"", ""mar"", ""cherry"", ""country""], [""4"", ""alice"", ""soccer"", ""april"", ""desert"", ""hip hop""], [""5"", ""eric"", ""swimming"", ""feb"", ""watermelon"", ""jazz""], [""6"", ""arnold"", ""tennis"", ""may"", ""lime"", ""classical""]]}",804
lgp-test-2x6-26,"{""header"": [""House"", ""Each person has a unique name"", ""Everyone has a unique favorite cigar"", ""People own unique car models"", ""Each person has a unique hobby"", ""People have unique favorite sports"", ""The mothers' names in different houses are unique""], ""rows"": [[""1"", ""arnold"", ""prince"", ""tesla model 3"", ""photography"", ""basketball"", ""aniya""], [""2"", ""eric"", ""pall mall"", ""ford f150"", ""gardening"", ""soccer"", ""holly""]]}",13
lgp-test-5x3-33,"{""header"": [""House"", ""Each person has a unique name"", ""The people keep unique animals"", ""Each person has an occupation""], ""rows"": [[""1"", ""alice"", ""horse"", ""engineer""], [""2"", ""eric"", ""bird"", ""artist""], [""3"", ""bob"", ""cat"", ""teacher""], [""4"", ""arnold"", ""fish"", ""lawyer""], [""5"", ""peter"", ""dog"", ""doctor""]]}",19
lgp-test-3x5-23,"{""header"": [""House"", ""Each person has a unique name"", ""Each person has a unique birthday month"", ""People have unique favorite book genres"", ""Each person lives in a unique style of house"", ""They all have a unique favorite flower""], ""rows"": [[""1"", ""eric"", ""jan"", ""mystery"", ""victorian"", ""daffodils""], [""2"", ""arnold"", ""april"", ""science fiction"", ""ranch"", ""carnations""], [""3"", ""peter"", ""sept"", ""romance"", ""colonial"", ""lilies""]]}",24
lgp-test-3x6-17,"{""header"": [""House"", ""Each person has a unique name"", ""Each person has a unique birthday month"", ""Each person has a unique type of pet"", ""Everyone has something unique for lunch"", ""Each person prefers a unique type of vacation"", ""Everyone has a favorite smoothie""], ""rows"": [[""1"", ""eric"", ""jan"", ""fish"", ""grilled cheese"", ""mountain"", ""watermelon""], [""2"", ""arnold"", ""sept"", ""dog"", ""spaghetti"", ""city"", ""desert""], [""3"", ""peter"", ""april"", ""cat"", ""pizza"", ""beach"", ""cherry""]]}",45
lgp-test-6x4-23,"{""header"": [""House"", ""Each person has a unique name"", ""Everyone has a favorite smoothie"", ""Each person has a unique birthday month"", ""The people keep unique animals""], ""rows"": [[""1"", ""bob"", ""dragonfruit"", ""mar"", ""cat""], [""2"", ""carol"", ""blueberry"", ""feb"", ""fish""], [""3"", ""peter"", ""cherry"", ""sept"", ""bird""], [""4"", ""alice"", ""lime"", ""may"", ""horse""], [""5"", ""eric"", ""desert"", ""jan"", ""rabbit""], [""6"", ""arnold"", ""watermelon"", ""april"", ""dog""]]}",571
lgp-test-3x6-8,"{""header"": [""House"", ""Each person has a unique name"", ""Each person has a unique birthday month"", ""People have unique favorite book genres"", ""Everyone has a unique favorite cigar"", ""The people keep unique animals"", ""People own unique car models""], ""rows"": [[""1"", ""peter"", ""april"", ""romance"", ""pall mall"", ""bird"", ""toyota camry""], [""2"", ""eric"", ""sept"", ""mystery"", ""blue master"", ""cat"", ""tesla model 3""], [""3"", ""arnold"", ""jan"", ""science fiction"", ""prince"", ""horse"", ""ford f150""]]}",26
lgp-test-4x6-8,"{""header"": [""House"", ""Each person has a unique name"", ""The people are of nationalities"", ""The mothers' names in different houses are unique"", ""Each person has an occupation"", ""Each person has a unique type of pet"", ""Each mother is accompanied by their child""], ""rows"": [[""1"", ""arnold"", ""brit"", ""aniya"", ""doctor"", ""fish"", ""fred""], [""2"", ""eric"", ""swede"", ""kailyn"", ""teacher"", ""cat"", ""meredith""], [""3"", ""peter"", ""norwegian"", ""holly"", ""engineer"", ""dog"", ""bella""], [""4"", ""alice"", ""dane"", ""janelle"", ""artist"", ""bird"", ""samantha""]]}",237
lgp-test-3x3-35,"{""header"": [""House"", ""Each person has a unique name"", ""People have unique favorite music genres"", ""Each mother is accompanied by their child""], ""rows"": [[""1"", ""peter"", ""pop"", ""fred""], [""2"", ""arnold"", ""rock"", ""bella""], [""3"", ""eric"", ""classical"", ""meredith""]]}",20
lgp-test-5x4-10,"{""header"": [""House"", ""Each person has a unique name"", ""People have unique heights"", ""Each person prefers a unique type of vacation"", ""Each person has a unique level of education""], ""rows"": [[""1"", ""peter"", ""average"", ""cruise"", ""bachelor""], [""2"", ""arnold"", ""tall"", ""mountain"", ""doctorate""], [""3"", ""alice"", ""very tall"", ""beach"", ""high school""], [""4"", ""eric"", ""short"", ""city"", ""associate""], [""5"", ""bob"", ""very short"", ""camping"", ""master""]]}",1345
lgp-test-3x3-26,"{""header"": [""House"", ""Each person has a unique name"", ""People use unique phone models"", ""Each person lives in a unique style of house""], ""rows"": [[""1"", ""arnold"", ""samsung galaxy s21"", ""ranch""], [""2"", ""peter"", ""google pixel 6"", ""victorian""], [""3"", ""eric"", ""iphone 13"", ""colonial""]]}",18
lgp-test-5x6-22,"{""header"": [""House"", ""Each person has a unique name"", ""Each person has a unique level of education"", ""Each mother is accompanied by their child"", ""Everyone has a unique favorite cigar"", ""The people are of nationalities"", ""People have unique favorite book genres""], ""rows"": [[""1"", ""arnold"", ""associate"", ""samantha"", ""dunhill"", ""german"", ""fantasy""], [""2"", ""eric"", ""doctorate"", ""meredith"", ""prince"", ""dane"", ""biography""], [""3"", ""alice"", ""bachelor"", ""fred"", ""blends"", ""swede"", ""mystery""], [""4"", ""peter"", ""high school"", ""timothy"", ""blue master"", ""norwegian"", ""science fiction""], [""5"", ""bob"", ""master"", ""bella"", ""pall mall"", ""brit"", ""romance""]]}",5626
lgp-test-6x5-17,"{""header"": [""House"", ""Each person has a unique name"", ""Everyone has something unique for lunch"", ""Everyone has a unique favorite cigar"", ""Each person has a unique favorite drink"", ""Each person has a unique level of education""], ""rows"": [[""1"", ""alice"", ""spaghetti"", ""prince"", ""tea"", ""trade school""], [""2"", ""arnold"", ""soup"", ""blends"", ""water"", ""doctorate""], [""3"", ""carol"", ""grilled cheese"", ""dunhill"", ""root beer"", ""bachelor""], [""4"", ""bob"", ""pizza"", ""pall mall"", ""boba tea"", ""associate""], [""5"", ""peter"", ""stir fry"", ""yellow monster"", ""milk"", ""master""], [""6"", ""eric"", ""stew"", ""blue master"", ""coffee"", ""high school""]]}",18484
lgp-test-4x5-13,"{""header"": [""House"", ""Each person has a unique name"", ""People have unique favorite music genres"", ""Each person has a unique type of pet"", ""People own unique car models"", ""Each person has a unique favorite drink""], ""rows"": [[""1"", ""alice"", ""pop"", ""cat"", ""tesla model 3"", ""milk""], [""2"", ""peter"", ""rock"", ""bird"", ""toyota camry"", ""coffee""], [""3"", ""arnold"", ""classical"", ""fish"", ""honda civic"", ""tea""], [""4"", ""eric"", ""jazz"", ""dog"", ""ford f150"", ""water""]]}",69
lgp-test-2x2-22,"{""header"": [""House"", ""Each person has a unique name"", ""People own unique car models""], ""rows"": [[""1"", ""arnold"", ""tesla model 3""], [""2"", ""eric"", ""ford f150""]]}",5
lgp-test-4x5-22,"{""header"": [""House"", ""Each person has a unique name"", ""Everyone has something unique for lunch"", ""Each person lives in a unique style of house"", ""The people keep unique animals"", ""Each mother is accompanied by their child""], ""rows"": [[""1"", ""arnold"", ""pizza"", ""victorian"", ""cat"", ""fred""], [""2"", ""alice"", ""grilled cheese"", ""ranch"", ""bird"", ""meredith""], [""3"", ""eric"", ""stew"", ""colonial"", ""fish"", ""bella""], [""4"", ""peter"", ""spaghetti"", ""craftsman"", ""horse"", ""samantha""]]}",368
lgp-test-2x4-17,"{""header"": [""House"", ""Each person has a unique name"", ""The people keep unique animals"", ""Everyone has a unique favorite cigar"", ""The people are of nationalities""], ""rows"": [[""1"", ""eric"", ""horse"", ""prince"", ""brit""], [""2"", ""arnold"", ""cat"", ""pall mall"", ""dane""]]}",9
lgp-test-3x4-15,"{""header"": [""House"", ""Each person has a unique name"", ""People own unique car models"", ""People have unique favorite book genres"", ""Each person has an occupation""], ""rows"": [[""1"", ""eric"", ""tesla model 3"", ""science fiction"", ""doctor""], [""2"", ""peter"", ""ford f150"", ""mystery"", ""teacher""], [""3"", ""arnold"", ""toyota camry"", ""romance"", ""engineer""]]}",13
lgp-test-4x3-20,"{""header"": [""House"", ""Each person has a unique name"", ""People have unique favorite sports"", ""People have unique hair colors""], ""rows"": [[""1"", ""alice"", ""swimming"", ""red""], [""2"", ""eric"", ""basketball"", ""brown""], [""3"", ""peter"", ""soccer"", ""black""], [""4"", ""arnold"", ""tennis"", ""blonde""]]}",16
lgp-test-2x6-37,"{""header"": [""House"", ""Each person has a unique name"", ""People have unique favorite sports"", ""People have unique heights"", ""Each person has a unique type of pet"", ""People own unique car models"", ""Each person lives in a unique style of house""], ""rows"": [[""1"", ""arnold"", ""soccer"", ""short"", ""cat"", ""ford f150"", ""victorian""], [""2"", ""eric"", ""basketball"", ""very short"", ""dog"", ""tesla model 3"", ""colonial""]]}",14
lgp-test-5x4-27,"{""header"": [""House"", ""Each person has a unique name"", ""Each person has a unique birthday month"", ""Everyone has a unique favorite cigar"", ""Each person has a unique favorite drink""], ""rows"": [[""1"", ""bob"", ""april"", ""prince"", ""milk""], [""2"", ""alice"", ""feb"", ""blends"", ""tea""], [""3"", ""eric"", ""jan"", ""pall mall"", ""root beer""], [""4"", ""arnold"", ""sept"", ""blue master"", ""coffee""], [""5"", ""peter"", ""mar"", ""dunhill"", ""water""]]}",58
lgp-test-3x3-21,"{""header"": [""House"", ""Each person has a unique name"", ""People have unique favorite book genres"", ""Everyone has something unique for lunch""], ""rows"": [[""1"", ""eric"", ""romance"", ""pizza""], [""2"", ""arnold"", ""mystery"", ""spaghetti""], [""3"", ""peter"", ""science fiction"", ""grilled cheese""]]}",10
lgp-test-3x4-30,"{""header"": [""House"", ""Each person has a unique name"", ""Each person has a unique level of education"", ""Everyone has a unique favorite cigar"", ""Each person has a favorite color""], ""rows"": [[""1"", ""peter"", ""associate"", ""pall mall"", ""red""], [""2"", ""eric"", ""high school"", ""blue master"", ""yellow""], [""3"", ""arnold"", ""bachelor"", ""prince"", ""white""]]}",22
lgp-test-6x6-19,,34523
lgp-test-2x6-0,"{""header"": [""House"", ""Each person has a unique name"", ""They all have a unique favorite flower"", ""Each person prefers a unique type of vacation"", ""People have unique favorite book genres"", ""Everyone has a favorite smoothie"", ""Everyone has a unique favorite cigar""], ""rows"": [[""1"", ""arnold"", ""daffodils"", ""beach"", ""mystery"", ""desert"", ""pall mall""], [""2"", ""eric"", ""carnations"", ""mountain"", ""science fiction"", ""cherry"", ""prince""]]}",14
lgp-test-4x2-2,"{""header"": [""House"", ""Each person has a unique name"", ""Each person lives in a unique style of house""], ""rows"": [[""1"", ""peter"", ""ranch""], [""2"", ""alice"", ""victorian""], [""3"", ""eric"", ""craftsman""], [""4"", ""arnold"", ""colonial""]]}",9
lgp-test-4x5-19,,131
lgp-test-2x6-16,"{""header"": [""House"", ""Each person has a unique name"", ""Each person has a unique level of education"", ""People have unique heights"", ""Each person lives in a unique style of house"", ""Each person has a favorite color"", ""People have unique favorite sports""], ""rows"": [[""1"", ""eric"", ""associate"", ""short"", ""colonial"", ""yellow"", ""soccer""], [""2"", ""arnold"", ""high school"", ""very short"", ""victorian"", ""red"", ""basketball""]]}",13
lgp-test-5x5-6,"{""header"": [""House"", ""Each person has a unique name"", ""People have unique hair colors"", ""Each person has a unique level of education"", ""Each mother is accompanied by their child"", ""The people keep unique animals""], ""rows"": [[""1"", ""bob"", ""red"", ""bachelor"", ""meredith"", ""cat""], [""2"", ""eric"", ""blonde"", ""high school"", ""fred"", ""bird""], [""3"", ""peter"", ""brown"", ""doctorate"", ""timothy"", ""horse""], [""4"", ""arnold"", ""black"", ""master"", ""bella"", ""fish""], [""5"", ""alice"", ""gray"", ""associate"", ""samantha"", ""dog""]]}",1494
lgp-test-5x6-33,"{""header"": [""House"", ""Each person has a unique name"", ""People use unique phone models"", ""People have unique hair colors"", ""Everyone has a favorite smoothie"", ""Each person has a unique hobby"", ""They all have a unique favorite flower""], ""rows"": [[""1"", ""bob"", ""oneplus 9"", ""red"", ""cherry"", ""gardening"", ""tulips""], [""2"", ""eric"", ""samsung galaxy s21"", ""blonde"", ""watermelon"", ""knitting"", ""roses""], [""3"", ""peter"", ""iphone 13"", ""brown"", ""dragonfruit"", ""painting"", ""lilies""], [""4"", ""alice"", ""huawei p50"", ""gray"", ""desert"", ""cooking"", ""carnations""], [""5"", ""arnold"", ""google pixel 6"", ""black"", ""lime"", ""photography"", ""daffodils""]]}",629
lgp-test-6x2-18,"{""header"": [""House"", ""Each person has a unique name"", ""Each person prefers a unique type of vacation""], ""rows"": [[""1"", ""peter"", ""cultural""], [""2"", ""alice"", ""cruise""], [""3"", ""carol"", ""camping""], [""4"", ""arnold"", ""city""], [""5"", ""bob"", ""beach""], [""6"", ""eric"", ""mountain""]]}",941
lgp-test-5x6-18,"{""header"": [""House"", ""Each person has a unique name"", ""People own unique car models"", ""People use unique phone models"", ""Each person has a unique hobby"", ""Each person has an occupation"", ""Each person has a favorite color""], ""rows"": [[""1"", ""arnold"", ""bmw 3 series"", ""iphone 13"", ""photography"", ""doctor"", ""blue""], [""2"", ""peter"", ""tesla model 3"", ""google pixel 6"", ""painting"", ""engineer"", ""green""], [""3"", ""alice"", ""honda civic"", ""oneplus 9"", ""cooking"", ""artist"", ""yellow""], [""4"", ""eric"", ""ford f150"", ""huawei p50"", ""gardening"", ""lawyer"", ""red""], [""5"", ""bob"", ""toyota camry"", ""samsung galaxy s21"", ""knitting"", ""teacher"", ""white""]]}",1320
lgp-test-5x5-36,"{""header"": [""House"", ""Each person has a unique name"", ""Each person has a unique type of pet"", ""Each person has an occupation"", ""Each person lives in a unique style of house"", ""Each person has a unique level of education""], ""rows"": [[""1"", ""peter"", ""dog"", ""doctor"", ""craftsman"", ""high school""], [""2"", ""alice"", ""bird"", ""lawyer"", ""victorian"", ""master""], [""3"", ""eric"", ""fish"", ""artist"", ""ranch"", ""bachelor""], [""4"", ""bob"", ""hamster"", ""teacher"", ""colonial"", ""associate""], [""5"", ""arnold"", ""cat"", ""engineer"", ""modern"", ""doctorate""]]}",1665
lgp-test-3x4-17,"{""header"": [""House"", ""Each person has a unique name"", ""Each person has a unique level of education"", ""People have unique favorite sports"", ""Each person lives in a unique style of house""], ""rows"": [[""1"", ""arnold"", ""high school"", ""soccer"", ""ranch""], [""2"", ""peter"", ""associate"", ""basketball"", ""victorian""], [""3"", ""eric"", ""bachelor"", ""tennis"", ""colonial""]]}",17
lgp-test-2x4-11,"{""header"": [""House"", ""Each person has a unique name"", ""Each person has a unique hobby"", ""Each person has a unique type of pet"", ""People have unique heights""], ""rows"": [[""1"", ""eric"", ""photography"", ""dog"", ""very short""], [""2"", ""arnold"", ""gardening"", ""cat"", ""short""]]}",9
lgp-test-6x5-9,"{""header"": [""House"", ""Each person has a unique name"", ""People have unique heights"", ""Everyone has a favorite smoothie"", ""Everyone has a unique favorite cigar"", ""Each person prefers a unique type of vacation""], ""rows"": [[""1"", ""bob"", ""super tall"", ""cherry"", ""blue master"", ""camping""], [""2"", ""arnold"", ""average"", ""watermelon"", ""prince"", ""city""], [""3"", ""carol"", ""short"", ""dragonfruit"", ""dunhill"", ""cruise""], [""4"", ""eric"", ""tall"", ""blueberry"", ""pall mall"", ""cultural""], [""5"", ""peter"", ""very short"", ""desert"", ""yellow monster"", ""mountain""], [""6"", ""alice"", ""very tall"", ""lime"", ""blends"", ""beach""]]}",4697
lgp-test-4x3-9,"{""header"": [""House"", ""Each person has a unique name"", ""Each person has a unique favorite drink"", ""Each person has a unique level of education""], ""rows"": [[""1"", ""arnold"", ""coffee"", ""high school""], [""2"", ""eric"", ""tea"", ""master""], [""3"", ""alice"", ""milk"", ""bachelor""], [""4"", ""peter"", ""water"", ""associate""]]}",20
lgp-test-5x3-5,"{""header"": [""House"", ""Each person has a unique name"", ""The people keep unique animals"", ""The mothers' names in different houses are unique""], ""rows"": [[""1"", ""alice"", ""fish"", ""aniya""], [""2"", ""peter"", ""bird"", ""janelle""], [""3"", ""arnold"", ""cat"", ""penny""], [""4"", ""eric"", ""horse"", ""kailyn""], [""5"", ""bob"", ""dog"", ""holly""]]}",74
lgp-test-2x2-14,"{""header"": [""House"", ""Each person has a unique name"", ""Everyone has something unique for lunch""], ""rows"": [[""1"", ""eric"", ""grilled cheese""], [""2"", ""arnold"", ""pizza""]]}",5
lgp-test-4x4-0,"{""header"": [""House"", ""Each person has a unique name"", ""Each person has a unique level of education"", ""People have unique heights"", ""Each person has a unique favorite drink""], ""rows"": [[""1"", ""arnold"", ""associate"", ""short"", ""coffee""], [""2"", ""eric"", ""master"", ""very short"", ""milk""], [""3"", ""peter"", ""bachelor"", ""average"", ""water""], [""4"", ""alice"", ""high school"", ""tall"", ""tea""]]}",35
lgp-test-6x6-36,"{""header"": [""House"", ""Each person has a unique name"", ""People have unique heights"", ""Each person has a unique birthday month"", ""People have unique hair colors"", ""People have unique favorite book genres"", ""Each person has a unique type of pet""], ""rows"": [[""1"", ""bob"", ""short"", ""april"", ""brown"", ""romance"", ""bird""], [""2"", ""alice"", ""super tall"", ""sept"", ""blonde"", ""historical fiction"", ""hamster""], [""3"", ""arnold"", ""very tall"", ""may"", ""red"", ""fantasy"", ""rabbit""], [""4"", ""eric"", ""very short"", ""feb"", ""black"", ""biography"", ""dog""], [""5"", ""peter"", ""tall"", ""jan"", ""gray"", ""science fiction"", ""cat""], [""6"", ""carol"", ""average"", ""mar"", ""auburn"", ""mystery"", ""fish""]]}",241
lgp-test-6x3-28,"{""header"": [""House"", ""Each person has a unique name"", ""Each person prefers a unique type of vacation"", ""People have unique favorite sports""], ""rows"": [[""1"", ""eric"", ""city"", ""soccer""], [""2"", ""bob"", ""cruise"", ""swimming""], [""3"", ""arnold"", ""cultural"", ""tennis""], [""4"", ""peter"", ""beach"", ""baseball""], [""5"", ""alice"", ""camping"", ""volleyball""], [""6"", ""carol"", ""mountain"", ""basketball""]]}",2054
lgp-test-4x2-31,"{""header"": [""House"", ""Each person has a unique name"", ""Everyone has something unique for lunch""], ""rows"": [[""1"", ""eric"", ""pizza""], [""2"", ""arnold"", ""stew""], [""3"", ""alice"", ""spaghetti""], [""4"", ""peter"", ""grilled cheese""]]}",9
lgp-test-5x4-15,"{""header"": [""House"", ""Each person has a unique name"", ""Each person lives in a unique style of house"", ""Each person has a unique type of pet"", ""Each person has a unique favorite drink""], ""rows"": [[""1"", ""alice"", ""colonial"", ""dog"", ""water""], [""2"", ""arnold"", ""craftsman"", ""fish"", ""coffee""], [""3"", ""bob"", ""modern"", ""cat"", ""tea""], [""4"", ""eric"", ""victorian"", ""bird"", ""root beer""], [""5"", ""peter"", ""ranch"", ""hamster"", ""milk""]]}",259
lgp-test-4x4-22,"{""header"": [""House"", ""Each person has a unique name"", ""Each person prefers a unique type of vacation"", ""Each person has a unique birthday month"", ""The people are of nationalities""], ""rows"": [[""1"", ""peter"", ""city"", ""april"", ""brit""], [""2"", ""alice"", ""mountain"", ""feb"", ""norwegian""], [""3"", ""eric"", ""cruise"", ""jan"", ""swede""], [""4"", ""arnold"", ""beach"", ""sept"", ""dane""]]}",19
lgp-test-3x3-20,"{""header"": [""House"", ""Each person has a unique name"", ""Each person has a unique hobby"", ""Each person has a unique type of pet""], ""rows"": [[""1"", ""peter"", ""photography"", ""dog""], [""2"", ""eric"", ""cooking"", ""cat""], [""3"", ""arnold"", ""gardening"", ""fish""]]}",10
lgp-test-3x5-8,"{""header"": [""House"", ""Each person has a unique name"", ""The people are of nationalities"", ""Each person has a unique level of education"", ""Everyone has something unique for lunch"", ""Each person lives in a unique style of house""], ""rows"": [[""1"", ""eric"", ""brit"", ""high school"", ""pizza"", ""colonial""], [""2"", ""arnold"", ""dane"", ""bachelor"", ""grilled cheese"", ""ranch""], [""3"", ""peter"", ""swede"", ""associate"", ""spaghetti"", ""victorian""]]}",23
lgp-test-2x6-19,"{""header"": [""House"", ""Each person has a unique name"", ""Everyone has something unique for lunch"", ""People have unique hair colors"", ""Each mother is accompanied by their child"", ""Each person has a unique level of education"", ""The people keep unique animals""], ""rows"": [[""1"", ""arnold"", ""pizza"", ""brown"", ""fred"", ""associate"", ""horse""], [""2"", ""eric"", ""grilled cheese"", ""black"", ""bella"", ""high school"", ""cat""]]}",13
lgp-test-4x6-4,"{""header"": [""House"", ""Each person has a unique name"", ""People have unique favorite sports"", ""Each person has a unique type of pet"", ""Everyone has a favorite smoothie"", ""People have unique hair colors"", ""Each person has a unique birthday month""], ""rows"": [[""1"", ""peter"", ""swimming"", ""cat"", ""dragonfruit"", ""black"", ""april""], [""2"", ""arnold"", ""basketball"", ""bird"", ""desert"", ""red"", ""feb""], [""3"", ""eric"", ""tennis"", ""fish"", ""cherry"", ""blonde"", ""sept""], [""4"", ""alice"", ""soccer"", ""dog"", ""watermelon"", ""brown"", ""jan""]]}",40
lgp-test-3x6-35,"{""header"": [""House"", ""Each person has a unique name"", ""Each person prefers a unique type of vacation"", ""People have unique heights"", ""They all have a unique favorite flower"", ""People have unique hair colors"", ""Each person has a unique level of education""], ""rows"": [[""1"", ""eric"", ""beach"", ""very short"", ""lilies"", ""brown"", ""bachelor""], [""2"", ""peter"", ""mountain"", ""average"", ""carnations"", ""black"", ""associate""], [""3"", ""arnold"", ""city"", ""short"", ""daffodils"", ""blonde"", ""high school""]]}",24
lgp-test-4x4-15,"{""header"": [""House"", ""Each person has a unique name"", ""People have unique favorite sports"", ""Each person prefers a unique type of vacation"", ""Everyone has something unique for lunch""], ""rows"": [[""1"", ""alice"", ""swimming"", ""city"", ""spaghetti""], [""2"", ""arnold"", ""soccer"", ""beach"", ""stew""], [""3"", ""peter"", ""tennis"", ""cruise"", ""grilled cheese""], [""4"", ""eric"", ""basketball"", ""mountain"", ""pizza""]]}",117
lgp-test-2x2-35,"{""header"": [""House"", ""Each person has a unique name"", ""Everyone has something unique for lunch""], ""rows"": [[""1"", ""eric"", ""grilled cheese""], [""2"", ""arnold"", ""pizza""]]}",8
lgp-test-4x3-2,"{""header"": [""House"", ""Each person has a unique name"", ""People have unique heights"", ""People own unique car models""], ""rows"": [[""1"", ""peter"", ""average"", ""toyota camry""], [""2"", ""alice"", ""tall"", ""ford f150""], [""3"", ""eric"", ""short"", ""tesla model 3""], [""4"", ""arnold"", ""very short"", ""honda civic""]]}",23
lgp-test-6x5-7,"{""header"": [""House"", ""Each person has a unique name"", ""People have unique favorite music genres"", ""Each person has a unique birthday month"", ""Each person has a unique favorite drink"", ""Each person has an occupation""], ""rows"": [[""1"", ""eric"", ""country"", ""may"", ""milk"", ""artist""], [""2"", ""arnold"", ""pop"", ""jan"", ""coffee"", ""lawyer""], [""3"", ""bob"", ""classical"", ""april"", ""boba tea"", ""engineer""], [""4"", ""peter"", ""hip hop"", ""mar"", ""root beer"", ""doctor""], [""5"", ""carol"", ""jazz"", ""sept"", ""tea"", ""teacher""], [""6"", ""alice"", ""rock"", ""feb"", ""water"", ""nurse""]]}",4844
lgp-test-5x3-19,"{""header"": [""House"", ""Each person has a unique name"", ""People have unique favorite book genres"", ""Each person has a unique level of education""], ""rows"": [[""1"", ""eric"", ""romance"", ""master""], [""2"", ""peter"", ""biography"", ""doctorate""], [""3"", ""arnold"", ""science fiction"", ""high school""], [""4"", ""bob"", ""mystery"", ""associate""], [""5"", ""alice"", ""fantasy"", ""bachelor""]]}",334
lgp-test-5x2-36,"{""header"": [""House"", ""Each person has a unique name"", ""People have unique favorite music genres""], ""rows"": [[""1"", ""eric"", ""classical""], [""2"", ""alice"", ""hip hop""], [""3"", ""arnold"", ""pop""], [""4"", ""bob"", ""rock""], [""5"", ""peter"", ""jazz""]]}",87
lgp-test-2x4-18,"{""header"": [""House"", ""Each person has a unique name"", ""Each person has a favorite color"", ""People have unique heights"", ""Each person lives in a unique style of house""], ""rows"": [[""1"", ""arnold"", ""yellow"", ""very short"", ""victorian""], [""2"", ""eric"", ""red"", ""short"", ""colonial""]]}",9
lgp-test-3x5-17,"{""header"": [""House"", ""Each person has a unique name"", ""People use unique phone models"", ""People have unique heights"", ""Each person lives in a unique style of house"", ""People own unique car models""], ""rows"": [[""1"", ""eric"", ""iphone 13"", ""average"", ""ranch"", ""toyota camry""], [""2"", ""arnold"", ""google pixel 6"", ""short"", ""colonial"", ""ford f150""], [""3"", ""peter"", ""samsung galaxy s21"", ""very short"", ""victorian"", ""tesla model 3""]]}",17
lgp-test-2x2-12,"{""header"": [""House"", ""Each person has a unique name"", ""The people are of nationalities""], ""rows"": [[""1"", ""eric"", ""brit""], [""2"", ""arnold"", ""dane""]]}",6
lgp-test-5x4-4,"{""header"": [""House"", ""Each person has a unique name"", ""Everyone has a favorite smoothie"", ""Each person has a unique hobby"", ""Each person has a unique type of pet""], ""rows"": [[""1"", ""peter"", ""watermelon"", ""knitting"", ""fish""], [""2"", ""eric"", ""dragonfruit"", ""photography"", ""cat""], [""3"", ""alice"", ""cherry"", ""gardening"", ""dog""], [""4"", ""bob"", ""desert"", ""painting"", ""hamster""], [""5"", ""arnold"", ""lime"", ""cooking"", ""bird""]]}",241
lgp-test-2x4-36,"{""header"": [""House"", ""Each person has a unique name"", ""People have unique favorite book genres"", ""Each person has a unique birthday month"", ""The people keep unique animals""], ""rows"": [[""1"", ""eric"", ""mystery"", ""sept"", ""horse""], [""2"", ""arnold"", ""science fiction"", ""april"", ""cat""]]}",9
lgp-test-4x3-6,"{""header"": [""House"", ""Each person has a unique name"", ""People have unique hair colors"", ""People own unique car models""], ""rows"": [[""1"", ""alice"", ""black"", ""honda civic""], [""2"", ""eric"", ""brown"", ""ford f150""], [""3"", ""arnold"", ""blonde"", ""tesla model 3""], [""4"", ""peter"", ""red"", ""toyota camry""]]}",14
lgp-test-4x2-7,"{""header"": [""House"", ""Each person has a unique name"", ""People have unique heights""], ""rows"": [[""1"", ""alice"", ""short""], [""2"", ""eric"", ""average""], [""3"", ""peter"", ""tall""], [""4"", ""arnold"", ""very short""]]}",35
lgp-test-6x2-15,"{""header"": [""House"", ""Each person has a unique name"", ""Each person lives in a unique style of house""], ""rows"": [[""1"", ""arnold"", ""colonial""], [""2"", ""carol"", ""victorian""], [""3"", ""peter"", ""modern""], [""4"", ""eric"", ""mediterranean""], [""5"", ""bob"", ""craftsman""], [""6"", ""alice"", ""ranch""]]}",146
lgp-test-3x4-32,"{""header"": [""House"", ""Each person has a unique name"", ""Each person has a unique favorite drink"", ""People use unique phone models"", ""Each person has a unique birthday month""], ""rows"": [[""1"", ""arnold"", ""water"", ""google pixel 6"", ""jan""], [""2"", ""eric"", ""milk"", ""samsung galaxy s21"", ""april""], [""3"", ""peter"", ""tea"", ""iphone 13"", ""sept""]]}",25
lgp-test-3x5-38,"{""header"": [""House"", ""Each person has a unique name"", ""Each person prefers a unique type of vacation"", ""Everyone has a unique favorite cigar"", ""Everyone has something unique for lunch"", ""The people keep unique animals""], ""rows"": [[""1"", ""eric"", ""city"", ""blue master"", ""pizza"", ""bird""], [""2"", ""peter"", ""beach"", ""pall mall"", ""grilled cheese"", ""horse""], [""3"", ""arnold"", ""mountain"", ""prince"", ""spaghetti"", ""cat""]]}",93
lgp-test-4x3-31,"{""header"": [""House"", ""Each person has a unique name"", ""Each person has a unique favorite drink"", ""People use unique phone models""], ""rows"": [[""1"", ""peter"", ""milk"", ""samsung galaxy s21""], [""2"", ""eric"", ""tea"", ""iphone 13""], [""3"", ""arnold"", ""coffee"", ""google pixel 6""], [""4"", ""alice"", ""water"", ""oneplus 9""]]}",14
lgp-test-3x2-4,"{""header"": [""House"", ""Each person has a unique name"", ""People own unique car models""], ""rows"": [[""1"", ""eric"", ""toyota camry""], [""2"", ""arnold"", ""ford f150""], [""3"", ""peter"", ""tesla model 3""]]}",11
lgp-test-3x2-27,"{""header"": [""House"", ""Each person has a unique name"", ""Each person lives in a unique style of house""], ""rows"": [[""1"", ""arnold"", ""colonial""], [""2"", ""eric"", ""ranch""], [""3"", ""peter"", ""victorian""]]}",7
lgp-test-4x4-1,"{""header"": [""House"", ""Each person has a unique name"", ""Each person lives in a unique style of house"", ""The people keep unique animals"", ""Each person has a unique hobby""], ""rows"": [[""1"", ""eric"", ""craftsman"", ""bird"", ""photography""], [""2"", ""alice"", ""ranch"", ""fish"", ""cooking""], [""3"", ""peter"", ""victorian"", ""cat"", ""gardening""], [""4"", ""arnold"", ""colonial"", ""horse"", ""painting""]]}",60
lgp-test-2x2-39,"{""header"": [""House"", ""Each person has a unique name"", ""Each person prefers a unique type of vacation""], ""rows"": [[""1"", ""arnold"", ""mountain""], [""2"", ""eric"", ""beach""]]}",6
lgp-test-3x6-31,"{""header"": [""House"", ""Each person has a unique name"", ""Each person has a unique favorite drink"", ""Each person prefers a unique type of vacation"", ""Each person lives in a unique style of house"", ""The people keep unique animals"", ""Each person has a unique birthday month""], ""rows"": [[""1"", ""arnold"", ""tea"", ""beach"", ""colonial"", ""bird"", ""sept""], [""2"", ""peter"", ""milk"", ""city"", ""ranch"", ""horse"", ""jan""], [""3"", ""eric"", ""water"", ""mountain"", ""victorian"", ""cat"", ""april""]]}",22
lgp-test-2x4-30,"{""header"": [""House"", ""Each person has a unique name"", ""People have unique hair colors"", ""People have unique favorite sports"", ""Everyone has a favorite smoothie""], ""rows"": [[""1"", ""arnold"", ""brown"", ""basketball"", ""desert""], [""2"", ""eric"", ""black"", ""soccer"", ""cherry""]]}",9
lgp-test-6x2-32,"{""header"": [""House"", ""Each person has a unique name"", ""Each person lives in a unique style of house""], ""rows"": [[""1"", ""eric"", ""victorian""], [""2"", ""carol"", ""modern""], [""3"", ""bob"", ""ranch""], [""4"", ""peter"", ""colonial""], [""5"", ""alice"", ""mediterranean""], [""6"", ""arnold"", ""craftsman""]]}",47
lgp-test-6x2-12,"{""header"": [""House"", ""Each person has a unique name"", ""Each person has a unique birthday month""], ""rows"": [[""1"", ""arnold"", ""april""], [""2"", ""eric"", ""jan""], [""3"", ""bob"", ""mar""], [""4"", ""carol"", ""sept""], [""5"", ""peter"", ""feb""], [""6"", ""alice"", ""may""]]}",75
lgp-test-6x6-2,,419
lgp-test-4x2-21,"{""header"": [""House"", ""Each person has a unique name"", ""Each person lives in a unique style of house""], ""rows"": [[""1"", ""eric"", ""ranch""], [""2"", ""alice"", ""craftsman""], [""3"", ""arnold"", ""victorian""], [""4"", ""peter"", ""colonial""]]}",12
lgp-test-3x5-20,"{""header"": [""House"", ""Each person has a unique name"", ""Each mother is accompanied by their child"", ""Everyone has a favorite smoothie"", ""Each person prefers a unique type of vacation"", ""Each person has a favorite color""], ""rows"": [[""1"", ""peter"", ""bella"", ""cherry"", ""beach"", ""yellow""], [""2"", ""arnold"", ""fred"", ""watermelon"", ""city"", ""red""], [""3"", ""eric"", ""meredith"", ""desert"", ""mountain"", ""white""]]}",18
lgp-test-2x6-23,"{""header"": [""House"", ""Each person has a unique name"", ""People use unique phone models"", ""Each person prefers a unique type of vacation"", ""Everyone has something unique for lunch"", ""The people are of nationalities"", ""People own unique car models""], ""rows"": [[""1"", ""arnold"", ""samsung galaxy s21"", ""beach"", ""pizza"", ""brit"", ""tesla model 3""], [""2"", ""eric"", ""iphone 13"", ""mountain"", ""grilled cheese"", ""dane"", ""ford f150""]]}",19
lgp-test-6x6-37,"{""header"": [""House"", ""Each person has a unique name"", ""People have unique heights"", ""Everyone has something unique for lunch"", ""The mothers' names in different houses are unique"", ""Each person has a unique favorite drink"", ""Each person has a unique type of pet""], ""rows"": [[""1"", ""eric"", ""super tall"", ""soup"", ""janelle"", ""coffee"", ""dog""], [""2"", ""peter"", ""very short"", ""grilled cheese"", ""penny"", ""tea"", ""cat""], [""3"", ""alice"", ""tall"", ""spaghetti"", ""aniya"", ""milk"", ""fish""], [""4"", ""bob"", ""very tall"", ""stir fry"", ""kailyn"", ""boba tea"", ""hamster""], [""5"", ""carol"", ""average"", ""pizza"", ""sarah"", ""water"", ""bird""], [""6"", ""arnold"", ""short"", ""stew"", ""holly"", ""root beer"", ""rabbit""]]}",738
lgp-test-4x2-22,"{""header"": [""House"", ""Each person has a unique name"", ""Each person has a unique type of pet""], ""rows"": [[""1"", ""eric"", ""cat""], [""2"", ""peter"", ""fish""], [""3"", ""alice"", ""dog""], [""4"", ""arnold"", ""bird""]]}",11
lgp-test-2x6-21,"{""header"": [""House"", ""Each person has a unique name"", ""Each person has an occupation"", ""Each person has a unique type of pet"", ""People have unique hair colors"", ""Everyone has something unique for lunch"", ""The people are of nationalities""], ""rows"": [[""1"", ""arnold"", ""engineer"", ""dog"", ""brown"", ""grilled cheese"", ""dane""], [""2"", ""eric"", ""doctor"", ""cat"", ""black"", ""pizza"", ""brit""]]}",13
lgp-test-6x4-24,"{""header"": [""House"", ""Each person has a unique name"", ""Each person prefers a unique type of vacation"", ""Everyone has a favorite smoothie"", ""People have unique favorite book genres""], ""rows"": [[""1"", ""alice"", ""camping"", ""blueberry"", ""science fiction""], [""2"", ""eric"", ""beach"", ""dragonfruit"", ""historical fiction""], [""3"", ""peter"", ""city"", ""desert"", ""fantasy""], [""4"", ""arnold"", ""mountain"", ""lime"", ""biography""], [""5"", ""bob"", ""cruise"", ""cherry"", ""mystery""], [""6"", ""carol"", ""cultural"", ""watermelon"", ""romance""]]}",9703
lgp-test-6x3-21,,279
lgp-test-5x3-9,"{""header"": [""House"", ""Each person has a unique name"", ""Each person has a unique type of pet"", ""Each person has a unique birthday month""], ""rows"": [[""1"", ""alice"", ""bird"", ""feb""], [""2"", ""arnold"", ""hamster"", ""april""], [""3"", ""eric"", ""fish"", ""sept""], [""4"", ""peter"", ""cat"", ""jan""], [""5"", ""bob"", ""dog"", ""mar""]]}",26
lgp-test-5x5-25,"{""header"": [""House"", ""Each person has a unique name"", ""Each mother is accompanied by their child"", ""People have unique favorite music genres"", ""Everyone has a favorite smoothie"", ""Each person prefers a unique type of vacation""], ""rows"": [[""1"", ""peter"", ""meredith"", ""pop"", ""watermelon"", ""cruise""], [""2"", ""bob"", ""samantha"", ""jazz"", ""dragonfruit"", ""city""], [""3"", ""alice"", ""bella"", ""hip hop"", ""lime"", ""beach""], [""4"", ""eric"", ""timothy"", ""rock"", ""desert"", ""mountain""], [""5"", ""arnold"", ""fred"", ""classical"", ""cherry"", ""camping""]]}",417
lgp-test-5x4-20,"{""header"": [""House"", ""Each person has a unique name"", ""Each person lives in a unique style of house"", ""People have unique favorite sports"", ""People have unique favorite music genres""], ""rows"": [[""1"", ""alice"", ""colonial"", ""soccer"", ""pop""], [""2"", ""eric"", ""victorian"", ""tennis"", ""classical""], [""3"", ""bob"", ""craftsman"", ""swimming"", ""jazz""], [""4"", ""arnold"", ""modern"", ""basketball"", ""rock""], [""5"", ""peter"", ""ranch"", ""baseball"", ""hip hop""]]}",381
lgp-test-2x4-25,"{""header"": [""House"", ""Each person has a unique name"", ""Each person has an occupation"", ""People have unique favorite sports"", ""The people are of nationalities""], ""rows"": [[""1"", ""eric"", ""doctor"", ""basketball"", ""brit""], [""2"", ""arnold"", ""engineer"", ""soccer"", ""dane""]]}",9
lgp-test-6x4-39,"{""header"": [""House"", ""Each person has a unique name"", ""The people keep unique animals"", ""Each person lives in a unique style of house"", ""Each person has an occupation""], ""rows"": [[""1"", ""carol"", ""rabbit"", ""victorian"", ""engineer""], [""2"", ""bob"", ""bird"", ""modern"", ""doctor""], [""3"", ""alice"", ""dog"", ""mediterranean"", ""nurse""], [""4"", ""eric"", ""cat"", ""craftsman"", ""teacher""], [""5"", ""peter"", ""horse"", ""colonial"", ""artist""], [""6"", ""arnold"", ""fish"", ""ranch"", ""lawyer""]]}",18531
lgp-test-5x3-11,"{""header"": [""House"", ""Each person has a unique name"", ""The people keep unique animals"", ""Each person has a unique birthday month""], ""rows"": [[""1"", ""bob"", ""dog"", ""april""], [""2"", ""peter"", ""fish"", ""mar""], [""3"", ""alice"", ""bird"", ""jan""], [""4"", ""arnold"", ""cat"", ""sept""], [""5"", ""eric"", ""horse"", ""feb""]]}",71
lgp-test-3x6-6,"{""header"": [""House"", ""Each person has a unique name"", ""They all have a unique favorite flower"", ""People have unique favorite music genres"", ""Each person has a unique favorite drink"", ""Everyone has a unique favorite cigar"", ""Each person has a unique birthday month""], ""rows"": [[""1"", ""eric"", ""lilies"", ""rock"", ""tea"", ""pall mall"", ""sept""], [""2"", ""arnold"", ""carnations"", ""pop"", ""milk"", ""blue master"", ""april""], [""3"", ""peter"", ""daffodils"", ""classical"", ""water"", ""prince"", ""jan""]]}",30
lgp-test-5x2-19,"{""header"": [""House"", ""Each person has a unique name"", ""People use unique phone models""], ""rows"": [[""1"", ""alice"", ""huawei p50""], [""2"", ""arnold"", ""oneplus 9""], [""3"", ""bob"", ""google pixel 6""], [""4"", ""eric"", ""samsung galaxy s21""], [""5"", ""peter"", ""iphone 13""]]}",32
lgp-test-6x4-25,"{""header"": [""House"", ""Each person has a unique name"", ""Each person has an occupation"", ""The mothers' names in different houses are unique"", ""People have unique favorite music genres""], ""rows"": [[""1"", ""eric"", ""lawyer"", ""aniya"", ""country""], [""2"", ""bob"", ""doctor"", ""kailyn"", ""jazz""], [""3"", ""alice"", ""engineer"", ""sarah"", ""classical""], [""4"", ""peter"", ""artist"", ""janelle"", ""rock""], [""5"", ""carol"", ""teacher"", ""penny"", ""pop""], [""6"", ""arnold"", ""nurse"", ""holly"", ""hip hop""]]}",74257
lgp-test-3x4-35,"{""header"": [""House"", ""Each person has a unique name"", ""Each person has a unique hobby"", ""Everyone has a unique favorite cigar"", ""Each person has a unique favorite drink""], ""rows"": [[""1"", ""peter"", ""photography"", ""pall mall"", ""milk""], [""2"", ""eric"", ""cooking"", ""blue master"", ""tea""], [""3"", ""arnold"", ""gardening"", ""prince"", ""water""]]}",24
lgp-test-2x3-2,"{""header"": [""House"", ""Each person has a unique name"", ""People have unique heights"", ""The mothers' names in different houses are unique""], ""rows"": [[""1"", ""arnold"", ""very short"", ""aniya""], [""2"", ""eric"", ""short"", ""holly""]]}",9
lgp-test-2x5-10,"{""header"": [""House"", ""Each person has a unique name"", ""Each person has an occupation"", ""Each person has a favorite color"", ""Each person prefers a unique type of vacation"", ""Each person lives in a unique style of house""], ""rows"": [[""1"", ""eric"", ""engineer"", ""yellow"", ""mountain"", ""colonial""], [""2"", ""arnold"", ""doctor"", ""red"", ""beach"", ""victorian""]]}",11
lgp-test-4x3-0,"{""header"": [""House"", ""Each person has a unique name"", ""Each person has an occupation"", ""Everyone has something unique for lunch""], ""rows"": [[""1"", ""arnold"", ""teacher"", ""grilled cheese""], [""2"", ""peter"", ""engineer"", ""pizza""], [""3"", ""eric"", ""artist"", ""spaghetti""], [""4"", ""alice"", ""doctor"", ""stew""]]}",83
lgp-test-2x5-31,"{""header"": [""House"", ""Each person has a unique name"", ""People have unique favorite book genres"", ""The people are of nationalities"", ""Everyone has a favorite smoothie"", ""The mothers' names in different houses are unique""], ""rows"": [[""1"", ""eric"", ""mystery"", ""dane"", ""desert"", ""holly""], [""2"", ""arnold"", ""science fiction"", ""brit"", ""cherry"", ""aniya""]]}",11
lgp-test-4x6-28,"{""header"": [""House"", ""Each person has a unique name"", ""People have unique favorite music genres"", ""People have unique favorite book genres"", ""Everyone has a unique favorite cigar"", ""Each person has a unique birthday month"", ""Each person has a unique favorite drink""], ""rows"": [[""1"", ""arnold"", ""pop"", ""science fiction"", ""pall mall"", ""feb"", ""coffee""], [""2"", ""eric"", ""rock"", ""mystery"", ""blue master"", ""sept"", ""water""], [""3"", ""peter"", ""jazz"", ""fantasy"", ""prince"", ""jan"", ""milk""], [""4"", ""alice"", ""classical"", ""romance"", ""dunhill"", ""april"", ""tea""]]}",242
lgp-test-2x2-36,"{""header"": [""House"", ""Each person has a unique name"", ""Each mother is accompanied by their child""], ""rows"": [[""1"", ""arnold"", ""fred""], [""2"", ""eric"", ""bella""]]}",5
lgp-test-2x5-32,"{""header"": [""House"", ""Each person has a unique name"", ""People have unique hair colors"", ""Each person lives in a unique style of house"", ""Everyone has something unique for lunch"", ""Each mother is accompanied by their child""], ""rows"": [[""1"", ""arnold"", ""black"", ""victorian"", ""pizza"", ""fred""], [""2"", ""eric"", ""brown"", ""colonial"", ""grilled cheese"", ""bella""]]}",12
lgp-test-5x3-36,"{""header"": [""House"", ""Each person has a unique name"", ""People have unique hair colors"", ""Each person has a unique type of pet""], ""rows"": [[""1"", ""arnold"", ""black"", ""fish""], [""2"", ""alice"", ""blonde"", ""dog""], [""3"", ""eric"", ""red"", ""hamster""], [""4"", ""bob"", ""gray"", ""bird""], [""5"", ""peter"", ""brown"", ""cat""]]}",114
lgp-test-6x6-0,"{""header"": [""House"", ""Each person has a unique name"", ""People have unique favorite book genres"", ""Everyone has a favorite smoothie"", ""The people keep unique animals"", ""People have unique favorite music genres"", ""Everyone has a unique favorite cigar""], ""rows"": [[""1"", ""bob"", ""romance"", ""watermelon"", ""cat"", ""rock"", ""pall mall""], [""2"", ""alice"", ""fantasy"", ""blueberry"", ""horse"", ""pop"", ""blends""], [""3"", ""peter"", ""biography"", ""desert"", ""rabbit"", ""jazz"", ""blue master""], [""4"", ""carol"", ""historical fiction"", ""dragonfruit"", ""dog"", ""classical"", ""prince""], [""5"", ""arnold"", ""mystery"", ""lime"", ""bird"", ""country"", ""dunhill""], [""6"", ""eric"", ""science fiction"", ""cherry"", ""fish"", ""hip hop"", ""yellow monster""]]}",136284
lgp-test-5x2-1,"{""header"": [""House"", ""Each person has a unique name"", ""Each person prefers a unique type of vacation""], ""rows"": [[""1"", ""arnold"", ""mountain""], [""2"", ""alice"", ""camping""], [""3"", ""eric"", ""city""], [""4"", ""bob"", ""beach""], [""5"", ""peter"", ""cruise""]]}",59
lgp-test-4x2-37,"{""header"": [""House"", ""Each person has a unique name"", ""Each person has a unique birthday month""], ""rows"": [[""1"", ""arnold"", ""jan""], [""2"", ""peter"", ""feb""], [""3"", ""alice"", ""april""], [""4"", ""eric"", ""sept""]]}",36
lgp-test-4x3-12,"{""header"": [""House"", ""Each person has a unique name"", ""People own unique car models"", ""Everyone has a favorite smoothie""], ""rows"": [[""1"", ""eric"", ""toyota camry"", ""cherry""], [""2"", ""peter"", ""honda civic"", ""dragonfruit""], [""3"", ""arnold"", ""ford f150"", ""watermelon""], [""4"", ""alice"", ""tesla model 3"", ""desert""]]}",54
lgp-test-5x6-25,"{""header"": [""House"", ""Each person has a unique name"", ""People use unique phone models"", ""Each person has a unique hobby"", ""Everyone has a unique favorite cigar"", ""People have unique favorite sports"", ""Everyone has a favorite smoothie""], ""rows"": [[""1"", ""peter"", ""oneplus 9"", ""painting"", ""prince"", ""soccer"", ""desert""], [""2"", ""bob"", ""samsung galaxy s21"", ""cooking"", ""blue master"", ""swimming"", ""lime""], [""3"", ""arnold"", ""google pixel 6"", ""knitting"", ""pall mall"", ""baseball"", ""dragonfruit""], [""4"", ""alice"", ""huawei p50"", ""gardening"", ""dunhill"", ""basketball"", ""watermelon""], [""5"", ""eric"", ""iphone 13"", ""photography"", ""blends"", ""tennis"", ""cherry""]]}",927
lgp-test-3x3-28,"{""header"": [""House"", ""Each person has a unique name"", ""People own unique car models"", ""The people are of nationalities""], ""rows"": [[""1"", ""eric"", ""tesla model 3"", ""swede""], [""2"", ""peter"", ""ford f150"", ""dane""], [""3"", ""arnold"", ""toyota camry"", ""brit""]]}",10
lgp-test-2x5-13,"{""header"": [""House"", ""Each person has a unique name"", ""People have unique hair colors"", ""Each person has an occupation"", ""Each person has a unique favorite drink"", ""Each person prefers a unique type of vacation""], ""rows"": [[""1"", ""eric"", ""black"", ""engineer"", ""water"", ""mountain""], [""2"", ""arnold"", ""brown"", ""doctor"", ""tea"", ""beach""]]}",11
lgp-test-3x5-21,"{""header"": [""House"", ""Each person has a unique name"", ""Each person has an occupation"", ""People own unique car models"", ""The mothers' names in different houses are unique"", ""The people are of nationalities""], ""rows"": [[""1"", ""arnold"", ""teacher"", ""toyota camry"", ""aniya"", ""brit""], [""2"", ""peter"", ""engineer"", ""tesla model 3"", ""janelle"", ""dane""], [""3"", ""eric"", ""doctor"", ""ford f150"", ""holly"", ""swede""]]}",19
lgp-test-6x2-3,"{""header"": [""House"", ""Each person has a unique name"", ""People have unique hair colors""], ""rows"": [[""1"", ""peter"", ""red""], [""2"", ""bob"", ""blonde""], [""3"", ""carol"", ""brown""], [""4"", ""eric"", ""black""], [""5"", ""arnold"", ""gray""], [""6"", ""alice"", ""auburn""]]}",47
lgp-test-2x3-5,"{""header"": [""House"", ""Each person has a unique name"", ""Each person has a unique favorite drink"", ""Everyone has a unique favorite cigar""], ""rows"": [[""1"", ""arnold"", ""tea"", ""pall mall""], [""2"", ""eric"", ""water"", ""prince""]]}",8
lgp-test-3x4-3,"{""header"": [""House"", ""Each person has a unique name"", ""Each person lives in a unique style of house"", ""Everyone has a unique favorite cigar"", ""Each person has a unique type of pet""], ""rows"": [[""1"", ""arnold"", ""ranch"", ""blue master"", ""dog""], [""2"", ""eric"", ""colonial"", ""prince"", ""cat""], [""3"", ""peter"", ""victorian"", ""pall mall"", ""fish""]]}",17
lgp-test-5x3-12,"{""header"": [""House"", ""Each person has a unique name"", ""People use unique phone models"", ""Each person has an occupation""], ""rows"": [[""1"", ""arnold"", ""huawei p50"", ""doctor""], [""2"", ""alice"", ""samsung galaxy s21"", ""teacher""], [""3"", ""eric"", ""iphone 13"", ""lawyer""], [""4"", ""bob"", ""oneplus 9"", ""engineer""], [""5"", ""peter"", ""google pixel 6"", ""artist""]]}",219
lgp-test-6x5-28,"{""header"": [""House"", ""Each person has a unique name"", ""People have unique favorite music genres"", ""Each person has an occupation"", ""Each person prefers a unique type of vacation"", ""Each person has a favorite color""], ""rows"": [[""1"", ""bob"", ""classical"", ""engineer"", ""mountain"", ""purple""], [""2"", ""eric"", ""hip hop"", ""lawyer"", ""city"", ""green""], [""3"", ""carol"", ""jazz"", ""nurse"", ""camping"", ""red""], [""4"", ""arnold"", ""rock"", ""artist"", ""beach"", ""blue""], [""5"", ""alice"", ""country"", ""teacher"", ""cruise"", ""yellow""], [""6"", ""peter"", ""pop"", ""doctor"", ""cultural"", ""white""]]}",24409
lgp-test-2x3-12,"{""header"": [""House"", ""Each person has a unique name"", ""Each person lives in a unique style of house"", ""People have unique favorite music genres""], ""rows"": [[""1"", ""eric"", ""victorian"", ""rock""], [""2"", ""arnold"", ""colonial"", ""pop""]]}",7
lgp-test-6x2-21,"{""header"": [""House"", ""Each person has a unique name"", ""Each person has a unique hobby""], ""rows"": [[""1"", ""alice"", ""painting""], [""2"", ""bob"", ""woodworking""], [""3"", ""peter"", ""cooking""], [""4"", ""carol"", ""gardening""], [""5"", ""arnold"", ""photography""], [""6"", ""eric"", ""knitting""]]}",23
lgp-test-5x6-19,"{""header"": [""House"", ""Each person has a unique name"", ""Each mother is accompanied by their child"", ""Everyone has a favorite smoothie"", ""Each person has a unique type of pet"", ""Each person has a unique favorite drink"", ""The mothers' names in different houses are unique""], ""rows"": [[""1"", ""eric"", ""timothy"", ""cherry"", ""bird"", ""root beer"", ""janelle""], [""2"", ""bob"", ""meredith"", ""lime"", ""fish"", ""water"", ""kailyn""], [""3"", ""peter"", ""bella"", ""dragonfruit"", ""cat"", ""coffee"", ""penny""], [""4"", ""alice"", ""samantha"", ""desert"", ""dog"", ""milk"", ""holly""], [""5"", ""arnold"", ""fred"", ""watermelon"", ""hamster"", ""tea"", ""aniya""]]}",55
lgp-test-6x6-17,"{""header"": [""House"", ""Each person has a unique name"", ""The mothers' names in different houses are unique"", ""Everyone has something unique for lunch"", ""The people keep unique animals"", ""Everyone has a favorite smoothie"", ""Each person lives in a unique style of house""], ""rows"": [[""1"", ""carol"", ""penny"", ""soup"", ""horse"", ""desert"", ""victorian""], [""2"", ""bob"", ""aniya"", ""grilled cheese"", ""cat"", ""dragonfruit"", ""ranch""], [""3"", ""alice"", ""sarah"", ""spaghetti"", ""bird"", ""blueberry"", ""colonial""], [""4"", ""peter"", ""janelle"", ""stew"", ""dog"", ""watermelon"", ""mediterranean""], [""5"", ""eric"", ""holly"", ""stir fry"", ""fish"", ""cherry"", ""craftsman""], [""6"", ""arnold"", ""kailyn"", ""pizza"", ""rabbit"", ""lime"", ""modern""]]}",350176
lgp-test-4x6-39,"{""header"": [""House"", ""Each person has a unique name"", ""People own unique car models"", ""They all have a unique favorite flower"", ""Each person has a unique favorite drink"", ""People have unique heights"", ""Each person has a favorite color""], ""rows"": [[""1"", ""eric"", ""toyota camry"", ""roses"", ""tea"", ""very short"", ""yellow""], [""2"", ""alice"", ""ford f150"", ""daffodils"", ""coffee"", ""short"", ""white""], [""3"", ""arnold"", ""honda civic"", ""carnations"", ""water"", ""average"", ""green""], [""4"", ""peter"", ""tesla model 3"", ""lilies"", ""milk"", ""tall"", ""red""]]}",70
lgp-test-3x2-8,"{""header"": [""House"", ""Each person has a unique name"", ""People have unique heights""], ""rows"": [[""1"", ""arnold"", ""very short""], [""2"", ""eric"", ""average""], [""3"", ""peter"", ""short""]]}",7
lgp-test-3x5-31,"{""header"": [""House"", ""Each person has a unique name"", ""The mothers' names in different houses are unique"", ""People have unique favorite sports"", ""Each person has a unique favorite drink"", ""They all have a unique favorite flower""], ""rows"": [[""1"", ""eric"", ""holly"", ""basketball"", ""water"", ""carnations""], [""2"", ""arnold"", ""aniya"", ""soccer"", ""tea"", ""daffodils""], [""3"", ""peter"", ""janelle"", ""tennis"", ""milk"", ""lilies""]]}",29
lgp-test-3x2-15,"{""header"": [""House"", ""Each person has a unique name"", ""People have unique heights""], ""rows"": [[""1"", ""eric"", ""short""], [""2"", ""arnold"", ""average""], [""3"", ""peter"", ""very short""]]}",7
lgp-test-3x4-8,"{""header"": [""House"", ""Each person has a unique name"", ""Each person prefers a unique type of vacation"", ""People have unique favorite sports"", ""Each person has a unique type of pet""], ""rows"": [[""1"", ""arnold"", ""beach"", ""soccer"", ""dog""], [""2"", ""peter"", ""mountain"", ""basketball"", ""fish""], [""3"", ""eric"", ""city"", ""tennis"", ""cat""]]}",56
lgp-test-3x3-38,"{""header"": [""House"", ""Each person has a unique name"", ""Each person has a unique hobby"", ""Each person lives in a unique style of house""], ""rows"": [[""1"", ""eric"", ""gardening"", ""ranch""], [""2"", ""arnold"", ""cooking"", ""colonial""], [""3"", ""peter"", ""photography"", ""victorian""]]}",12
lgp-test-6x5-33,"{""header"": [""House"", ""Each person has a unique name"", ""Each person has a unique level of education"", ""Everyone has something unique for lunch"", ""People have unique favorite sports"", ""People have unique heights""], ""rows"": [[""1"", ""peter"", ""associate"", ""pizza"", ""tennis"", ""short""], [""2"", ""eric"", ""bachelor"", ""spaghetti"", ""soccer"", ""tall""], [""3"", ""arnold"", ""high school"", ""soup"", ""baseball"", ""very short""], [""4"", ""carol"", ""trade school"", ""stir fry"", ""volleyball"", ""very tall""], [""5"", ""alice"", ""doctorate"", ""grilled cheese"", ""basketball"", ""super tall""], [""6"", ""bob"", ""master"", ""stew"", ""swimming"", ""average""]]}",2352
lgp-test-6x2-20,"{""header"": [""House"", ""Each person has a unique name"", ""They all have a unique favorite flower""], ""rows"": [[""1"", ""peter"", ""tulips""], [""2"", ""arnold"", ""lilies""], [""3"", ""eric"", ""carnations""], [""4"", ""alice"", ""roses""], [""5"", ""carol"", ""iris""], [""6"", ""bob"", ""daffodils""]]}",296
lgp-test-2x4-29,"{""header"": [""House"", ""Each person has a unique name"", ""Each mother is accompanied by their child"", ""The people keep unique animals"", ""The mothers' names in different houses are unique""], ""rows"": [[""1"", ""eric"", ""fred"", ""horse"", ""aniya""], [""2"", ""arnold"", ""bella"", ""cat"", ""holly""]]}",9
lgp-test-2x4-38,"{""header"": [""House"", ""Each person has a unique name"", ""Each person has a unique birthday month"", ""Each mother is accompanied by their child"", ""Each person has a unique level of education""], ""rows"": [[""1"", ""arnold"", ""april"", ""bella"", ""associate""], [""2"", ""eric"", ""sept"", ""fred"", ""high school""]]}",9
lgp-test-6x5-21,"{""header"": [""House"", ""Each person has a unique name"", ""Each person has a unique hobby"", ""Each person lives in a unique style of house"", ""People have unique favorite music genres"", ""People have unique hair colors""], ""rows"": [[""1"", ""alice"", ""cooking"", ""modern"", ""pop"", ""red""], [""2"", ""eric"", ""painting"", ""colonial"", ""rock"", ""blonde""], [""3"", ""arnold"", ""gardening"", ""victorian"", ""hip hop"", ""brown""], [""4"", ""peter"", ""photography"", ""ranch"", ""classical"", ""black""], [""5"", ""bob"", ""knitting"", ""mediterranean"", ""country"", ""auburn""], [""6"", ""carol"", ""woodworking"", ""craftsman"", ""jazz"", ""gray""]]}",3053
lgp-test-2x5-17,"{""header"": [""House"", ""Each person has a unique name"", ""The people keep unique animals"", ""People have unique favorite sports"", ""Everyone has a unique favorite cigar"", ""Each person has a unique level of education""], ""rows"": [[""1"", ""eric"", ""horse"", ""basketball"", ""prince"", ""associate""], [""2"", ""arnold"", ""cat"", ""soccer"", ""pall mall"", ""high school""]]}",11
lgp-test-2x4-26,"{""header"": [""House"", ""Each person has a unique name"", ""Everyone has a favorite smoothie"", ""Each person has a unique favorite drink"", ""People have unique favorite sports""], ""rows"": [[""1"", ""arnold"", ""cherry"", ""water"", ""basketball""], [""2"", ""eric"", ""desert"", ""tea"", ""soccer""]]}",9
lgp-test-3x4-26,"{""header"": [""House"", ""Each person has a unique name"", ""Everyone has something unique for lunch"", ""Everyone has a favorite smoothie"", ""Each person has a unique type of pet""], ""rows"": [[""1"", ""arnold"", ""spaghetti"", ""watermelon"", ""dog""], [""2"", ""eric"", ""pizza"", ""desert"", ""cat""], [""3"", ""peter"", ""grilled cheese"", ""cherry"", ""fish""]]}",15
lgp-test-6x6-12,"{""header"": [""House"", ""Each person has a unique name"", ""People have unique favorite music genres"", ""The people keep unique animals"", ""Each person lives in a unique style of house"", ""Each person has a unique hobby"", ""The people are of nationalities""], ""rows"": [[""1"", ""arnold"", ""pop"", ""cat"", ""mediterranean"", ""knitting"", ""chinese""], [""2"", ""bob"", ""rock"", ""bird"", ""victorian"", ""cooking"", ""german""], [""3"", ""eric"", ""hip hop"", ""dog"", ""ranch"", ""gardening"", ""norwegian""], [""4"", ""alice"", ""jazz"", ""rabbit"", ""colonial"", ""painting"", ""swede""], [""5"", ""peter"", ""classical"", ""fish"", ""modern"", ""photography"", ""dane""], [""6"", ""carol"", ""country"", ""horse"", ""craftsman"", ""woodworking"", ""brit""]]}",15829711
lgp-test-2x2-8,"{""header"": [""House"", ""Each person has a unique name"", ""People have unique heights""], ""rows"": [[""1"", ""arnold"", ""short""], [""2"", ""eric"", ""very short""]]}",5
lgp-test-6x2-22,"{""header"": [""House"", ""Each person has a unique name"", ""Each person has a favorite color""], ""rows"": [[""1"", ""peter"", ""red""], [""2"", ""eric"", ""blue""], [""3"", ""arnold"", ""green""], [""4"", ""bob"", ""white""], [""5"", ""alice"", ""purple""], [""6"", ""carol"", ""yellow""]]}",60
lgp-test-3x4-29,"{""header"": [""House"", ""Each person has a unique name"", ""Each person has a unique type of pet"", ""Everyone has a unique favorite cigar"", ""People have unique favorite book genres""], ""rows"": [[""1"", ""eric"", ""dog"", ""prince"", ""science fiction""], [""2"", ""arnold"", ""cat"", ""pall mall"", ""romance""], [""3"", ""peter"", ""fish"", ""blue master"", ""mystery""]]}",13
lgp-test-4x5-36,"{""header"": [""House"", ""Each person has a unique name"", ""Each mother is accompanied by their child"", ""People have unique hair colors"", ""They all have a unique favorite flower"", ""The people keep unique animals""], ""rows"": [[""1"", ""peter"", ""samantha"", ""red"", ""lilies"", ""fish""], [""2"", ""alice"", ""bella"", ""brown"", ""daffodils"", ""horse""], [""3"", ""arnold"", ""fred"", ""blonde"", ""carnations"", ""bird""], [""4"", ""eric"", ""meredith"", ""black"", ""roses"", ""cat""]]}",30
lgp-test-5x5-23,"{""header"": [""House"", ""Each person has a unique name"", ""People have unique favorite sports"", ""Each mother is accompanied by their child"", ""The mothers' names in different houses are unique"", ""The people keep unique animals""], ""rows"": [[""1"", ""peter"", ""tennis"", ""samantha"", ""kailyn"", ""dog""], [""2"", ""bob"", ""basketball"", ""timothy"", ""aniya"", ""fish""], [""3"", ""arnold"", ""baseball"", ""meredith"", ""janelle"", ""cat""], [""4"", ""eric"", ""swimming"", ""bella"", ""penny"", ""horse""], [""5"", ""alice"", ""soccer"", ""fred"", ""holly"", ""bird""]]}",291
lgp-test-5x2-34,"{""header"": [""House"", ""Each person has a unique name"", ""People own unique car models""], ""rows"": [[""1"", ""eric"", ""honda civic""], [""2"", ""alice"", ""tesla model 3""], [""3"", ""peter"", ""bmw 3 series""], [""4"", ""bob"", ""ford f150""], [""5"", ""arnold"", ""toyota camry""]]}",94
lgp-test-3x4-11,"{""header"": [""House"", ""Each person has a unique name"", ""Each person lives in a unique style of house"", ""The people keep unique animals"", ""People own unique car models""], ""rows"": [[""1"", ""eric"", ""colonial"", ""bird"", ""tesla model 3""], [""2"", ""peter"", ""ranch"", ""horse"", ""toyota camry""], [""3"", ""arnold"", ""victorian"", ""cat"", ""ford f150""]]}",23
lgp-test-3x6-18,"{""header"": [""House"", ""Each person has a unique name"", ""Everyone has something unique for lunch"", ""People have unique favorite sports"", ""People have unique hair colors"", ""People have unique favorite music genres"", ""People have unique favorite book genres""], ""rows"": [[""1"", ""peter"", ""grilled cheese"", ""basketball"", ""blonde"", ""pop"", ""mystery""], [""2"", ""eric"", ""pizza"", ""tennis"", ""brown"", ""classical"", ""romance""], [""3"", ""arnold"", ""spaghetti"", ""soccer"", ""black"", ""rock"", ""science fiction""]]}",56
lgp-test-6x4-9,"{""header"": [""House"", ""Each person has a unique name"", ""People use unique phone models"", ""The people are of nationalities"", ""Each person has a favorite color""], ""rows"": [[""1"", ""carol"", ""xiaomi mi 11"", ""chinese"", ""green""], [""2"", ""arnold"", ""oneplus 9"", ""norwegian"", ""purple""], [""3"", ""alice"", ""google pixel 6"", ""german"", ""red""], [""4"", ""eric"", ""huawei p50"", ""dane"", ""yellow""], [""5"", ""bob"", ""samsung galaxy s21"", ""swede"", ""white""], [""6"", ""peter"", ""iphone 13"", ""brit"", ""blue""]]}",172
lgp-test-5x2-29,"{""header"": [""House"", ""Each person has a unique name"", ""Each mother is accompanied by their child""], ""rows"": [[""1"", ""peter"", ""fred""], [""2"", ""alice"", ""timothy""], [""3"", ""bob"", ""samantha""], [""4"", ""arnold"", ""bella""], [""5"", ""eric"", ""meredith""]]}",28
lgp-test-3x5-37,"{""header"": [""House"", ""Each person has a unique name"", ""People use unique phone models"", ""Each person has an occupation"", ""Each person has a unique hobby"", ""The people keep unique animals""], ""rows"": [[""1"", ""eric"", ""google pixel 6"", ""engineer"", ""cooking"", ""horse""], [""2"", ""peter"", ""samsung galaxy s21"", ""doctor"", ""gardening"", ""bird""], [""3"", ""arnold"", ""iphone 13"", ""teacher"", ""photography"", ""cat""]]}",25
lgp-test-5x4-32,"{""header"": [""House"", ""Each person has a unique name"", ""People use unique phone models"", ""People have unique hair colors"", ""People own unique car models""], ""rows"": [[""1"", ""alice"", ""samsung galaxy s21"", ""red"", ""ford f150""], [""2"", ""eric"", ""huawei p50"", ""black"", ""bmw 3 series""], [""3"", ""bob"", ""iphone 13"", ""blonde"", ""honda civic""], [""4"", ""arnold"", ""oneplus 9"", ""brown"", ""tesla model 3""], [""5"", ""peter"", ""google pixel 6"", ""gray"", ""toyota camry""]]}",93
lgp-test-5x2-20,"{""header"": [""House"", ""Each person has a unique name"", ""Each person has a unique hobby""], ""rows"": [[""1"", ""alice"", ""photography""], [""2"", ""eric"", ""painting""], [""3"", ""arnold"", ""cooking""], [""4"", ""peter"", ""gardening""], [""5"", ""bob"", ""knitting""]]}",12
lgp-test-4x4-38,"{""header"": [""House"", ""Each person has a unique name"", ""Each person has an occupation"", ""Each person has a unique birthday month"", ""Each person has a favorite color""], ""rows"": [[""1"", ""arnold"", ""artist"", ""april"", ""yellow""], [""2"", ""peter"", ""doctor"", ""sept"", ""white""], [""3"", ""alice"", ""engineer"", ""feb"", ""green""], [""4"", ""eric"", ""teacher"", ""jan"", ""red""]]}",28
lgp-test-5x3-22,"{""header"": [""House"", ""Each person has a unique name"", ""Everyone has a favorite smoothie"", ""The people are of nationalities""], ""rows"": [[""1"", ""arnold"", ""lime"", ""swede""], [""2"", ""peter"", ""dragonfruit"", ""german""], [""3"", ""alice"", ""watermelon"", ""norwegian""], [""4"", ""bob"", ""desert"", ""dane""], [""5"", ""eric"", ""cherry"", ""brit""]]}",229
lgp-test-4x5-30,"{""header"": [""House"", ""Each person has a unique name"", ""People have unique favorite book genres"", ""Each person prefers a unique type of vacation"", ""They all have a unique favorite flower"", ""People have unique favorite music genres""], ""rows"": [[""1"", ""eric"", ""romance"", ""cruise"", ""carnations"", ""pop""], [""2"", ""peter"", ""science fiction"", ""city"", ""daffodils"", ""rock""], [""3"", ""arnold"", ""mystery"", ""mountain"", ""lilies"", ""classical""], [""4"", ""alice"", ""fantasy"", ""beach"", ""roses"", ""jazz""]]}",41
lgp-test-2x3-35,"{""header"": [""House"", ""Each person has a unique name"", ""Each person lives in a unique style of house"", ""Everyone has something unique for lunch""], ""rows"": [[""1"", ""arnold"", ""victorian"", ""grilled cheese""], [""2"", ""eric"", ""colonial"", ""pizza""]]}",7
lgp-test-2x4-22,"{""header"": [""House"", ""Each person has a unique name"", ""People have unique hair colors"", ""Each person has a unique type of pet"", ""Each mother is accompanied by their child""], ""rows"": [[""1"", ""arnold"", ""black"", ""cat"", ""fred""], [""2"", ""eric"", ""brown"", ""dog"", ""bella""]]}",9
lgp-test-4x6-16,"{""header"": [""House"", ""Each person has a unique name"", ""Each person has a unique birthday month"", ""Everyone has something unique for lunch"", ""Each person has a unique hobby"", ""Each person has an occupation"", ""Each mother is accompanied by their child""], ""rows"": [[""1"", ""alice"", ""feb"", ""stew"", ""painting"", ""doctor"", ""bella""], [""2"", ""peter"", ""jan"", ""pizza"", ""cooking"", ""teacher"", ""samantha""], [""3"", ""eric"", ""sept"", ""grilled cheese"", ""photography"", ""artist"", ""fred""], [""4"", ""arnold"", ""april"", ""spaghetti"", ""gardening"", ""engineer"", ""meredith""]]}",49
lgp-test-6x3-17,"{""header"": [""House"", ""Each person has a unique name"", ""People have unique heights"", ""People use unique phone models""], ""rows"": [[""1"", ""peter"", ""tall"", ""huawei p50""], [""2"", ""eric"", ""very tall"", ""samsung galaxy s21""], [""3"", ""bob"", ""super tall"", ""xiaomi mi 11""], [""4"", ""arnold"", ""short"", ""iphone 13""], [""5"", ""carol"", ""average"", ""oneplus 9""], [""6"", ""alice"", ""very short"", ""google pixel 6""]]}",139
lgp-test-2x2-9,"{""header"": [""House"", ""Each person has a unique name"", ""People have unique favorite music genres""], ""rows"": [[""1"", ""arnold"", ""rock""], [""2"", ""eric"", ""pop""]]}",5
lgp-test-2x3-34,"{""header"": [""House"", ""Each person has a unique name"", ""People have unique favorite sports"", ""People own unique car models""], ""rows"": [[""1"", ""eric"", ""soccer"", ""ford f150""], [""2"", ""arnold"", ""basketball"", ""tesla model 3""]]}",7
lgp-test-6x5-31,"{""header"": [""House"", ""Each person has a unique name"", ""Everyone has something unique for lunch"", ""Each person has a favorite color"", ""The mothers' names in different houses are unique"", ""Each person lives in a unique style of house""], ""rows"": [[""1"", ""eric"", ""grilled cheese"", ""white"", ""kailyn"", ""victorian""], [""2"", ""carol"", ""pizza"", ""yellow"", ""holly"", ""mediterranean""], [""3"", ""alice"", ""stew"", ""blue"", ""penny"", ""ranch""], [""4"", ""arnold"", ""spaghetti"", ""red"", ""aniya"", ""modern""], [""5"", ""peter"", ""soup"", ""green"", ""janelle"", ""colonial""], [""6"", ""bob"", ""stir fry"", ""purple"", ""sarah"", ""craftsman""]]}",236
lgp-test-4x3-28,"{""header"": [""House"", ""Each person has a unique name"", ""Each person has a favorite color"", ""The people keep unique animals""], ""rows"": [[""1"", ""eric"", ""red"", ""bird""], [""2"", ""alice"", ""yellow"", ""cat""], [""3"", ""peter"", ""green"", ""horse""], [""4"", ""arnold"", ""white"", ""fish""]]}",27
lgp-test-3x4-27,"{""header"": [""House"", ""Each person has a unique name"", ""Everyone has a favorite smoothie"", ""Each person has a unique hobby"", ""The people are of nationalities""], ""rows"": [[""1"", ""arnold"", ""cherry"", ""cooking"", ""dane""], [""2"", ""peter"", ""watermelon"", ""photography"", ""brit""], [""3"", ""eric"", ""desert"", ""gardening"", ""swede""]]}",13
lgp-test-2x5-14,"{""header"": [""House"", ""Each person has a unique name"", ""Everyone has something unique for lunch"", ""People have unique favorite music genres"", ""They all have a unique favorite flower"", ""People have unique favorite book genres""], ""rows"": [[""1"", ""arnold"", ""pizza"", ""rock"", ""carnations"", ""mystery""], [""2"", ""eric"", ""grilled cheese"", ""pop"", ""daffodils"", ""science fiction""]]}",12
lgp-test-6x3-19,"{""header"": [""House"", ""Each person has a unique name"", ""People have unique favorite music genres"", ""Each person has a unique favorite drink""], ""rows"": [[""1"", ""alice"", ""rock"", ""boba tea""], [""2"", ""peter"", ""jazz"", ""root beer""], [""3"", ""carol"", ""country"", ""water""], [""4"", ""bob"", ""pop"", ""milk""], [""5"", ""eric"", ""hip hop"", ""tea""], [""6"", ""arnold"", ""classical"", ""coffee""]]}",635
lgp-test-6x4-4,"{""header"": [""House"", ""Each person has a unique name"", ""People own unique car models"", ""Each person has a unique hobby"", ""Each person has a unique favorite drink""], ""rows"": [[""1"", ""arnold"", ""ford f150"", ""knitting"", ""tea""], [""2"", ""carol"", ""honda civic"", ""photography"", ""coffee""], [""3"", ""bob"", ""tesla model 3"", ""cooking"", ""boba tea""], [""4"", ""alice"", ""chevrolet silverado"", ""woodworking"", ""water""], [""5"", ""peter"", ""toyota camry"", ""painting"", ""root beer""], [""6"", ""eric"", ""bmw 3 series"", ""gardening"", ""milk""]]}",23163
lgp-test-3x3-4,"{""header"": [""House"", ""Each person has a unique name"", ""Each person has a unique hobby"", ""Each person has a unique favorite drink""], ""rows"": [[""1"", ""arnold"", ""gardening"", ""water""], [""2"", ""eric"", ""photography"", ""tea""], [""3"", ""peter"", ""cooking"", ""milk""]]}",14
lgp-test-5x3-1,"{""header"": [""House"", ""Each person has a unique name"", ""People have unique favorite music genres"", ""Everyone has something unique for lunch""], ""rows"": [[""1"", ""alice"", ""pop"", ""spaghetti""], [""2"", ""peter"", ""rock"", ""stir fry""], [""3"", ""eric"", ""classical"", ""pizza""], [""4"", ""bob"", ""hip hop"", ""stew""], [""5"", ""arnold"", ""jazz"", ""grilled cheese""]]}",121
lgp-test-3x2-9,"{""header"": [""House"", ""Each person has a unique name"", ""Each person has a unique hobby""], ""rows"": [[""1"", ""arnold"", ""cooking""], [""2"", ""eric"", ""photography""], [""3"", ""peter"", ""gardening""]]}",18
lgp-test-3x3-27,"{""header"": [""House"", ""Each person has a unique name"", ""Each person has a unique hobby"", ""Each person has a unique favorite drink""], ""rows"": [[""1"", ""eric"", ""photography"", ""tea""], [""2"", ""arnold"", ""cooking"", ""water""], [""3"", ""peter"", ""gardening"", ""milk""]]}",11
lgp-test-6x3-30,"{""header"": [""House"", ""Each person has a unique name"", ""People use unique phone models"", ""Each person has a favorite color""], ""rows"": [[""1"", ""peter"", ""huawei p50"", ""blue""], [""2"", ""alice"", ""xiaomi mi 11"", ""purple""], [""3"", ""carol"", ""iphone 13"", ""white""], [""4"", ""arnold"", ""samsung galaxy s21"", ""red""], [""5"", ""bob"", ""google pixel 6"", ""green""], [""6"", ""eric"", ""oneplus 9"", ""yellow""]]}",66
lgp-test-4x5-15,,28
lgp-test-4x6-18,"{""header"": [""House"", ""Each person has a unique name"", ""Each person has a unique level of education"", ""Everyone has something unique for lunch"", ""People have unique favorite sports"", ""People have unique hair colors"", ""People have unique favorite book genres""], ""rows"": [[""1"", ""arnold"", ""master"", ""stew"", ""swimming"", ""blonde"", ""romance""], [""2"", ""eric"", ""associate"", ""pizza"", ""soccer"", ""brown"", ""mystery""], [""3"", ""alice"", ""bachelor"", ""spaghetti"", ""basketball"", ""black"", ""science fiction""], [""4"", ""peter"", ""high school"", ""grilled cheese"", ""tennis"", ""red"", ""fantasy""]]}",38
lgp-test-6x3-5,"{""header"": [""House"", ""Each person has a unique name"", ""The people are of nationalities"", ""Each person has a favorite color""], ""rows"": [[""1"", ""eric"", ""chinese"", ""purple""], [""2"", ""carol"", ""brit"", ""green""], [""3"", ""alice"", ""swede"", ""white""], [""4"", ""bob"", ""norwegian"", ""red""], [""5"", ""peter"", ""dane"", ""blue""], [""6"", ""arnold"", ""german"", ""yellow""]]}",5572
lgp-test-6x6-8,,7650
lgp-test-2x4-3,"{""header"": [""House"", ""Each person has a unique name"", ""Each person has a unique favorite drink"", ""Each person has a unique level of education"", ""Each person prefers a unique type of vacation""], ""rows"": [[""1"", ""arnold"", ""tea"", ""associate"", ""beach""], [""2"", ""eric"", ""water"", ""high school"", ""mountain""]]}",9
lgp-test-2x3-0,"{""header"": [""House"", ""Each person has a unique name"", ""Each person lives in a unique style of house"", ""Each mother is accompanied by their child""], ""rows"": [[""1"", ""eric"", ""colonial"", ""bella""], [""2"", ""arnold"", ""victorian"", ""fred""]]}",8
lgp-test-5x2-8,"{""header"": [""House"", ""Each person has a unique name"", ""Each person has a unique hobby""], ""rows"": [[""1"", ""peter"", ""cooking""], [""2"", ""arnold"", ""knitting""], [""3"", ""eric"", ""painting""], [""4"", ""alice"", ""photography""], [""5"", ""bob"", ""gardening""]]}",22
lgp-test-4x6-32,"{""header"": [""House"", ""Each person has a unique name"", ""Each person has a unique hobby"", ""People own unique car models"", ""Everyone has something unique for lunch"", ""Each person has an occupation"", ""They all have a unique favorite flower""], ""rows"": [[""1"", ""alice"", ""gardening"", ""honda civic"", ""grilled cheese"", ""artist"", ""carnations""], [""2"", ""arnold"", ""cooking"", ""tesla model 3"", ""pizza"", ""doctor"", ""lilies""], [""3"", ""eric"", ""photography"", ""toyota camry"", ""stew"", ""teacher"", ""roses""], [""4"", ""peter"", ""painting"", ""ford f150"", ""spaghetti"", ""engineer"", ""daffodils""]]}",62
lgp-test-6x3-13,"{""header"": [""House"", ""Each person has a unique name"", ""People have unique favorite book genres"", ""Each person has an occupation""], ""rows"": [[""1"", ""carol"", ""mystery"", ""doctor""], [""2"", ""bob"", ""science fiction"", ""artist""], [""3"", ""eric"", ""historical fiction"", ""nurse""], [""4"", ""alice"", ""fantasy"", ""lawyer""], [""5"", ""arnold"", ""biography"", ""teacher""], [""6"", ""peter"", ""romance"", ""engineer""]]}",24977
lgp-test-4x6-23,"{""header"": [""House"", ""Each person has a unique name"", ""People use unique phone models"", ""The people are of nationalities"", ""People have unique favorite sports"", ""Each person has a favorite color"", ""Everyone has a favorite smoothie""], ""rows"": [[""1"", ""peter"", ""iphone 13"", ""swede"", ""soccer"", ""red"", ""cherry""], [""2"", ""arnold"", ""oneplus 9"", ""norwegian"", ""tennis"", ""green"", ""dragonfruit""], [""3"", ""eric"", ""google pixel 6"", ""brit"", ""basketball"", ""white"", ""desert""], [""4"", ""alice"", ""samsung galaxy s21"", ""dane"", ""swimming"", ""yellow"", ""watermelon""]]}",67
lgp-test-2x5-2,"{""header"": [""House"", ""Each person has a unique name"", ""Each person has a unique hobby"", ""People own unique car models"", ""People have unique favorite music genres"", ""Each person has a unique type of pet""], ""rows"": [[""1"", ""arnold"", ""photography"", ""tesla model 3"", ""rock"", ""cat""], [""2"", ""eric"", ""gardening"", ""ford f150"", ""pop"", ""dog""]]}",14
lgp-test-4x2-13,"{""header"": [""House"", ""Each person has a unique name"", ""The people keep unique animals""], ""rows"": [[""1"", ""arnold"", ""cat""], [""2"", ""alice"", ""horse""], [""3"", ""peter"", ""bird""], [""4"", ""eric"", ""fish""]]}",17
lgp-test-3x3-0,"{""header"": [""House"", ""Each person has a unique name"", ""Each person has a unique level of education"", ""Each person has an occupation""], ""rows"": [[""1"", ""peter"", ""high school"", ""teacher""], [""2"", ""arnold"", ""associate"", ""engineer""], [""3"", ""eric"", ""bachelor"", ""doctor""]]}",17
lgp-test-5x5-3,"{""header"": [""House"", ""Each person has a unique name"", ""They all have a unique favorite flower"", ""Each person has an occupation"", ""Everyone has a favorite smoothie"", ""People own unique car models""], ""rows"": [[""1"", ""alice"", ""tulips"", ""teacher"", ""desert"", ""ford f150""], [""2"", ""bob"", ""carnations"", ""lawyer"", ""cherry"", ""toyota camry""], [""3"", ""peter"", ""roses"", ""doctor"", ""watermelon"", ""tesla model 3""], [""4"", ""arnold"", ""lilies"", ""artist"", ""lime"", ""bmw 3 series""], [""5"", ""eric"", ""daffodils"", ""engineer"", ""dragonfruit"", ""honda civic""]]}",380
lgp-test-5x2-9,"{""header"": [""House"", ""Each person has a unique name"", ""Each person has a unique birthday month""], ""rows"": [[""1"", ""peter"", ""mar""], [""2"", ""alice"", ""feb""], [""3"", ""eric"", ""april""], [""4"", ""bob"", ""sept""], [""5"", ""arnold"", ""jan""]]}",21
lgp-test-5x6-6,"{""header"": [""House"", ""Each person has a unique name"", ""Each person prefers a unique type of vacation"", ""Each person has a unique level of education"", ""Each person has a favorite color"", ""People use unique phone models"", ""Everyone has something unique for lunch""], ""rows"": [[""1"", ""peter"", ""camping"", ""high school"", ""white"", ""iphone 13"", ""spaghetti""], [""2"", ""bob"", ""mountain"", ""bachelor"", ""blue"", ""huawei p50"", ""stir fry""], [""3"", ""eric"", ""city"", ""doctorate"", ""yellow"", ""samsung galaxy s21"", ""pizza""], [""4"", ""alice"", ""cruise"", ""master"", ""green"", ""oneplus 9"", ""stew""], [""5"", ""arnold"", ""beach"", ""associate"", ""red"", ""google pixel 6"", ""grilled cheese""]]}",52760
lgp-test-2x6-30,"{""header"": [""House"", ""Each person has a unique name"", ""Everyone has a unique favorite cigar"", ""Each person has a unique type of pet"", ""People have unique heights"", ""Each person has a unique birthday month"", ""People have unique favorite sports""], ""rows"": [[""1"", ""eric"", ""pall mall"", ""cat"", ""short"", ""april"", ""soccer""], [""2"", ""arnold"", ""prince"", ""dog"", ""very short"", ""sept"", ""basketball""]]}",19
lgp-test-2x4-2,"{""header"": [""House"", ""Each person has a unique name"", ""Each person lives in a unique style of house"", ""Everyone has a unique favorite cigar"", ""Each person has an occupation""], ""rows"": [[""1"", ""arnold"", ""victorian"", ""pall mall"", ""doctor""], [""2"", ""eric"", ""colonial"", ""prince"", ""engineer""]]}",9
lgp-test-4x5-0,"{""header"": [""House"", ""Each person has a unique name"", ""Everyone has a favorite smoothie"", ""Everyone has a unique favorite cigar"", ""People have unique heights"", ""People use unique phone models""], ""rows"": [[""1"", ""eric"", ""dragonfruit"", ""pall mall"", ""average"", ""samsung galaxy s21""], [""2"", ""peter"", ""desert"", ""blue master"", ""very short"", ""iphone 13""], [""3"", ""alice"", ""watermelon"", ""prince"", ""tall"", ""oneplus 9""], [""4"", ""arnold"", ""cherry"", ""dunhill"", ""short"", ""google pixel 6""]]}",148
lgp-test-6x3-36,"{""header"": [""House"", ""Each person has a unique name"", ""Everyone has a favorite smoothie"", ""The people keep unique animals""], ""rows"": [[""1"", ""peter"", ""watermelon"", ""cat""], [""2"", ""alice"", ""desert"", ""fish""], [""3"", ""arnold"", ""dragonfruit"", ""dog""], [""4"", ""eric"", ""blueberry"", ""bird""], [""5"", ""bob"", ""cherry"", ""horse""], [""6"", ""carol"", ""lime"", ""rabbit""]]}",125
lgp-test-6x2-5,"{""header"": [""House"", ""Each person has a unique name"", ""Each person prefers a unique type of vacation""], ""rows"": [[""1"", ""alice"", ""mountain""], [""2"", ""eric"", ""camping""], [""3"", ""peter"", ""cultural""], [""4"", ""carol"", ""city""], [""5"", ""bob"", ""cruise""], [""6"", ""arnold"", ""beach""]]}",187
lgp-test-5x6-23,"{""header"": [""House"", ""Each person has a unique name"", ""Each person has a unique level of education"", ""People use unique phone models"", ""People have unique favorite music genres"", ""The people keep unique animals"", ""Each person has a unique hobby""], ""rows"": [[""1"", ""peter"", ""doctorate"", ""iphone 13"", ""rock"", ""dog"", ""gardening""], [""2"", ""alice"", ""high school"", ""samsung galaxy s21"", ""hip hop"", ""cat"", ""knitting""], [""3"", ""arnold"", ""master"", ""oneplus 9"", ""jazz"", ""bird"", ""painting""], [""4"", ""eric"", ""associate"", ""huawei p50"", ""classical"", ""fish"", ""cooking""], [""5"", ""bob"", ""bachelor"", ""google pixel 6"", ""pop"", ""horse"", ""photography""]]}",42272
lgp-test-4x4-34,"{""header"": [""House"", ""Each person has a unique name"", ""People own unique car models"", ""Everyone has a unique favorite cigar"", ""People have unique favorite sports""], ""rows"": [[""1"", ""alice"", ""ford f150"", ""pall mall"", ""basketball""], [""2"", ""peter"", ""honda civic"", ""prince"", ""soccer""], [""3"", ""eric"", ""toyota camry"", ""dunhill"", ""tennis""], [""4"", ""arnold"", ""tesla model 3"", ""blue master"", ""swimming""]]}",77
lgp-test-4x4-8,"{""header"": [""House"", ""Each person has a unique name"", ""People have unique heights"", ""Everyone has a favorite smoothie"", ""They all have a unique favorite flower""], ""rows"": [[""1"", ""peter"", ""very short"", ""dragonfruit"", ""lilies""], [""2"", ""alice"", ""tall"", ""cherry"", ""daffodils""], [""3"", ""eric"", ""short"", ""desert"", ""roses""], [""4"", ""arnold"", ""average"", ""watermelon"", ""carnations""]]}",59
lgp-test-6x3-7,"{""header"": [""House"", ""Each person has a unique name"", ""Each person has a favorite color"", ""Each person has a unique birthday month""], ""rows"": [[""1"", ""carol"", ""blue"", ""jan""], [""2"", ""eric"", ""purple"", ""april""], [""3"", ""peter"", ""green"", ""may""], [""4"", ""alice"", ""red"", ""sept""], [""5"", ""arnold"", ""white"", ""feb""], [""6"", ""bob"", ""yellow"", ""mar""]]}",2150
lgp-test-5x3-32,"{""header"": [""House"", ""Each person has a unique name"", ""They all have a unique favorite flower"", ""Each mother is accompanied by their child""], ""rows"": [[""1"", ""bob"", ""daffodils"", ""timothy""], [""2"", ""alice"", ""carnations"", ""meredith""], [""3"", ""eric"", ""lilies"", ""fred""], [""4"", ""peter"", ""roses"", ""bella""], [""5"", ""arnold"", ""tulips"", ""samantha""]]}",19
lgp-test-2x3-18,"{""header"": [""House"", ""Each person has a unique name"", ""Everyone has a favorite smoothie"", ""People use unique phone models""], ""rows"": [[""1"", ""arnold"", ""desert"", ""samsung galaxy s21""], [""2"", ""eric"", ""cherry"", ""iphone 13""]]}",7
lgp-test-3x5-1,"{""header"": [""House"", ""Each person has a unique name"", ""Each person lives in a unique style of house"", ""People have unique favorite sports"", ""Everyone has a favorite smoothie"", ""People have unique heights""], ""rows"": [[""1"", ""eric"", ""colonial"", ""tennis"", ""cherry"", ""average""], [""2"", ""peter"", ""ranch"", ""basketball"", ""watermelon"", ""short""], [""3"", ""arnold"", ""victorian"", ""soccer"", ""desert"", ""very short""]]}",34
lgp-test-5x4-11,"{""header"": [""House"", ""Each person has a unique name"", ""People have unique heights"", ""People own unique car models"", ""People use unique phone models""], ""rows"": [[""1"", ""bob"", ""short"", ""tesla model 3"", ""iphone 13""], [""2"", ""alice"", ""very tall"", ""honda civic"", ""samsung galaxy s21""], [""3"", ""peter"", ""very short"", ""toyota camry"", ""huawei p50""], [""4"", ""eric"", ""average"", ""bmw 3 series"", ""oneplus 9""], [""5"", ""arnold"", ""tall"", ""ford f150"", ""google pixel 6""]]}",254
lgp-test-4x5-35,"{""header"": [""House"", ""Each person has a unique name"", ""People have unique favorite book genres"", ""People have unique heights"", ""Everyone has a favorite smoothie"", ""Each person has a favorite color""], ""rows"": [[""1"", ""arnold"", ""science fiction"", ""short"", ""watermelon"", ""red""], [""2"", ""eric"", ""fantasy"", ""very short"", ""desert"", ""yellow""], [""3"", ""peter"", ""mystery"", ""tall"", ""dragonfruit"", ""white""], [""4"", ""alice"", ""romance"", ""average"", ""cherry"", ""green""]]}",42
lgp-test-4x6-33,"{""header"": [""House"", ""Each person has a unique name"", ""The people keep unique animals"", ""Each person has a favorite color"", ""Each person prefers a unique type of vacation"", ""Everyone has something unique for lunch"", ""People have unique favorite sports""], ""rows"": [[""1"", ""peter"", ""horse"", ""green"", ""city"", ""pizza"", ""soccer""], [""2"", ""eric"", ""fish"", ""red"", ""cruise"", ""spaghetti"", ""basketball""], [""3"", ""arnold"", ""cat"", ""yellow"", ""beach"", ""stew"", ""swimming""], [""4"", ""alice"", ""bird"", ""white"", ""mountain"", ""grilled cheese"", ""tennis""]]}",78
lgp-test-6x2-37,"{""header"": [""House"", ""Each person has a unique name"", ""People own unique car models""], ""rows"": [[""1"", ""carol"", ""bmw 3 series""], [""2"", ""peter"", ""tesla model 3""], [""3"", ""alice"", ""chevrolet silverado""], [""4"", ""arnold"", ""ford f150""], [""5"", ""eric"", ""honda civic""], [""6"", ""bob"", ""toyota camry""]]}",291
lgp-test-3x2-22,"{""header"": [""House"", ""Each person has a unique name"", ""Each person lives in a unique style of house""], ""rows"": [[""1"", ""arnold"", ""colonial""], [""2"", ""eric"", ""victorian""], [""3"", ""peter"", ""ranch""]]}",7
lgp-test-3x4-23,"{""header"": [""House"", ""Each person has a unique name"", ""Each person prefers a unique type of vacation"", ""Each person lives in a unique style of house"", ""People have unique heights""], ""rows"": [[""1"", ""peter"", ""city"", ""victorian"", ""short""], [""2"", ""arnold"", ""mountain"", ""ranch"", ""average""], [""3"", ""eric"", ""beach"", ""colonial"", ""very short""]]}",26
lgp-test-5x4-36,"{""header"": [""House"", ""Each person has a unique name"", ""Each person has a favorite color"", ""Each mother is accompanied by their child"", ""They all have a unique favorite flower""], ""rows"": [[""1"", ""arnold"", ""white"", ""bella"", ""lilies""], [""2"", ""peter"", ""green"", ""meredith"", ""daffodils""], [""3"", ""alice"", ""blue"", ""samantha"", ""tulips""], [""4"", ""bob"", ""red"", ""fred"", ""carnations""], [""5"", ""eric"", ""yellow"", ""timothy"", ""roses""]]}",454
lgp-test-2x5-38,"{""header"": [""House"", ""Each person has a unique name"", ""They all have a unique favorite flower"", ""The mothers' names in different houses are unique"", ""Each person has a unique birthday month"", ""People have unique favorite book genres""], ""rows"": [[""1"", ""arnold"", ""carnations"", ""holly"", ""april"", ""mystery""], [""2"", ""eric"", ""daffodils"", ""aniya"", ""sept"", ""science fiction""]]}",11
lgp-test-4x4-18,"{""header"": [""House"", ""Each person has a unique name"", ""Everyone has a unique favorite cigar"", ""Everyone has something unique for lunch"", ""People have unique favorite book genres""], ""rows"": [[""1"", ""eric"", ""prince"", ""spaghetti"", ""romance""], [""2"", ""arnold"", ""pall mall"", ""grilled cheese"", ""science fiction""], [""3"", ""alice"", ""blue master"", ""pizza"", ""mystery""], [""4"", ""peter"", ""dunhill"", ""stew"", ""fantasy""]]}",85
lgp-test-4x6-9,"{""header"": [""House"", ""Each person has a unique name"", ""They all have a unique favorite flower"", ""People have unique heights"", ""The mothers' names in different houses are unique"", ""Each person has an occupation"", ""People have unique favorite sports""], ""rows"": [[""1"", ""arnold"", ""lilies"", ""tall"", ""kailyn"", ""teacher"", ""tennis""], [""2"", ""peter"", ""carnations"", ""average"", ""janelle"", ""doctor"", ""basketball""], [""3"", ""eric"", ""roses"", ""very short"", ""holly"", ""engineer"", ""swimming""], [""4"", ""alice"", ""daffodils"", ""short"", ""aniya"", ""artist"", ""soccer""]]}",3725
lgp-test-6x4-17,"{""header"": [""House"", ""Each person has a unique name"", ""The people are of nationalities"", ""People have unique favorite music genres"", ""Each person has a unique level of education""], ""rows"": [[""1"", ""bob"", ""german"", ""classical"", ""master""], [""2"", ""eric"", ""norwegian"", ""hip hop"", ""associate""], [""3"", ""alice"", ""dane"", ""rock"", ""doctorate""], [""4"", ""carol"", ""brit"", ""country"", ""trade school""], [""5"", ""peter"", ""chinese"", ""pop"", ""bachelor""], [""6"", ""arnold"", ""swede"", ""jazz"", ""high school""]]}",59
lgp-test-3x4-12,"{""header"": [""House"", ""Each person has a unique name"", ""Each person has a unique type of pet"", ""Each person has a unique hobby"", ""People have unique favorite music genres""], ""rows"": [[""1"", ""eric"", ""cat"", ""gardening"", ""classical""], [""2"", ""peter"", ""fish"", ""photography"", ""rock""], [""3"", ""arnold"", ""dog"", ""cooking"", ""pop""]]}",20
lgp-test-4x3-25,"{""header"": [""House"", ""Each person has a unique name"", ""Everyone has a favorite smoothie"", ""Each person has a favorite color""], ""rows"": [[""1"", ""peter"", ""desert"", ""white""], [""2"", ""alice"", ""cherry"", ""green""], [""3"", ""arnold"", ""watermelon"", ""yellow""], [""4"", ""eric"", ""dragonfruit"", ""red""]]}",16
lgp-test-6x6-28,"{""header"": [""House"", ""Each person has a unique name"", ""Everyone has something unique for lunch"", ""People use unique phone models"", ""People have unique favorite music genres"", ""Each person has a unique favorite drink"", ""Each person has an occupation""], ""rows"": [[""1"", ""alice"", ""soup"", ""xiaomi mi 11"", ""country"", ""boba tea"", ""artist""], [""2"", ""eric"", ""stir fry"", ""google pixel 6"", ""jazz"", ""coffee"", ""lawyer""], [""3"", ""carol"", ""pizza"", ""iphone 13"", ""rock"", ""milk"", ""engineer""], [""4"", ""bob"", ""spaghetti"", ""huawei p50"", ""classical"", ""root beer"", ""doctor""], [""5"", ""peter"", ""stew"", ""samsung galaxy s21"", ""hip hop"", ""water"", ""teacher""], [""6"", ""arnold"", ""grilled cheese"", ""oneplus 9"", ""pop"", ""tea"", ""nurse""]]}",270840
lgp-test-3x6-39,"{""header"": [""House"", ""Each person has a unique name"", ""Each mother is accompanied by their child"", ""People use unique phone models"", ""People have unique favorite book genres"", ""Everyone has a unique favorite cigar"", ""People have unique heights""], ""rows"": [[""1"", ""eric"", ""meredith"", ""google pixel 6"", ""mystery"", ""pall mall"", ""very short""], [""2"", ""peter"", ""fred"", ""samsung galaxy s21"", ""science fiction"", ""prince"", ""short""], [""3"", ""arnold"", ""bella"", ""iphone 13"", ""romance"", ""blue master"", ""average""]]}",40
lgp-test-2x2-2,"{""header"": [""House"", ""Each person has a unique name"", ""The people keep unique animals""], ""rows"": [[""1"", ""eric"", ""cat""], [""2"", ""arnold"", ""horse""]]}",5
lgp-test-6x4-6,"{""header"": [""House"", ""Each person has a unique name"", ""Each person has a unique hobby"", ""Each person has a unique birthday month"", ""Everyone has a unique favorite cigar""], ""rows"": [[""1"", ""arnold"", ""woodworking"", ""sept"", ""pall mall""], [""2"", ""alice"", ""photography"", ""mar"", ""dunhill""], [""3"", ""peter"", ""knitting"", ""feb"", ""prince""], [""4"", ""eric"", ""painting"", ""april"", ""yellow monster""], [""5"", ""carol"", ""gardening"", ""jan"", ""blends""], [""6"", ""bob"", ""cooking"", ""may"", ""blue master""]]}",958
lgp-test-2x6-8,"{""header"": [""House"", ""Each person has a unique name"", ""Everyone has a unique favorite cigar"", ""Each person prefers a unique type of vacation"", ""Everyone has a favorite smoothie"", ""People have unique heights"", ""Each person has a unique birthday month""], ""rows"": [[""1"", ""eric"", ""prince"", ""beach"", ""desert"", ""very short"", ""sept""], [""2"", ""arnold"", ""pall mall"", ""mountain"", ""cherry"", ""short"", ""april""]]}",13
lgp-test-5x5-5,,157
lgp-test-6x3-29,"{""header"": [""House"", ""Each person has a unique name"", ""Each person lives in a unique style of house"", ""Everyone has a unique favorite cigar""], ""rows"": [[""1"", ""arnold"", ""victorian"", ""pall mall""], [""2"", ""alice"", ""ranch"", ""dunhill""], [""3"", ""eric"", ""craftsman"", ""blends""], [""4"", ""bob"", ""modern"", ""yellow monster""], [""5"", ""carol"", ""colonial"", ""prince""], [""6"", ""peter"", ""mediterranean"", ""blue master""]]}",613
lgp-test-3x2-18,"{""header"": [""House"", ""Each person has a unique name"", ""Each person has a favorite color""], ""rows"": [[""1"", ""eric"", ""red""], [""2"", ""peter"", ""white""], [""3"", ""arnold"", ""yellow""]]}",7
lgp-test-4x4-12,"{""header"": [""House"", ""Each person has a unique name"", ""People have unique favorite music genres"", ""Each person has a unique hobby"", ""Everyone has something unique for lunch""], ""rows"": [[""1"", ""eric"", ""jazz"", ""photography"", ""pizza""], [""2"", ""alice"", ""pop"", ""painting"", ""grilled cheese""], [""3"", ""peter"", ""rock"", ""cooking"", ""stew""], [""4"", ""arnold"", ""classical"", ""gardening"", ""spaghetti""]]}",29
lgp-test-5x4-35,"{""header"": [""House"", ""Each person has a unique name"", ""Each person has an occupation"", ""Everyone has a favorite smoothie"", ""Each mother is accompanied by their child""], ""rows"": [[""1"", ""eric"", ""lawyer"", ""lime"", ""meredith""], [""2"", ""bob"", ""teacher"", ""dragonfruit"", ""fred""], [""3"", ""alice"", ""doctor"", ""watermelon"", ""bella""], [""4"", ""arnold"", ""engineer"", ""desert"", ""samantha""], [""5"", ""peter"", ""artist"", ""cherry"", ""timothy""]]}",1493
lgp-test-5x5-31,"{""header"": [""House"", ""Each person has a unique name"", ""People use unique phone models"", ""Everyone has a favorite smoothie"", ""The mothers' names in different houses are unique"", ""Each person has an occupation""], ""rows"": [[""1"", ""eric"", ""huawei p50"", ""lime"", ""penny"", ""doctor""], [""2"", ""arnold"", ""oneplus 9"", ""desert"", ""aniya"", ""lawyer""], [""3"", ""alice"", ""google pixel 6"", ""dragonfruit"", ""holly"", ""teacher""], [""4"", ""peter"", ""samsung galaxy s21"", ""watermelon"", ""kailyn"", ""engineer""], [""5"", ""bob"", ""iphone 13"", ""cherry"", ""janelle"", ""artist""]]}",125
lgp-test-2x6-10,"{""header"": [""House"", ""Each person has a unique name"", ""Each person has a unique birthday month"", ""The people keep unique animals"", ""People have unique favorite book genres"", ""Each person has a favorite color"", ""Each person has an occupation""], ""rows"": [[""1"", ""arnold"", ""april"", ""cat"", ""science fiction"", ""yellow"", ""doctor""], [""2"", ""eric"", ""sept"", ""horse"", ""mystery"", ""red"", ""engineer""]]}",15
lgp-test-3x3-2,"{""header"": [""House"", ""Each person has a unique name"", ""Each person has a unique favorite drink"", ""Each person has a unique hobby""], ""rows"": [[""1"", ""peter"", ""tea"", ""gardening""], [""2"", ""arnold"", ""water"", ""cooking""], [""3"", ""eric"", ""milk"", ""photography""]]}",11
lgp-test-6x6-20,"{""header"": [""House"", ""Each person has a unique name"", ""Everyone has a unique favorite cigar"", ""People have unique favorite music genres"", ""Each person has a unique favorite drink"", ""The mothers' names in different houses are unique"", ""Everyone has something unique for lunch""], ""rows"": [[""1"", ""eric"", ""dunhill"", ""country"", ""tea"", ""aniya"", ""spaghetti""], [""2"", ""carol"", ""prince"", ""rock"", ""water"", ""penny"", ""stew""], [""3"", ""alice"", ""blue master"", ""hip hop"", ""boba tea"", ""sarah"", ""grilled cheese""], [""4"", ""peter"", ""blends"", ""jazz"", ""root beer"", ""kailyn"", ""stir fry""], [""5"", ""arnold"", ""pall mall"", ""pop"", ""milk"", ""janelle"", ""pizza""], [""6"", ""bob"", ""yellow monster"", ""classical"", ""coffee"", ""holly"", ""soup""]]}",347696
lgp-test-2x2-15,"{""header"": [""House"", ""Each person has a unique name"", ""People own unique car models""], ""rows"": [[""1"", ""arnold"", ""ford f150""], [""2"", ""eric"", ""tesla model 3""]]}",5
lgp-test-4x5-33,"{""header"": [""House"", ""Each person has a unique name"", ""People own unique car models"", ""People have unique favorite music genres"", ""People have unique favorite sports"", ""Each person prefers a unique type of vacation""], ""rows"": [[""1"", ""alice"", ""honda civic"", ""rock"", ""basketball"", ""cruise""], [""2"", ""arnold"", ""tesla model 3"", ""jazz"", ""tennis"", ""city""], [""3"", ""eric"", ""toyota camry"", ""pop"", ""swimming"", ""mountain""], [""4"", ""peter"", ""ford f150"", ""classical"", ""soccer"", ""beach""]]}",219
lgp-test-5x3-27,"{""header"": [""House"", ""Each person has a unique name"", ""Each person lives in a unique style of house"", ""The people keep unique animals""], ""rows"": [[""1"", ""eric"", ""ranch"", ""fish""], [""2"", ""alice"", ""colonial"", ""bird""], [""3"", ""arnold"", ""victorian"", ""dog""], [""4"", ""peter"", ""modern"", ""horse""], [""5"", ""bob"", ""craftsman"", ""cat""]]}",271
lgp-test-2x3-11,"{""header"": [""House"", ""Each person has a unique name"", ""Each person has an occupation"", ""Each person has a favorite color""], ""rows"": [[""1"", ""arnold"", ""engineer"", ""red""], [""2"", ""eric"", ""doctor"", ""yellow""]]}",7
lgp-test-6x6-29,"{""header"": [""House"", ""Each person has a unique name"", ""Each person lives in a unique style of house"", ""Everyone has something unique for lunch"", ""Each person prefers a unique type of vacation"", ""People have unique heights"", ""Everyone has a unique favorite cigar""], ""rows"": [[""1"", ""carol"", ""colonial"", ""stir fry"", ""city"", ""average"", ""pall mall""], [""2"", ""bob"", ""craftsman"", ""pizza"", ""cultural"", ""very short"", ""prince""], [""3"", ""peter"", ""modern"", ""grilled cheese"", ""camping"", ""short"", ""blends""], [""4"", ""eric"", ""ranch"", ""soup"", ""beach"", ""tall"", ""blue master""], [""5"", ""alice"", ""victorian"", ""spaghetti"", ""mountain"", ""very tall"", ""yellow monster""], [""6"", ""arnold"", ""mediterranean"", ""stew"", ""cruise"", ""super tall"", ""dunhill""]]}",95210
lgp-test-4x6-3,"{""header"": [""House"", ""Each person has a unique name"", ""Each person prefers a unique type of vacation"", ""Each person lives in a unique style of house"", ""The mothers' names in different houses are unique"", ""They all have a unique favorite flower"", ""Each person has a favorite color""], ""rows"": [[""1"", ""arnold"", ""mountain"", ""ranch"", ""janelle"", ""daffodils"", ""green""], [""2"", ""alice"", ""beach"", ""victorian"", ""aniya"", ""roses"", ""yellow""], [""3"", ""eric"", ""cruise"", ""craftsman"", ""holly"", ""lilies"", ""red""], [""4"", ""peter"", ""city"", ""colonial"", ""kailyn"", ""carnations"", ""white""]]}",631
lgp-test-4x3-13,"{""header"": [""House"", ""Each person has a unique name"", ""Everyone has something unique for lunch"", ""Each person has a unique hobby""], ""rows"": [[""1"", ""alice"", ""spaghetti"", ""cooking""], [""2"", ""peter"", ""stew"", ""painting""], [""3"", ""eric"", ""pizza"", ""photography""], [""4"", ""arnold"", ""grilled cheese"", ""gardening""]]}",24
lgp-test-2x3-37,"{""header"": [""House"", ""Each person has a unique name"", ""People have unique heights"", ""Each person has a unique birthday month""], ""rows"": [[""1"", ""arnold"", ""very short"", ""sept""], [""2"", ""eric"", ""short"", ""april""]]}",9
lgp-test-3x3-15,"{""header"": [""House"", ""Each person has a unique name"", ""Everyone has something unique for lunch"", ""Each person has a unique birthday month""], ""rows"": [[""1"", ""peter"", ""grilled cheese"", ""jan""], [""2"", ""arnold"", ""spaghetti"", ""april""], [""3"", ""eric"", ""pizza"", ""sept""]]}",10
lgp-test-6x4-32,"{""header"": [""House"", ""Each person has a unique name"", ""Each person lives in a unique style of house"", ""People have unique favorite music genres"", ""Each person has a unique hobby""], ""rows"": [[""1"", ""arnold"", ""craftsman"", ""country"", ""painting""], [""2"", ""carol"", ""mediterranean"", ""hip hop"", ""cooking""], [""3"", ""bob"", ""colonial"", ""classical"", ""knitting""], [""4"", ""peter"", ""victorian"", ""jazz"", ""woodworking""], [""5"", ""eric"", ""ranch"", ""rock"", ""gardening""], [""6"", ""alice"", ""modern"", ""pop"", ""photography""]]}",13740
lgp-test-5x4-37,"{""header"": [""House"", ""Each person has a unique name"", ""People have unique favorite sports"", ""Each mother is accompanied by their child"", ""Each person has a unique birthday month""], ""rows"": [[""1"", ""alice"", ""swimming"", ""bella"", ""feb""], [""2"", ""bob"", ""baseball"", ""timothy"", ""sept""], [""3"", ""eric"", ""tennis"", ""meredith"", ""april""], [""4"", ""peter"", ""basketball"", ""samantha"", ""jan""], [""5"", ""arnold"", ""soccer"", ""fred"", ""mar""]]}",66
lgp-test-2x6-27,"{""header"": [""House"", ""Each person has a unique name"", ""Everyone has something unique for lunch"", ""The mothers' names in different houses are unique"", ""Each person has a unique birthday month"", ""People have unique hair colors"", ""Each person has an occupation""], ""rows"": [[""1"", ""eric"", ""pizza"", ""aniya"", ""april"", ""black"", ""engineer""], [""2"", ""arnold"", ""grilled cheese"", ""holly"", ""sept"", ""brown"", ""doctor""]]}",13
lgp-test-6x2-29,"{""header"": [""House"", ""Each person has a unique name"", ""Each person lives in a unique style of house""], ""rows"": [[""1"", ""alice"", ""colonial""], [""2"", ""arnold"", ""ranch""], [""3"", ""carol"", ""victorian""], [""4"", ""eric"", ""craftsman""], [""5"", ""bob"", ""mediterranean""], [""6"", ""peter"", ""modern""]]}",216
lgp-test-2x5-23,"{""header"": [""House"", ""Each person has a unique name"", ""Each person has a unique level of education"", ""People have unique heights"", ""Everyone has something unique for lunch"", ""Each person has a unique favorite drink""], ""rows"": [[""1"", ""arnold"", ""high school"", ""very short"", ""pizza"", ""water""], [""2"", ""eric"", ""associate"", ""short"", ""grilled cheese"", ""tea""]]}",11
lgp-test-6x6-6,"{""header"": [""House"", ""Each person has a unique name"", ""Each person has a unique hobby"", ""People have unique hair colors"", ""People have unique favorite sports"", ""The mothers' names in different houses are unique"", ""Everyone has a unique favorite cigar""], ""rows"": [[""1"", ""arnold"", ""painting"", ""blonde"", ""tennis"", ""sarah"", ""blue master""], [""2"", ""eric"", ""knitting"", ""gray"", ""volleyball"", ""kailyn"", ""blends""], [""3"", ""peter"", ""woodworking"", ""black"", ""basketball"", ""janelle"", ""pall mall""], [""4"", ""bob"", ""gardening"", ""auburn"", ""baseball"", ""holly"", ""dunhill""], [""5"", ""alice"", ""photography"", ""red"", ""swimming"", ""penny"", ""yellow monster""], [""6"", ""carol"", ""cooking"", ""brown"", ""soccer"", ""aniya"", ""prince""]]}",47812
lgp-test-6x2-14,"{""header"": [""House"", ""Each person has a unique name"", ""Everyone has a unique favorite cigar""], ""rows"": [[""1"", ""peter"", ""dunhill""], [""2"", ""arnold"", ""yellow monster""], [""3"", ""bob"", ""pall mall""], [""4"", ""alice"", ""blends""], [""5"", ""carol"", ""blue master""], [""6"", ""eric"", ""prince""]]}",492
lgp-test-5x4-25,"{""header"": [""House"", ""Each person has a unique name"", ""Each person has a favorite color"", ""Each person lives in a unique style of house"", ""People have unique favorite book genres""], ""rows"": [[""1"", ""bob"", ""blue"", ""victorian"", ""fantasy""], [""2"", ""arnold"", ""red"", ""ranch"", ""biography""], [""3"", ""eric"", ""green"", ""colonial"", ""science fiction""], [""4"", ""peter"", ""yellow"", ""craftsman"", ""romance""], [""5"", ""alice"", ""white"", ""modern"", ""mystery""]]}",326
lgp-test-6x5-3,"{""header"": [""House"", ""Each person has a unique name"", ""The people keep unique animals"", ""Each person has a unique birthday month"", ""The mothers' names in different houses are unique"", ""Each person prefers a unique type of vacation""], ""rows"": [[""1"", ""arnold"", ""cat"", ""mar"", ""holly"", ""camping""], [""2"", ""carol"", ""fish"", ""feb"", ""janelle"", ""cultural""], [""3"", ""eric"", ""bird"", ""sept"", ""penny"", ""city""], [""4"", ""bob"", ""rabbit"", ""may"", ""kailyn"", ""mountain""], [""5"", ""peter"", ""dog"", ""april"", ""sarah"", ""beach""], [""6"", ""alice"", ""horse"", ""jan"", ""aniya"", ""cruise""]]}",79598
lgp-test-3x3-14,"{""header"": [""House"", ""Each person has a unique name"", ""People have unique favorite music genres"", ""Each mother is accompanied by their child""], ""rows"": [[""1"", ""eric"", ""rock"", ""meredith""], [""2"", ""peter"", ""classical"", ""bella""], [""3"", ""arnold"", ""pop"", ""fred""]]}",60
lgp-test-2x4-31,"{""header"": [""House"", ""Each person has a unique name"", ""Each person has a unique favorite drink"", ""Each person has a unique type of pet"", ""The people are of nationalities""], ""rows"": [[""1"", ""arnold"", ""tea"", ""dog"", ""brit""], [""2"", ""eric"", ""water"", ""cat"", ""dane""]]}",9
lgp-test-3x5-27,"{""header"": [""House"", ""Each person has a unique name"", ""Each person has a favorite color"", ""People have unique favorite sports"", ""Each person prefers a unique type of vacation"", ""Everyone has a unique favorite cigar""], ""rows"": [[""1"", ""eric"", ""yellow"", ""basketball"", ""beach"", ""prince""], [""2"", ""peter"", ""red"", ""tennis"", ""mountain"", ""pall mall""], [""3"", ""arnold"", ""white"", ""soccer"", ""city"", ""blue master""]]}",36
lgp-test-4x2-12,"{""header"": [""House"", ""Each person has a unique name"", ""Each person has a unique hobby""], ""rows"": [[""1"", ""alice"", ""photography""], [""2"", ""arnold"", ""gardening""], [""3"", ""eric"", ""painting""], [""4"", ""peter"", ""cooking""]]}",54
lgp-test-2x3-22,"{""header"": [""House"", ""Each person has a unique name"", ""People have unique favorite sports"", ""People own unique car models""], ""rows"": [[""1"", ""eric"", ""soccer"", ""ford f150""], [""2"", ""arnold"", ""basketball"", ""tesla model 3""]]}",7
lgp-test-2x4-20,"{""header"": [""House"", ""Each person has a unique name"", ""People use unique phone models"", ""Each person has a unique favorite drink"", ""People have unique favorite sports""], ""rows"": [[""1"", ""eric"", ""iphone 13"", ""water"", ""soccer""], [""2"", ""arnold"", ""samsung galaxy s21"", ""tea"", ""basketball""]]}",9
lgp-test-5x3-21,"{""header"": [""House"", ""Each person has a unique name"", ""People own unique car models"", ""Everyone has a unique favorite cigar""], ""rows"": [[""1"", ""peter"", ""tesla model 3"", ""prince""], [""2"", ""eric"", ""ford f150"", ""blue master""], [""3"", ""bob"", ""bmw 3 series"", ""pall mall""], [""4"", ""alice"", ""honda civic"", ""blends""], [""5"", ""arnold"", ""toyota camry"", ""dunhill""]]}",18
lgp-test-5x3-29,"{""header"": [""House"", ""Each person has a unique name"", ""Each person has a unique hobby"", ""People have unique favorite music genres""], ""rows"": [[""1"", ""peter"", ""cooking"", ""pop""], [""2"", ""eric"", ""gardening"", ""rock""], [""3"", ""bob"", ""knitting"", ""jazz""], [""4"", ""arnold"", ""photography"", ""classical""], [""5"", ""alice"", ""painting"", ""hip hop""]]}",113
lgp-test-5x4-9,"{""header"": [""House"", ""Each person has a unique name"", ""Each person prefers a unique type of vacation"", ""People have unique favorite sports"", ""Each person has a unique favorite drink""], ""rows"": [[""1"", ""arnold"", ""camping"", ""soccer"", ""root beer""], [""2"", ""eric"", ""beach"", ""basketball"", ""water""], [""3"", ""peter"", ""cruise"", ""tennis"", ""coffee""], [""4"", ""alice"", ""city"", ""baseball"", ""milk""], [""5"", ""bob"", ""mountain"", ""swimming"", ""tea""]]}",23
lgp-test-2x3-15,"{""header"": [""House"", ""Each person has a unique name"", ""Everyone has a unique favorite cigar"", ""People own unique car models""], ""rows"": [[""1"", ""eric"", ""prince"", ""tesla model 3""], [""2"", ""arnold"", ""pall mall"", ""ford f150""]]}",7
lgp-test-4x3-38,"{""header"": [""House"", ""Each person has a unique name"", ""The mothers' names in different houses are unique"", ""They all have a unique favorite flower""], ""rows"": [[""1"", ""eric"", ""aniya"", ""daffodils""], [""2"", ""arnold"", ""holly"", ""lilies""], [""3"", ""alice"", ""kailyn"", ""carnations""], [""4"", ""peter"", ""janelle"", ""roses""]]}",32
lgp-test-4x2-20,"{""header"": [""House"", ""Each person has a unique name"", ""People have unique favorite music genres""], ""rows"": [[""1"", ""eric"", ""classical""], [""2"", ""alice"", ""jazz""], [""3"", ""arnold"", ""rock""], [""4"", ""peter"", ""pop""]]}",9
lgp-test-5x5-35,"{""header"": [""House"", ""Each person has a unique name"", ""Each person has a unique type of pet"", ""People use unique phone models"", ""People have unique heights"", ""Each mother is accompanied by their child""], ""rows"": [[""1"", ""eric"", ""bird"", ""iphone 13"", ""very tall"", ""fred""], [""2"", ""peter"", ""dog"", ""samsung galaxy s21"", ""very short"", ""bella""], [""3"", ""alice"", ""cat"", ""google pixel 6"", ""short"", ""timothy""], [""4"", ""arnold"", ""fish"", ""huawei p50"", ""average"", ""meredith""], [""5"", ""bob"", ""hamster"", ""oneplus 9"", ""tall"", ""samantha""]]}",193
lgp-test-3x6-2,"{""header"": [""House"", ""Each person has a unique name"", ""Each person prefers a unique type of vacation"", ""Everyone has something unique for lunch"", ""Everyone has a favorite smoothie"", ""People own unique car models"", ""They all have a unique favorite flower""], ""rows"": [[""1"", ""peter"", ""mountain"", ""grilled cheese"", ""cherry"", ""tesla model 3"", ""carnations""], [""2"", ""arnold"", ""city"", ""spaghetti"", ""watermelon"", ""toyota camry"", ""daffodils""], [""3"", ""eric"", ""beach"", ""pizza"", ""desert"", ""ford f150"", ""lilies""]]}",19
lgp-test-4x3-1,"{""header"": [""House"", ""Each person has a unique name"", ""Each mother is accompanied by their child"", ""People have unique hair colors""], ""rows"": [[""1"", ""alice"", ""samantha"", ""red""], [""2"", ""eric"", ""meredith"", ""black""], [""3"", ""arnold"", ""bella"", ""brown""], [""4"", ""peter"", ""fred"", ""blonde""]]}",44
lgp-test-5x3-34,"{""header"": [""House"", ""Each person has a unique name"", ""Everyone has something unique for lunch"", ""Each person has a favorite color""], ""rows"": [[""1"", ""alice"", ""grilled cheese"", ""green""], [""2"", ""eric"", ""stew"", ""red""], [""3"", ""bob"", ""spaghetti"", ""blue""], [""4"", ""peter"", ""stir fry"", ""white""], [""5"", ""arnold"", ""pizza"", ""yellow""]]}",50
lgp-test-6x5-26,"{""header"": [""House"", ""Each person has a unique name"", ""People use unique phone models"", ""Each person has a unique type of pet"", ""They all have a unique favorite flower"", ""People own unique car models""], ""rows"": [[""1"", ""alice"", ""samsung galaxy s21"", ""dog"", ""iris"", ""tesla model 3""], [""2"", ""arnold"", ""google pixel 6"", ""fish"", ""carnations"", ""ford f150""], [""3"", ""peter"", ""oneplus 9"", ""rabbit"", ""daffodils"", ""bmw 3 series""], [""4"", ""carol"", ""iphone 13"", ""hamster"", ""tulips"", ""honda civic""], [""5"", ""eric"", ""huawei p50"", ""bird"", ""lilies"", ""chevrolet silverado""], [""6"", ""bob"", ""xiaomi mi 11"", ""cat"", ""roses"", ""toyota camry""]]}",954
lgp-test-2x4-16,"{""header"": [""House"", ""Each person has a unique name"", ""Each person has an occupation"", ""People have unique hair colors"", ""People own unique car models""], ""rows"": [[""1"", ""arnold"", ""engineer"", ""black"", ""tesla model 3""], [""2"", ""eric"", ""doctor"", ""brown"", ""ford f150""]]}",10
lgp-test-2x6-34,"{""header"": [""House"", ""Each person has a unique name"", ""Each person lives in a unique style of house"", ""People have unique favorite music genres"", ""Each person prefers a unique type of vacation"", ""People have unique favorite sports"", ""People have unique hair colors""], ""rows"": [[""1"", ""arnold"", ""victorian"", ""pop"", ""beach"", ""soccer"", ""black""], [""2"", ""eric"", ""colonial"", ""rock"", ""mountain"", ""basketball"", ""brown""]]}",16
lgp-test-4x2-16,"{""header"": [""House"", ""Each person has a unique name"", ""They all have a unique favorite flower""], ""rows"": [[""1"", ""peter"", ""daffodils""], [""2"", ""eric"", ""roses""], [""3"", ""arnold"", ""lilies""], [""4"", ""alice"", ""carnations""]]}",10
lgp-test-5x4-29,,0
lgp-test-3x3-8,"{""header"": [""House"", ""Each person has a unique name"", ""People have unique favorite music genres"", ""Each person has a unique favorite drink""], ""rows"": [[""1"", ""arnold"", ""rock"", ""milk""], [""2"", ""peter"", ""pop"", ""water""], [""3"", ""eric"", ""classical"", ""tea""]]}",12
lgp-test-4x4-4,"{""header"": [""House"", ""Each person has a unique name"", ""The mothers' names in different houses are unique"", ""Each person has a unique birthday month"", ""Each person has a unique hobby""], ""rows"": [[""1"", ""peter"", ""kailyn"", ""feb"", ""photography""], [""2"", ""arnold"", ""aniya"", ""jan"", ""painting""], [""3"", ""eric"", ""holly"", ""april"", ""gardening""], [""4"", ""alice"", ""janelle"", ""sept"", ""cooking""]]}",61
lgp-test-4x6-30,"{""header"": [""House"", ""Each person has a unique name"", ""They all have a unique favorite flower"", ""Everyone has a unique favorite cigar"", ""Each mother is accompanied by their child"", ""The mothers' names in different houses are unique"", ""People use unique phone models""], ""rows"": [[""1"", ""peter"", ""lilies"", ""pall mall"", ""fred"", ""aniya"", ""iphone 13""], [""2"", ""eric"", ""daffodils"", ""dunhill"", ""bella"", ""holly"", ""samsung galaxy s21""], [""3"", ""alice"", ""roses"", ""prince"", ""meredith"", ""kailyn"", ""oneplus 9""], [""4"", ""arnold"", ""carnations"", ""blue master"", ""samantha"", ""janelle"", ""google pixel 6""]]}",67
lgp-test-4x6-24,"{""header"": [""House"", ""Each person has a unique name"", ""The mothers' names in different houses are unique"", ""The people are of nationalities"", ""People have unique favorite book genres"", ""The people keep unique animals"", ""People have unique hair colors""], ""rows"": [[""1"", ""alice"", ""aniya"", ""dane"", ""science fiction"", ""bird"", ""red""], [""2"", ""peter"", ""holly"", ""brit"", ""mystery"", ""horse"", ""brown""], [""3"", ""arnold"", ""kailyn"", ""norwegian"", ""fantasy"", ""cat"", ""blonde""], [""4"", ""eric"", ""janelle"", ""swede"", ""romance"", ""fish"", ""black""]]}",240
lgp-test-2x5-15,"{""header"": [""House"", ""Each person has a unique name"", ""People have unique favorite music genres"", ""Each person has a unique hobby"", ""Each person has an occupation"", ""Each person has a favorite color""], ""rows"": [[""1"", ""arnold"", ""rock"", ""photography"", ""doctor"", ""yellow""], [""2"", ""eric"", ""pop"", ""gardening"", ""engineer"", ""red""]]}",14
lgp-test-5x5-33,"{""header"": [""House"", ""Each person has a unique name"", ""Each person has a unique favorite drink"", ""People have unique favorite music genres"", ""The people are of nationalities"", ""Everyone has a unique favorite cigar""], ""rows"": [[""1"", ""eric"", ""root beer"", ""pop"", ""german"", ""pall mall""], [""2"", ""arnold"", ""water"", ""hip hop"", ""brit"", ""blue master""], [""3"", ""bob"", ""milk"", ""rock"", ""dane"", ""dunhill""], [""4"", ""alice"", ""tea"", ""classical"", ""swede"", ""blends""], [""5"", ""peter"", ""coffee"", ""jazz"", ""norwegian"", ""prince""]]}",588
lgp-test-3x2-19,"{""header"": [""House"", ""Each person has a unique name"", ""People own unique car models""], ""rows"": [[""1"", ""arnold"", ""tesla model 3""], [""2"", ""peter"", ""ford f150""], [""3"", ""eric"", ""toyota camry""]]}",12
lgp-test-5x6-7,"{""header"": [""House"", ""Each person has a unique name"", ""Each person prefers a unique type of vacation"", ""People have unique heights"", ""They all have a unique favorite flower"", ""Each person has a unique level of education"", ""People own unique car models""], ""rows"": [[""1"", ""alice"", ""cruise"", ""very tall"", ""daffodils"", ""bachelor"", ""honda civic""], [""2"", ""peter"", ""beach"", ""very short"", ""lilies"", ""associate"", ""toyota camry""], [""3"", ""arnold"", ""camping"", ""tall"", ""carnations"", ""master"", ""bmw 3 series""], [""4"", ""bob"", ""mountain"", ""short"", ""tulips"", ""doctorate"", ""tesla model 3""], [""5"", ""eric"", ""city"", ""average"", ""roses"", ""high school"", ""ford f150""]]}",1577
lgp-test-5x4-5,"{""header"": [""House"", ""Each person has a unique name"", ""The people keep unique animals"", ""Each person has a unique level of education"", ""They all have a unique favorite flower""], ""rows"": [[""1"", ""bob"", ""fish"", ""doctorate"", ""lilies""], [""2"", ""eric"", ""horse"", ""master"", ""daffodils""], [""3"", ""peter"", ""cat"", ""high school"", ""carnations""], [""4"", ""arnold"", ""bird"", ""bachelor"", ""tulips""], [""5"", ""alice"", ""dog"", ""associate"", ""roses""]]}",630
lgp-test-3x4-5,"{""header"": [""House"", ""Each person has a unique name"", ""Each person prefers a unique type of vacation"", ""They all have a unique favorite flower"", ""Each person has a unique birthday month""], ""rows"": [[""1"", ""eric"", ""city"", ""lilies"", ""sept""], [""2"", ""peter"", ""beach"", ""carnations"", ""jan""], [""3"", ""arnold"", ""mountain"", ""daffodils"", ""april""]]}",15
lgp-test-3x3-3,"{""header"": [""House"", ""Each person has a unique name"", ""People own unique car models"", ""The people are of nationalities""], ""rows"": [[""1"", ""peter"", ""tesla model 3"", ""swede""], [""2"", ""eric"", ""ford f150"", ""brit""], [""3"", ""arnold"", ""toyota camry"", ""dane""]]}",11
lgp-test-4x5-6,"{""header"": [""House"", ""Each person has a unique name"", ""Each person has a unique level of education"", ""People have unique favorite music genres"", ""Each person has a favorite color"", ""They all have a unique favorite flower""], ""rows"": [[""1"", ""arnold"", ""bachelor"", ""jazz"", ""yellow"", ""daffodils""], [""2"", ""peter"", ""associate"", ""pop"", ""green"", ""roses""], [""3"", ""alice"", ""master"", ""rock"", ""red"", ""carnations""], [""4"", ""eric"", ""high school"", ""classical"", ""white"", ""lilies""]]}",137
lgp-test-5x5-8,"{""header"": [""House"", ""Each person has a unique name"", ""Each person has a favorite color"", ""Everyone has something unique for lunch"", ""People use unique phone models"", ""Each person has a unique level of education""], ""rows"": [[""1"", ""peter"", ""yellow"", ""spaghetti"", ""google pixel 6"", ""doctorate""], [""2"", ""bob"", ""white"", ""pizza"", ""samsung galaxy s21"", ""master""], [""3"", ""alice"", ""red"", ""stew"", ""huawei p50"", ""associate""], [""4"", ""eric"", ""blue"", ""grilled cheese"", ""iphone 13"", ""high school""], [""5"", ""arnold"", ""green"", ""stir fry"", ""oneplus 9"", ""bachelor""]]}",3075
lgp-test-3x5-18,"{""header"": [""House"", ""Each person has a unique name"", ""They all have a unique favorite flower"", ""The people are of nationalities"", ""The mothers' names in different houses are unique"", ""People have unique favorite sports""], ""rows"": [[""1"", ""peter"", ""daffodils"", ""dane"", ""janelle"", ""soccer""], [""2"", ""eric"", ""carnations"", ""swede"", ""holly"", ""basketball""], [""3"", ""arnold"", ""lilies"", ""brit"", ""aniya"", ""tennis""]]}",18
lgp-test-6x3-32,"{""header"": [""House"", ""Each person has a unique name"", ""People use unique phone models"", ""Each person has a unique hobby""], ""rows"": [[""1"", ""eric"", ""iphone 13"", ""knitting""], [""2"", ""arnold"", ""samsung galaxy s21"", ""cooking""], [""3"", ""carol"", ""google pixel 6"", ""woodworking""], [""4"", ""bob"", ""oneplus 9"", ""photography""], [""5"", ""peter"", ""xiaomi mi 11"", ""painting""], [""6"", ""alice"", ""huawei p50"", ""gardening""]]}",663
lgp-test-2x3-29,"{""header"": [""House"", ""Each person has a unique name"", ""Each person has a unique birthday month"", ""The mothers' names in different houses are unique""], ""rows"": [[""1"", ""eric"", ""sept"", ""holly""], [""2"", ""arnold"", ""april"", ""aniya""]]}",8
lgp-test-6x3-34,"{""header"": [""House"", ""Each person has a unique name"", ""Each person has a unique birthday month"", ""Each person has a unique hobby""], ""rows"": [[""1"", ""alice"", ""mar"", ""knitting""], [""2"", ""bob"", ""jan"", ""cooking""], [""3"", ""carol"", ""april"", ""painting""], [""4"", ""eric"", ""may"", ""gardening""], [""5"", ""peter"", ""sept"", ""woodworking""], [""6"", ""arnold"", ""feb"", ""photography""]]}",72
lgp-test-2x3-20,"{""header"": [""House"", ""Each person has a unique name"", ""People have unique heights"", ""They all have a unique favorite flower""], ""rows"": [[""1"", ""arnold"", ""short"", ""carnations""], [""2"", ""eric"", ""very short"", ""daffodils""]]}",7
lgp-test-5x3-6,"{""header"": [""House"", ""Each person has a unique name"", ""People use unique phone models"", ""People have unique favorite book genres""], ""rows"": [[""1"", ""peter"", ""huawei p50"", ""mystery""], [""2"", ""bob"", ""oneplus 9"", ""fantasy""], [""3"", ""alice"", ""iphone 13"", ""science fiction""], [""4"", ""arnold"", ""samsung galaxy s21"", ""romance""], [""5"", ""eric"", ""google pixel 6"", ""biography""]]}",35
lgp-test-5x5-4,"{""header"": [""House"", ""Each person has a unique name"", ""Each person has an occupation"", ""Each person lives in a unique style of house"", ""People have unique hair colors"", ""People have unique favorite book genres""], ""rows"": [[""1"", ""peter"", ""artist"", ""victorian"", ""red"", ""mystery""], [""2"", ""eric"", ""lawyer"", ""modern"", ""black"", ""romance""], [""3"", ""alice"", ""engineer"", ""colonial"", ""brown"", ""science fiction""], [""4"", ""arnold"", ""doctor"", ""ranch"", ""gray"", ""fantasy""], [""5"", ""bob"", ""teacher"", ""craftsman"", ""blonde"", ""biography""]]}",64
lgp-test-2x3-32,"{""header"": [""House"", ""Each person has a unique name"", ""Each person has a unique birthday month"", ""Each person has a favorite color""], ""rows"": [[""1"", ""arnold"", ""april"", ""red""], [""2"", ""eric"", ""sept"", ""yellow""]]}",10
lgp-test-2x2-7,"{""header"": [""House"", ""Each person has a unique name"", ""Each person has a unique hobby""], ""rows"": [[""1"", ""eric"", ""photography""], [""2"", ""arnold"", ""gardening""]]}",5
lgp-test-6x6-7,"{""header"": [""House"", ""Each person has a unique name"", ""Everyone has a favorite smoothie"", ""Everyone has something unique for lunch"", ""People use unique phone models"", ""People own unique car models"", ""Each person lives in a unique style of house""], ""rows"": [[""1"", ""carol"", ""dragonfruit"", ""spaghetti"", ""iphone 13"", ""chevrolet silverado"", ""modern""], [""2"", ""arnold"", ""lime"", ""grilled cheese"", ""google pixel 6"", ""honda civic"", ""mediterranean""], [""3"", ""bob"", ""desert"", ""pizza"", ""xiaomi mi 11"", ""bmw 3 series"", ""victorian""], [""4"", ""peter"", ""blueberry"", ""soup"", ""oneplus 9"", ""ford f150"", ""colonial""], [""5"", ""alice"", ""watermelon"", ""stew"", ""huawei p50"", ""tesla model 3"", ""craftsman""], [""6"", ""eric"", ""cherry"", ""stir fry"", ""samsung galaxy s21"", ""toyota camry"", ""ranch""]]}",33697
lgp-test-5x5-14,"{""header"": [""House"", ""Each person has a unique name"", ""Each person has a unique birthday month"", ""They all have a unique favorite flower"", ""Each person has a unique level of education"", ""Everyone has a favorite smoothie""], ""rows"": [[""1"", ""eric"", ""mar"", ""carnations"", ""master"", ""lime""], [""2"", ""bob"", ""jan"", ""roses"", ""doctorate"", ""cherry""], [""3"", ""alice"", ""sept"", ""daffodils"", ""high school"", ""desert""], [""4"", ""peter"", ""feb"", ""tulips"", ""bachelor"", ""dragonfruit""], [""5"", ""arnold"", ""april"", ""lilies"", ""associate"", ""watermelon""]]}",156
lgp-test-3x2-35,"{""header"": [""House"", ""Each person has a unique name"", ""People have unique hair colors""], ""rows"": [[""1"", ""eric"", ""brown""], [""2"", ""arnold"", ""blonde""], [""3"", ""peter"", ""black""]]}",8
lgp-test-4x6-7,"{""header"": [""House"", ""Each person has a unique name"", ""People have unique hair colors"", ""People have unique favorite sports"", ""Everyone has a favorite smoothie"", ""Each person has a unique birthday month"", ""People use unique phone models""], ""rows"": [[""1"", ""arnold"", ""brown"", ""tennis"", ""desert"", ""april"", ""google pixel 6""], [""2"", ""eric"", ""blonde"", ""swimming"", ""dragonfruit"", ""jan"", ""oneplus 9""], [""3"", ""peter"", ""black"", ""soccer"", ""watermelon"", ""feb"", ""samsung galaxy s21""], [""4"", ""alice"", ""red"", ""basketball"", ""cherry"", ""sept"", ""iphone 13""]]}",146
lgp-test-5x2-2,"{""header"": [""House"", ""Each person has a unique name"", ""Each person has an occupation""], ""rows"": [[""1"", ""arnold"", ""doctor""], [""2"", ""peter"", ""artist""], [""3"", ""bob"", ""engineer""], [""4"", ""alice"", ""lawyer""], [""5"", ""eric"", ""teacher""]]}",66
lgp-test-2x2-21,"{""header"": [""House"", ""Each person has a unique name"", ""The people are of nationalities""], ""rows"": [[""1"", ""eric"", ""dane""], [""2"", ""arnold"", ""brit""]]}",5
lgp-test-3x5-26,"{""header"": [""House"", ""Each person has a unique name"", ""People own unique car models"", ""Each person has a unique type of pet"", ""People have unique favorite book genres"", ""Everyone has something unique for lunch""], ""rows"": [[""1"", ""eric"", ""toyota camry"", ""fish"", ""romance"", ""pizza""], [""2"", ""arnold"", ""ford f150"", ""cat"", ""science fiction"", ""spaghetti""], [""3"", ""peter"", ""tesla model 3"", ""dog"", ""mystery"", ""grilled cheese""]]}",28
lgp-test-6x2-27,"{""header"": [""House"", ""Each person has a unique name"", ""People have unique favorite sports""], ""rows"": [[""1"", ""carol"", ""baseball""], [""2"", ""arnold"", ""tennis""], [""3"", ""alice"", ""soccer""], [""4"", ""eric"", ""swimming""], [""5"", ""peter"", ""volleyball""], [""6"", ""bob"", ""basketball""]]}",587
lgp-test-3x2-30,"{""header"": [""House"", ""Each person has a unique name"", ""Each person has a favorite color""], ""rows"": [[""1"", ""arnold"", ""white""], [""2"", ""peter"", ""yellow""], [""3"", ""eric"", ""red""]]}",13
lgp-test-3x3-13,"{""header"": [""House"", ""Each person has a unique name"", ""Each mother is accompanied by their child"", ""Everyone has a favorite smoothie""], ""rows"": [[""1"", ""arnold"", ""bella"", ""watermelon""], [""2"", ""eric"", ""meredith"", ""cherry""], [""3"", ""peter"", ""fred"", ""desert""]]}",12
lgp-test-2x5-3,"{""header"": [""House"", ""Each person has a unique name"", ""Each person has a unique hobby"", ""People have unique favorite book genres"", ""People have unique favorite music genres"", ""Each person has a unique birthday month""], ""rows"": [[""1"", ""eric"", ""gardening"", ""mystery"", ""rock"", ""sept""], [""2"", ""arnold"", ""photography"", ""science fiction"", ""pop"", ""april""]]}",11
lgp-test-4x3-22,"{""header"": [""House"", ""Each person has a unique name"", ""Each person has a favorite color"", ""The mothers' names in different houses are unique""], ""rows"": [[""1"", ""peter"", ""white"", ""janelle""], [""2"", ""eric"", ""red"", ""kailyn""], [""3"", ""alice"", ""green"", ""aniya""], [""4"", ""arnold"", ""yellow"", ""holly""]]}",13
lgp-test-4x5-9,"{""header"": [""House"", ""Each person has a unique name"", ""The people keep unique animals"", ""Everyone has a unique favorite cigar"", ""They all have a unique favorite flower"", ""People have unique favorite music genres""], ""rows"": [[""1"", ""peter"", ""bird"", ""prince"", ""roses"", ""rock""], [""2"", ""eric"", ""cat"", ""dunhill"", ""carnations"", ""classical""], [""3"", ""alice"", ""fish"", ""pall mall"", ""lilies"", ""pop""], [""4"", ""arnold"", ""horse"", ""blue master"", ""daffodils"", ""jazz""]]}",287
lgp-test-4x3-8,"{""header"": [""House"", ""Each person has a unique name"", ""People have unique hair colors"", ""People have unique favorite music genres""], ""rows"": [[""1"", ""alice"", ""black"", ""classical""], [""2"", ""arnold"", ""blonde"", ""rock""], [""3"", ""eric"", ""red"", ""jazz""], [""4"", ""peter"", ""brown"", ""pop""]]}",63
lgp-test-6x2-31,"{""header"": [""House"", ""Each person has a unique name"", ""People have unique heights""], ""rows"": [[""1"", ""alice"", ""super tall""], [""2"", ""eric"", ""very short""], [""3"", ""arnold"", ""short""], [""4"", ""peter"", ""very tall""], [""5"", ""carol"", ""average""], [""6"", ""bob"", ""tall""]]}",16
lgp-test-6x6-11,"{""header"": [""House"", ""Each person has a unique name"", ""Each person prefers a unique type of vacation"", ""Each person has a unique hobby"", ""Everyone has something unique for lunch"", ""People own unique car models"", ""They all have a unique favorite flower""], ""rows"": [[""1"", ""alice"", ""cultural"", ""woodworking"", ""pizza"", ""honda civic"", ""carnations""], [""2"", ""bob"", ""beach"", ""gardening"", ""spaghetti"", ""toyota camry"", ""roses""], [""3"", ""eric"", ""city"", ""painting"", ""stew"", ""chevrolet silverado"", ""lilies""], [""4"", ""arnold"", ""camping"", ""photography"", ""soup"", ""tesla model 3"", ""iris""], [""5"", ""carol"", ""mountain"", ""cooking"", ""grilled cheese"", ""ford f150"", ""daffodils""], [""6"", ""peter"", ""cruise"", ""knitting"", ""stir fry"", ""bmw 3 series"", ""tulips""]]}",8226
lgp-test-5x4-7,"{""header"": [""House"", ""Each person has a unique name"", ""Everyone has a favorite smoothie"", ""The people keep unique animals"", ""The people are of nationalities""], ""rows"": [[""1"", ""eric"", ""cherry"", ""cat"", ""swede""], [""2"", ""peter"", ""desert"", ""dog"", ""german""], [""3"", ""arnold"", ""lime"", ""horse"", ""dane""], [""4"", ""alice"", ""dragonfruit"", ""fish"", ""norwegian""], [""5"", ""bob"", ""watermelon"", ""bird"", ""brit""]]}",56
lgp-test-6x3-4,"{""header"": [""House"", ""Each person has a unique name"", ""People have unique hair colors"", ""Each person has an occupation""], ""rows"": [[""1"", ""arnold"", ""black"", ""engineer""], [""2"", ""alice"", ""red"", ""lawyer""], [""3"", ""eric"", ""brown"", ""nurse""], [""4"", ""carol"", ""gray"", ""doctor""], [""5"", ""bob"", ""auburn"", ""artist""], [""6"", ""peter"", ""blonde"", ""teacher""]]}",270
lgp-test-3x4-39,"{""header"": [""House"", ""Each person has a unique name"", ""Each person has an occupation"", ""People have unique favorite music genres"", ""Each mother is accompanied by their child""], ""rows"": [[""1"", ""peter"", ""teacher"", ""pop"", ""meredith""], [""2"", ""arnold"", ""doctor"", ""classical"", ""fred""], [""3"", ""eric"", ""engineer"", ""rock"", ""bella""]]}",14
lgp-test-5x5-10,"{""header"": [""House"", ""Each person has a unique name"", ""The mothers' names in different houses are unique"", ""Everyone has a unique favorite cigar"", ""The people keep unique animals"", ""Everyone has something unique for lunch""], ""rows"": [[""1"", ""alice"", ""kailyn"", ""blends"", ""dog"", ""stew""], [""2"", ""bob"", ""holly"", ""blue master"", ""fish"", ""spaghetti""], [""3"", ""arnold"", ""aniya"", ""pall mall"", ""horse"", ""stir fry""], [""4"", ""peter"", ""janelle"", ""dunhill"", ""cat"", ""grilled cheese""], [""5"", ""eric"", ""penny"", ""prince"", ""bird"", ""pizza""]]}",354
lgp-test-3x2-5,"{""header"": [""House"", ""Each person has a unique name"", ""Each person has a unique favorite drink""], ""rows"": [[""1"", ""eric"", ""milk""], [""2"", ""arnold"", ""tea""], [""3"", ""peter"", ""water""]]}",7
lgp-test-5x4-26,"{""header"": [""House"", ""Each person has a unique name"", ""People have unique heights"", ""The mothers' names in different houses are unique"", ""People have unique hair colors""], ""rows"": [[""1"", ""arnold"", ""average"", ""aniya"", ""brown""], [""2"", ""eric"", ""very short"", ""penny"", ""black""], [""3"", ""alice"", ""very tall"", ""kailyn"", ""gray""], [""4"", ""peter"", ""short"", ""janelle"", ""red""], [""5"", ""bob"", ""tall"", ""holly"", ""blonde""]]}",82
lgp-test-6x5-18,"{""header"": [""House"", ""Each person has a unique name"", ""The people are of nationalities"", ""People have unique favorite book genres"", ""Everyone has a favorite smoothie"", ""People use unique phone models""], ""rows"": [[""1"", ""eric"", ""chinese"", ""romance"", ""lime"", ""samsung galaxy s21""], [""2"", ""carol"", ""german"", ""science fiction"", ""blueberry"", ""google pixel 6""], [""3"", ""arnold"", ""norwegian"", ""fantasy"", ""dragonfruit"", ""oneplus 9""], [""4"", ""alice"", ""brit"", ""mystery"", ""watermelon"", ""xiaomi mi 11""], [""5"", ""bob"", ""dane"", ""historical fiction"", ""desert"", ""huawei p50""], [""6"", ""peter"", ""swede"", ""biography"", ""cherry"", ""iphone 13""]]}",54908
lgp-test-5x6-24,"{""header"": [""House"", ""Each person has a unique name"", ""Everyone has a unique favorite cigar"", ""Everyone has something unique for lunch"", ""The people are of nationalities"", ""Each person has an occupation"", ""People have unique heights""], ""rows"": [[""1"", ""bob"", ""blends"", ""spaghetti"", ""brit"", ""artist"", ""tall""], [""2"", ""alice"", ""pall mall"", ""pizza"", ""swede"", ""engineer"", ""average""], [""3"", ""peter"", ""prince"", ""stew"", ""dane"", ""doctor"", ""short""], [""4"", ""eric"", ""blue master"", ""stir fry"", ""german"", ""lawyer"", ""very short""], [""5"", ""arnold"", ""dunhill"", ""grilled cheese"", ""norwegian"", ""teacher"", ""very tall""]]}",2745
lgp-test-6x3-26,"{""header"": [""House"", ""Each person has a unique name"", ""People have unique heights"", ""People use unique phone models""], ""rows"": [[""1"", ""eric"", ""super tall"", ""huawei p50""], [""2"", ""carol"", ""very tall"", ""xiaomi mi 11""], [""3"", ""bob"", ""average"", ""samsung galaxy s21""], [""4"", ""arnold"", ""tall"", ""google pixel 6""], [""5"", ""peter"", ""very short"", ""oneplus 9""], [""6"", ""alice"", ""short"", ""iphone 13""]]}",152
lgp-test-4x2-33,"{""header"": [""House"", ""Each person has a unique name"", ""Everyone has a favorite smoothie""], ""rows"": [[""1"", ""alice"", ""cherry""], [""2"", ""peter"", ""watermelon""], [""3"", ""arnold"", ""desert""], [""4"", ""eric"", ""dragonfruit""]]}",20
lgp-test-5x2-21,"{""header"": [""House"", ""Each person has a unique name"", ""People have unique favorite book genres""], ""rows"": [[""1"", ""alice"", ""biography""], [""2"", ""bob"", ""science fiction""], [""3"", ""peter"", ""fantasy""], [""4"", ""arnold"", ""romance""], [""5"", ""eric"", ""mystery""]]}",16
lgp-test-4x5-20,"{""header"": [""House"", ""Each person has a unique name"", ""People have unique heights"", ""Each person has a favorite color"", ""They all have a unique favorite flower"", ""The people keep unique animals""], ""rows"": [[""1"", ""alice"", ""short"", ""green"", ""carnations"", ""cat""], [""2"", ""arnold"", ""average"", ""yellow"", ""roses"", ""bird""], [""3"", ""eric"", ""tall"", ""red"", ""daffodils"", ""fish""], [""4"", ""peter"", ""very short"", ""white"", ""lilies"", ""horse""]]}",43
lgp-test-6x3-15,"{""header"": [""House"", ""Each person has a unique name"", ""Each person has an occupation"", ""Each person has a unique type of pet""], ""rows"": [[""1"", ""bob"", ""doctor"", ""fish""], [""2"", ""peter"", ""teacher"", ""dog""], [""3"", ""carol"", ""artist"", ""rabbit""], [""4"", ""alice"", ""engineer"", ""bird""], [""5"", ""arnold"", ""lawyer"", ""hamster""], [""6"", ""eric"", ""nurse"", ""cat""]]}",1875
lgp-test-2x6-9,"{""header"": [""House"", ""Each person has a unique name"", ""People have unique favorite music genres"", ""Each person lives in a unique style of house"", ""Everyone has something unique for lunch"", ""People have unique favorite sports"", ""Each mother is accompanied by their child""], ""rows"": [[""1"", ""arnold"", ""pop"", ""colonial"", ""pizza"", ""basketball"", ""fred""], [""2"", ""eric"", ""rock"", ""victorian"", ""grilled cheese"", ""soccer"", ""bella""]]}",19
lgp-test-4x6-2,"{""header"": [""House"", ""Each person has a unique name"", ""People own unique car models"", ""People have unique heights"", ""The mothers' names in different houses are unique"", ""Each person has a unique level of education"", ""The people keep unique animals""], ""rows"": [[""1"", ""alice"", ""honda civic"", ""very short"", ""janelle"", ""bachelor"", ""horse""], [""2"", ""arnold"", ""toyota camry"", ""short"", ""aniya"", ""master"", ""fish""], [""3"", ""peter"", ""ford f150"", ""tall"", ""holly"", ""associate"", ""cat""], [""4"", ""eric"", ""tesla model 3"", ""average"", ""kailyn"", ""high school"", ""bird""]]}",500
lgp-test-4x4-6,"{""header"": [""House"", ""Each person has a unique name"", ""People use unique phone models"", ""Each person prefers a unique type of vacation"", ""They all have a unique favorite flower""], ""rows"": [[""1"", ""eric"", ""samsung galaxy s21"", ""city"", ""roses""], [""2"", ""peter"", ""google pixel 6"", ""cruise"", ""daffodils""], [""3"", ""alice"", ""iphone 13"", ""mountain"", ""carnations""], [""4"", ""arnold"", ""oneplus 9"", ""beach"", ""lilies""]]}",43
lgp-test-5x3-35,"{""header"": [""House"", ""Each person has a unique name"", ""The mothers' names in different houses are unique"", ""People have unique heights""], ""rows"": [[""1"", ""bob"", ""janelle"", ""tall""], [""2"", ""eric"", ""kailyn"", ""average""], [""3"", ""peter"", ""holly"", ""short""], [""4"", ""arnold"", ""penny"", ""very tall""], [""5"", ""alice"", ""aniya"", ""very short""]]}",125
lgp-test-2x5-11,"{""header"": [""House"", ""Each person has a unique name"", ""People have unique heights"", ""Each person has a unique hobby"", ""Everyone has something unique for lunch"", ""Each person has an occupation""], ""rows"": [[""1"", ""eric"", ""short"", ""gardening"", ""pizza"", ""engineer""], [""2"", ""arnold"", ""very short"", ""photography"", ""grilled cheese"", ""doctor""]]}",11
lgp-test-2x5-8,"{""header"": [""House"", ""Each person has a unique name"", ""Each person has a unique level of education"", ""Each person has an occupation"", ""Each person has a unique birthday month"", ""Each person has a favorite color""], ""rows"": [[""1"", ""eric"", ""associate"", ""doctor"", ""april"", ""red""], [""2"", ""arnold"", ""high school"", ""engineer"", ""sept"", ""yellow""]]}",19
lgp-test-4x5-25,"{""header"": [""House"", ""Each person has a unique name"", ""Each person lives in a unique style of house"", ""People have unique hair colors"", ""Each mother is accompanied by their child"", ""People have unique favorite book genres""], ""rows"": [[""1"", ""arnold"", ""victorian"", ""red"", ""meredith"", ""science fiction""], [""2"", ""eric"", ""ranch"", ""black"", ""fred"", ""mystery""], [""3"", ""peter"", ""craftsman"", ""blonde"", ""bella"", ""fantasy""], [""4"", ""alice"", ""colonial"", ""brown"", ""samantha"", ""romance""]]}",33
lgp-test-2x3-30,"{""header"": [""House"", ""Each person has a unique name"", ""Everyone has something unique for lunch"", ""They all have a unique favorite flower""], ""rows"": [[""1"", ""arnold"", ""grilled cheese"", ""carnations""], [""2"", ""eric"", ""pizza"", ""daffodils""]]}",8
lgp-test-4x4-17,"{""header"": [""House"", ""Each person has a unique name"", ""The people are of nationalities"", ""They all have a unique favorite flower"", ""Each person has a unique level of education""], ""rows"": [[""1"", ""alice"", ""swede"", ""lilies"", ""master""], [""2"", ""eric"", ""norwegian"", ""daffodils"", ""high school""], [""3"", ""peter"", ""brit"", ""roses"", ""bachelor""], [""4"", ""arnold"", ""dane"", ""carnations"", ""associate""]]}",27
lgp-test-5x5-29,"{""header"": [""House"", ""Each person has a unique name"", ""The people are of nationalities"", ""Each person prefers a unique type of vacation"", ""Each person has a unique level of education"", ""Each person has an occupation""], ""rows"": [[""1"", ""alice"", ""german"", ""beach"", ""doctorate"", ""doctor""], [""2"", ""arnold"", ""norwegian"", ""cruise"", ""associate"", ""lawyer""], [""3"", ""bob"", ""dane"", ""city"", ""bachelor"", ""engineer""], [""4"", ""eric"", ""brit"", ""camping"", ""master"", ""teacher""], [""5"", ""peter"", ""swede"", ""mountain"", ""high school"", ""artist""]]}",500
lgp-test-2x4-7,"{""header"": [""House"", ""Each person has a unique name"", ""People have unique favorite music genres"", ""People have unique hair colors"", ""The people are of nationalities""], ""rows"": [[""1"", ""arnold"", ""rock"", ""black"", ""dane""], [""2"", ""eric"", ""pop"", ""brown"", ""brit""]]}",9
lgp-test-6x5-13,"{""header"": [""House"", ""Each person has a unique name"", ""Each person prefers a unique type of vacation"", ""People have unique hair colors"", ""People use unique phone models"", ""Each person has a unique favorite drink""], ""rows"": [[""1"", ""arnold"", ""beach"", ""blonde"", ""google pixel 6"", ""tea""], [""2"", ""peter"", ""city"", ""gray"", ""oneplus 9"", ""water""], [""3"", ""carol"", ""cultural"", ""red"", ""xiaomi mi 11"", ""coffee""], [""4"", ""eric"", ""camping"", ""auburn"", ""samsung galaxy s21"", ""boba tea""], [""5"", ""alice"", ""cruise"", ""brown"", ""huawei p50"", ""milk""], [""6"", ""bob"", ""mountain"", ""black"", ""iphone 13"", ""root beer""]]}",22257
lgp-test-6x3-25,"{""header"": [""House"", ""Each person has a unique name"", ""People own unique car models"", ""Each person has a unique hobby""], ""rows"": [[""1"", ""arnold"", ""chevrolet silverado"", ""gardening""], [""2"", ""alice"", ""toyota camry"", ""photography""], [""3"", ""carol"", ""honda civic"", ""painting""], [""4"", ""bob"", ""ford f150"", ""knitting""], [""5"", ""eric"", ""tesla model 3"", ""woodworking""], [""6"", ""peter"", ""bmw 3 series"", ""cooking""]]}",686
lgp-test-3x3-6,"{""header"": [""House"", ""Each person has a unique name"", ""People have unique favorite book genres"", ""Each person prefers a unique type of vacation""], ""rows"": [[""1"", ""eric"", ""mystery"", ""mountain""], [""2"", ""arnold"", ""science fiction"", ""beach""], [""3"", ""peter"", ""romance"", ""city""]]}",10
lgp-test-2x3-19,"{""header"": [""House"", ""Each person has a unique name"", ""Everyone has something unique for lunch"", ""People have unique favorite book genres""], ""rows"": [[""1"", ""eric"", ""pizza"", ""science fiction""], [""2"", ""arnold"", ""grilled cheese"", ""mystery""]]}",7
lgp-test-3x3-5,"{""header"": [""House"", ""Each person has a unique name"", ""The people are of nationalities"", ""People have unique favorite sports""], ""rows"": [[""1"", ""arnold"", ""swede"", ""tennis""], [""2"", ""eric"", ""brit"", ""basketball""], [""3"", ""peter"", ""dane"", ""soccer""]]}",11
lgp-test-3x4-34,"{""header"": [""House"", ""Each person has a unique name"", ""Each person has a favorite color"", ""People own unique car models"", ""The mothers' names in different houses are unique""], ""rows"": [[""1"", ""peter"", ""red"", ""tesla model 3"", ""aniya""], [""2"", ""eric"", ""yellow"", ""toyota camry"", ""holly""], [""3"", ""arnold"", ""white"", ""ford f150"", ""janelle""]]}",14
lgp-test-3x6-11,"{""header"": [""House"", ""Each person has a unique name"", ""They all have a unique favorite flower"", ""People have unique hair colors"", ""People have unique favorite music genres"", ""The mothers' names in different houses are unique"", ""Each person has a favorite color""], ""rows"": [[""1"", ""peter"", ""lilies"", ""brown"", ""rock"", ""aniya"", ""yellow""], [""2"", ""arnold"", ""carnations"", ""black"", ""pop"", ""janelle"", ""red""], [""3"", ""eric"", ""daffodils"", ""blonde"", ""classical"", ""holly"", ""white""]]}",21
lgp-test-6x2-8,"{""header"": [""House"", ""Each person has a unique name"", ""Each person has a favorite color""], ""rows"": [[""1"", ""eric"", ""green""], [""2"", ""arnold"", ""purple""], [""3"", ""alice"", ""blue""], [""4"", ""carol"", ""red""], [""5"", ""bob"", ""white""], [""6"", ""peter"", ""yellow""]]}",62
lgp-test-2x2-19,"{""header"": [""House"", ""Each person has a unique name"", ""Each mother is accompanied by their child""], ""rows"": [[""1"", ""eric"", ""fred""], [""2"", ""arnold"", ""bella""]]}",5
lgp-test-4x4-20,"{""header"": [""House"", ""Each person has a unique name"", ""Each mother is accompanied by their child"", ""Everyone has something unique for lunch"", ""Each person has a favorite color""], ""rows"": [[""1"", ""arnold"", ""fred"", ""stew"", ""green""], [""2"", ""peter"", ""meredith"", ""grilled cheese"", ""yellow""], [""3"", ""eric"", ""bella"", ""pizza"", ""red""], [""4"", ""alice"", ""samantha"", ""spaghetti"", ""white""]]}",134
lgp-test-3x5-11,"{""header"": [""House"", ""Each person has a unique name"", ""Each person has a unique hobby"", ""The people are of nationalities"", ""Everyone has something unique for lunch"", ""Everyone has a favorite smoothie""], ""rows"": [[""1"", ""peter"", ""cooking"", ""brit"", ""grilled cheese"", ""watermelon""], [""2"", ""eric"", ""gardening"", ""dane"", ""spaghetti"", ""desert""], [""3"", ""arnold"", ""photography"", ""swede"", ""pizza"", ""cherry""]]}",29
lgp-test-5x2-13,"{""header"": [""House"", ""Each person has a unique name"", ""Each mother is accompanied by their child""], ""rows"": [[""1"", ""bob"", ""fred""], [""2"", ""arnold"", ""bella""], [""3"", ""eric"", ""timothy""], [""4"", ""peter"", ""meredith""], [""5"", ""alice"", ""samantha""]]}",17
lgp-test-2x2-0,"{""header"": [""House"", ""Each person has a unique name"", ""People have unique favorite music genres""], ""rows"": [[""1"", ""arnold"", ""pop""], [""2"", ""eric"", ""rock""]]}",5
lgp-test-4x5-23,"{""header"": [""House"", ""Each person has a unique name"", ""People have unique favorite music genres"", ""Each person has a unique hobby"", ""Each person has a unique level of education"", ""Each person has a unique type of pet""], ""rows"": [[""1"", ""eric"", ""rock"", ""cooking"", ""associate"", ""fish""], [""2"", ""alice"", ""classical"", ""photography"", ""bachelor"", ""dog""], [""3"", ""arnold"", ""jazz"", ""painting"", ""master"", ""cat""], [""4"", ""peter"", ""pop"", ""gardening"", ""high school"", ""bird""]]}",68
lgp-test-4x5-32,"{""header"": [""House"", ""Each person has a unique name"", ""Each person has a unique hobby"", ""Each person has a unique birthday month"", ""Each person has a unique level of education"", ""Everyone has a favorite smoothie""], ""rows"": [[""1"", ""arnold"", ""photography"", ""april"", ""associate"", ""dragonfruit""], [""2"", ""eric"", ""gardening"", ""jan"", ""bachelor"", ""desert""], [""3"", ""alice"", ""cooking"", ""sept"", ""high school"", ""cherry""], [""4"", ""peter"", ""painting"", ""feb"", ""master"", ""watermelon""]]}",65
lgp-test-2x6-5,"{""header"": [""House"", ""Each person has a unique name"", ""Each person has an occupation"", ""Each person has a unique birthday month"", ""Each person lives in a unique style of house"", ""People have unique heights"", ""Everyone has a unique favorite cigar""], ""rows"": [[""1"", ""eric"", ""engineer"", ""april"", ""colonial"", ""very short"", ""prince""], [""2"", ""arnold"", ""doctor"", ""sept"", ""victorian"", ""short"", ""pall mall""]]}",15
lgp-test-5x6-38,"{""header"": [""House"", ""Each person has a unique name"", ""People have unique hair colors"", ""The people are of nationalities"", ""Each person lives in a unique style of house"", ""Each person has a unique birthday month"", ""Each person has an occupation""], ""rows"": [[""1"", ""bob"", ""black"", ""norwegian"", ""ranch"", ""jan"", ""lawyer""], [""2"", ""arnold"", ""blonde"", ""swede"", ""victorian"", ""feb"", ""artist""], [""3"", ""peter"", ""gray"", ""german"", ""colonial"", ""april"", ""engineer""], [""4"", ""alice"", ""red"", ""brit"", ""craftsman"", ""sept"", ""teacher""], [""5"", ""eric"", ""brown"", ""dane"", ""modern"", ""mar"", ""doctor""]]}",422
lgp-test-3x6-22,"{""header"": [""House"", ""Each person has a unique name"", ""Everyone has a unique favorite cigar"", ""Each person has a unique favorite drink"", ""People have unique favorite sports"", ""The people are of nationalities"", ""Each person has a unique type of pet""], ""rows"": [[""1"", ""arnold"", ""blue master"", ""milk"", ""basketball"", ""swede"", ""cat""], [""2"", ""eric"", ""pall mall"", ""water"", ""soccer"", ""brit"", ""dog""], [""3"", ""peter"", ""prince"", ""tea"", ""tennis"", ""dane"", ""fish""]]}",44
lgp-test-6x2-34,"{""header"": [""House"", ""Each person has a unique name"", ""People have unique heights""], ""rows"": [[""1"", ""alice"", ""tall""], [""2"", ""peter"", ""super tall""], [""3"", ""bob"", ""average""], [""4"", ""carol"", ""short""], [""5"", ""eric"", ""very tall""], [""6"", ""arnold"", ""very short""]]}",43
lgp-test-6x6-13,,19770
lgp-test-6x4-14,"{""header"": [""House"", ""Each person has a unique name"", ""People own unique car models"", ""The mothers' names in different houses are unique"", ""Each person has a unique hobby""], ""rows"": [[""1"", ""arnold"", ""honda civic"", ""janelle"", ""woodworking""], [""2"", ""eric"", ""tesla model 3"", ""holly"", ""gardening""], [""3"", ""peter"", ""chevrolet silverado"", ""aniya"", ""knitting""], [""4"", ""carol"", ""ford f150"", ""sarah"", ""photography""], [""5"", ""bob"", ""bmw 3 series"", ""penny"", ""painting""], [""6"", ""alice"", ""toyota camry"", ""kailyn"", ""cooking""]]}",4186
lgp-test-5x6-36,"{""header"": [""House"", ""Each person has a unique name"", ""People have unique hair colors"", ""Each person prefers a unique type of vacation"", ""They all have a unique favorite flower"", ""Everyone has something unique for lunch"", ""Each person has a unique hobby""], ""rows"": [[""1"", ""eric"", ""black"", ""cruise"", ""daffodils"", ""pizza"", ""cooking""], [""2"", ""arnold"", ""red"", ""mountain"", ""roses"", ""spaghetti"", ""gardening""], [""3"", ""alice"", ""gray"", ""city"", ""lilies"", ""stew"", ""photography""], [""4"", ""peter"", ""brown"", ""beach"", ""tulips"", ""stir fry"", ""knitting""], [""5"", ""bob"", ""blonde"", ""camping"", ""carnations"", ""grilled cheese"", ""painting""]]}",1112
lgp-test-6x6-39,,311778
lgp-test-3x4-25,"{""header"": [""House"", ""Each person has a unique name"", ""People have unique favorite sports"", ""Each person has a favorite color"", ""The mothers' names in different houses are unique""], ""rows"": [[""1"", ""arnold"", ""tennis"", ""yellow"", ""aniya""], [""2"", ""eric"", ""soccer"", ""white"", ""holly""], [""3"", ""peter"", ""basketball"", ""red"", ""janelle""]]}",23
lgp-test-5x3-0,"{""header"": [""House"", ""Each person has a unique name"", ""People own unique car models"", ""Each person prefers a unique type of vacation""], ""rows"": [[""1"", ""alice"", ""tesla model 3"", ""beach""], [""2"", ""peter"", ""honda civic"", ""camping""], [""3"", ""eric"", ""bmw 3 series"", ""city""], [""4"", ""bob"", ""ford f150"", ""mountain""], [""5"", ""arnold"", ""toyota camry"", ""cruise""]]}",2699
lgp-test-2x4-28,"{""header"": [""House"", ""Each person has a unique name"", ""They all have a unique favorite flower"", ""People use unique phone models"", ""Each person has a favorite color""], ""rows"": [[""1"", ""eric"", ""carnations"", ""iphone 13"", ""yellow""], [""2"", ""arnold"", ""daffodils"", ""samsung galaxy s21"", ""red""]]}",9
lgp-test-4x4-39,"{""header"": [""House"", ""Each person has a unique name"", ""People have unique favorite music genres"", ""The people are of nationalities"", ""Each person has a favorite color""], ""rows"": [[""1"", ""eric"", ""pop"", ""dane"", ""green""], [""2"", ""alice"", ""classical"", ""brit"", ""white""], [""3"", ""peter"", ""jazz"", ""swede"", ""yellow""], [""4"", ""arnold"", ""rock"", ""norwegian"", ""red""]]}",30
lgp-test-2x6-22,"{""header"": [""House"", ""Each person has a unique name"", ""The people are of nationalities"", ""People have unique favorite book genres"", ""Each person has a unique birthday month"", ""Each person has a unique type of pet"", ""Each mother is accompanied by their child""], ""rows"": [[""1"", ""arnold"", ""brit"", ""mystery"", ""sept"", ""dog"", ""bella""], [""2"", ""eric"", ""dane"", ""science fiction"", ""april"", ""cat"", ""fred""]]}",15
lgp-test-5x6-20,"{""header"": [""House"", ""Each person has a unique name"", ""People have unique heights"", ""Each person has an occupation"", ""The mothers' names in different houses are unique"", ""Each person has a unique birthday month"", ""Each person has a unique type of pet""], ""rows"": [[""1"", ""arnold"", ""tall"", ""engineer"", ""penny"", ""jan"", ""dog""], [""2"", ""alice"", ""very tall"", ""doctor"", ""kailyn"", ""feb"", ""cat""], [""3"", ""eric"", ""very short"", ""artist"", ""holly"", ""mar"", ""fish""], [""4"", ""peter"", ""short"", ""teacher"", ""aniya"", ""sept"", ""hamster""], [""5"", ""bob"", ""average"", ""lawyer"", ""janelle"", ""april"", ""bird""]]}",35400
lgp-test-4x4-32,"{""header"": [""House"", ""Each person has a unique name"", ""Each person prefers a unique type of vacation"", ""Each person has a unique favorite drink"", ""The people are of nationalities""], ""rows"": [[""1"", ""eric"", ""city"", ""water"", ""swede""], [""2"", ""arnold"", ""cruise"", ""milk"", ""brit""], [""3"", ""alice"", ""beach"", ""coffee"", ""norwegian""], [""4"", ""peter"", ""mountain"", ""tea"", ""dane""]]}",100
lgp-test-6x5-10,"{""header"": [""House"", ""Each person has a unique name"", ""Everyone has a favorite smoothie"", ""People have unique favorite music genres"", ""People have unique favorite book genres"", ""Each person has a favorite color""], ""rows"": [[""1"", ""carol"", ""cherry"", ""hip hop"", ""fantasy"", ""red""], [""2"", ""eric"", ""desert"", ""pop"", ""biography"", ""purple""], [""3"", ""bob"", ""dragonfruit"", ""jazz"", ""historical fiction"", ""white""], [""4"", ""arnold"", ""lime"", ""rock"", ""science fiction"", ""yellow""], [""5"", ""peter"", ""blueberry"", ""classical"", ""romance"", ""green""], [""6"", ""alice"", ""watermelon"", ""country"", ""mystery"", ""blue""]]}",369299
lgp-test-5x5-16,"{""header"": [""House"", ""Each person has a unique name"", ""People own unique car models"", ""Each person has a unique favorite drink"", ""The people are of nationalities"", ""People use unique phone models""], ""rows"": [[""1"", ""alice"", ""toyota camry"", ""milk"", ""norwegian"", ""huawei p50""], [""2"", ""peter"", ""ford f150"", ""root beer"", ""dane"", ""iphone 13""], [""3"", ""bob"", ""tesla model 3"", ""coffee"", ""brit"", ""samsung galaxy s21""], [""4"", ""arnold"", ""honda civic"", ""water"", ""swede"", ""google pixel 6""], [""5"", ""eric"", ""bmw 3 series"", ""tea"", ""german"", ""oneplus 9""]]}",435
lgp-test-5x5-19,"{""header"": [""House"", ""Each person has a unique name"", ""Each person lives in a unique style of house"", ""People use unique phone models"", ""Everyone has a unique favorite cigar"", ""People have unique favorite book genres""], ""rows"": [[""1"", ""peter"", ""modern"", ""oneplus 9"", ""pall mall"", ""biography""], [""2"", ""arnold"", ""victorian"", ""google pixel 6"", ""blue master"", ""romance""], [""3"", ""bob"", ""ranch"", ""huawei p50"", ""prince"", ""mystery""], [""4"", ""eric"", ""colonial"", ""samsung galaxy s21"", ""blends"", ""fantasy""], [""5"", ""alice"", ""craftsman"", ""iphone 13"", ""dunhill"", ""science fiction""]]}",89
lgp-test-2x2-3,"{""header"": [""House"", ""Each person has a unique name"", ""Each person lives in a unique style of house""], ""rows"": [[""1"", ""eric"", ""victorian""], [""2"", ""arnold"", ""colonial""]]}",5
lgp-test-6x4-28,,240
lgp-test-2x6-1,"{""header"": [""House"", ""Each person has a unique name"", ""People have unique favorite sports"", ""People have unique hair colors"", ""People have unique heights"", ""Everyone has a favorite smoothie"", ""They all have a unique favorite flower""], ""rows"": [[""1"", ""eric"", ""soccer"", ""black"", ""short"", ""desert"", ""carnations""], [""2"", ""arnold"", ""basketball"", ""brown"", ""very short"", ""cherry"", ""daffodils""]]}",14
lgp-test-4x3-5,"{""header"": [""House"", ""Each person has a unique name"", ""Each person has a unique hobby"", ""Everyone has a unique favorite cigar""], ""rows"": [[""1"", ""peter"", ""painting"", ""dunhill""], [""2"", ""arnold"", ""cooking"", ""pall mall""], [""3"", ""alice"", ""photography"", ""prince""], [""4"", ""eric"", ""gardening"", ""blue master""]]}",15
lgp-test-6x5-11,"{""header"": [""House"", ""Each person has a unique name"", ""Each person has a unique level of education"", ""People own unique car models"", ""Each person has a unique favorite drink"", ""They all have a unique favorite flower""], ""rows"": [[""1"", ""peter"", ""associate"", ""toyota camry"", ""tea"", ""iris""], [""2"", ""eric"", ""high school"", ""ford f150"", ""water"", ""daffodils""], [""3"", ""bob"", ""trade school"", ""chevrolet silverado"", ""root beer"", ""carnations""], [""4"", ""carol"", ""master"", ""honda civic"", ""boba tea"", ""tulips""], [""5"", ""arnold"", ""doctorate"", ""tesla model 3"", ""milk"", ""lilies""], [""6"", ""alice"", ""bachelor"", ""bmw 3 series"", ""coffee"", ""roses""]]}",295740
lgp-test-6x6-38,"{""header"": [""House"", ""Each person has a unique name"", ""People use unique phone models"", ""Everyone has a unique favorite cigar"", ""Each person prefers a unique type of vacation"", ""People have unique hair colors"", ""Each person has a unique favorite drink""], ""rows"": [[""1"", ""alice"", ""iphone 13"", ""blue master"", ""beach"", ""auburn"", ""milk""], [""2"", ""arnold"", ""oneplus 9"", ""blends"", ""cruise"", ""red"", ""root beer""], [""3"", ""carol"", ""huawei p50"", ""prince"", ""camping"", ""blonde"", ""coffee""], [""4"", ""peter"", ""google pixel 6"", ""dunhill"", ""mountain"", ""brown"", ""water""], [""5"", ""eric"", ""xiaomi mi 11"", ""pall mall"", ""cultural"", ""gray"", ""tea""], [""6"", ""bob"", ""samsung galaxy s21"", ""yellow monster"", ""city"", ""black"", ""boba tea""]]}",35192
lgp-test-6x5-35,"{""header"": [""House"", ""Each person has a unique name"", ""Each person has a unique favorite drink"", ""They all have a unique favorite flower"", ""Each person has a unique birthday month"", ""Each person has a unique hobby""], ""rows"": [[""1"", ""arnold"", ""coffee"", ""roses"", ""mar"", ""cooking""], [""2"", ""alice"", ""tea"", ""daffodils"", ""may"", ""woodworking""], [""3"", ""carol"", ""boba tea"", ""lilies"", ""april"", ""gardening""], [""4"", ""peter"", ""water"", ""carnations"", ""feb"", ""knitting""], [""5"", ""bob"", ""root beer"", ""tulips"", ""jan"", ""painting""], [""6"", ""eric"", ""milk"", ""iris"", ""sept"", ""photography""]]}",3822
lgp-test-5x3-16,"{""header"": [""House"", ""Each person has a unique name"", ""Each mother is accompanied by their child"", ""They all have a unique favorite flower""], ""rows"": [[""1"", ""alice"", ""meredith"", ""roses""], [""2"", ""arnold"", ""timothy"", ""tulips""], [""3"", ""bob"", ""fred"", ""daffodils""], [""4"", ""eric"", ""samantha"", ""lilies""], [""5"", ""peter"", ""bella"", ""carnations""]]}",420
lgp-test-5x6-27,"{""header"": [""House"", ""Each person has a unique name"", ""Each person has a unique birthday month"", ""People have unique favorite sports"", ""Each person has a favorite color"", ""Each person has an occupation"", ""The mothers' names in different houses are unique""], ""rows"": [[""1"", ""bob"", ""april"", ""swimming"", ""white"", ""teacher"", ""aniya""], [""2"", ""arnold"", ""feb"", ""basketball"", ""green"", ""artist"", ""holly""], [""3"", ""eric"", ""sept"", ""tennis"", ""yellow"", ""doctor"", ""kailyn""], [""4"", ""alice"", ""jan"", ""baseball"", ""blue"", ""lawyer"", ""janelle""], [""5"", ""peter"", ""mar"", ""soccer"", ""red"", ""engineer"", ""penny""]]}",10884
lgp-test-6x4-19,"{""header"": [""House"", ""Each person has a unique name"", ""People own unique car models"", ""The people keep unique animals"", ""Everyone has a favorite smoothie""], ""rows"": [[""1"", ""arnold"", ""honda civic"", ""fish"", ""lime""], [""2"", ""peter"", ""tesla model 3"", ""cat"", ""dragonfruit""], [""3"", ""eric"", ""chevrolet silverado"", ""dog"", ""watermelon""], [""4"", ""bob"", ""ford f150"", ""horse"", ""desert""], [""5"", ""alice"", ""bmw 3 series"", ""rabbit"", ""cherry""], [""6"", ""carol"", ""toyota camry"", ""bird"", ""blueberry""]]}",2116
lgp-test-5x6-8,"{""header"": [""House"", ""Each person has a unique name"", ""Each person lives in a unique style of house"", ""The mothers' names in different houses are unique"", ""People use unique phone models"", ""Each person has a unique favorite drink"", ""The people keep unique animals""], ""rows"": [[""1"", ""peter"", ""victorian"", ""aniya"", ""huawei p50"", ""root beer"", ""cat""], [""2"", ""arnold"", ""ranch"", ""kailyn"", ""iphone 13"", ""milk"", ""dog""], [""3"", ""eric"", ""modern"", ""penny"", ""oneplus 9"", ""coffee"", ""horse""], [""4"", ""bob"", ""craftsman"", ""holly"", ""google pixel 6"", ""tea"", ""bird""], [""5"", ""alice"", ""colonial"", ""janelle"", ""samsung galaxy s21"", ""water"", ""fish""]]}",250
lgp-test-6x5-16,"{""header"": [""House"", ""Each person has a unique name"", ""People have unique favorite book genres"", ""Everyone has a unique favorite cigar"", ""The people are of nationalities"", ""Each person has a unique type of pet""], ""rows"": [[""1"", ""peter"", ""fantasy"", ""pall mall"", ""swede"", ""fish""], [""2"", ""carol"", ""romance"", ""yellow monster"", ""dane"", ""rabbit""], [""3"", ""arnold"", ""biography"", ""dunhill"", ""norwegian"", ""bird""], [""4"", ""bob"", ""science fiction"", ""prince"", ""chinese"", ""dog""], [""5"", ""alice"", ""historical fiction"", ""blends"", ""brit"", ""hamster""], [""6"", ""eric"", ""mystery"", ""blue master"", ""german"", ""cat""]]}",8548
lgp-test-5x4-18,"{""header"": [""House"", ""Each person has a unique name"", ""People own unique car models"", ""Each person has a favorite color"", ""The mothers' names in different houses are unique""], ""rows"": [[""1"", ""bob"", ""tesla model 3"", ""red"", ""holly""], [""2"", ""arnold"", ""ford f150"", ""white"", ""janelle""], [""3"", ""peter"", ""toyota camry"", ""blue"", ""aniya""], [""4"", ""alice"", ""honda civic"", ""yellow"", ""kailyn""], [""5"", ""eric"", ""bmw 3 series"", ""green"", ""penny""]]}",178
lgp-test-2x4-37,"{""header"": [""House"", ""Each person has a unique name"", ""Each person has a unique hobby"", ""Each person has a unique type of pet"", ""Each person has an occupation""], ""rows"": [[""1"", ""arnold"", ""photography"", ""cat"", ""engineer""], [""2"", ""eric"", ""gardening"", ""dog"", ""doctor""]]}",14
lgp-test-5x5-18,"{""header"": [""House"", ""Each person has a unique name"", ""The mothers' names in different houses are unique"", ""The people keep unique animals"", ""Everyone has a favorite smoothie"", ""Each person has an occupation""], ""rows"": [[""1"", ""eric"", ""kailyn"", ""horse"", ""dragonfruit"", ""teacher""], [""2"", ""peter"", ""penny"", ""bird"", ""cherry"", ""artist""], [""3"", ""alice"", ""holly"", ""dog"", ""lime"", ""doctor""], [""4"", ""arnold"", ""janelle"", ""fish"", ""watermelon"", ""lawyer""], [""5"", ""bob"", ""aniya"", ""cat"", ""desert"", ""engineer""]]}",253
lgp-test-6x2-30,"{""header"": [""House"", ""Each person has a unique name"", ""Each person has a unique level of education""], ""rows"": [[""1"", ""carol"", ""master""], [""2"", ""alice"", ""high school""], [""3"", ""peter"", ""associate""], [""4"", ""bob"", ""doctorate""], [""5"", ""arnold"", ""trade school""], [""6"", ""eric"", ""bachelor""]]}",115
lgp-test-2x2-11,"{""header"": [""House"", ""Each person has a unique name"", ""Each person has an occupation""], ""rows"": [[""1"", ""arnold"", ""engineer""], [""2"", ""eric"", ""doctor""]]}",5
lgp-test-4x6-6,,49
lgp-test-3x3-17,"{""header"": [""House"", ""Each person has a unique name"", ""People use unique phone models"", ""People have unique favorite music genres""], ""rows"": [[""1"", ""peter"", ""google pixel 6"", ""pop""], [""2"", ""arnold"", ""samsung galaxy s21"", ""classical""], [""3"", ""eric"", ""iphone 13"", ""rock""]]}",22
lgp-test-4x5-21,"{""header"": [""House"", ""Each person has a unique name"", ""Everyone has a favorite smoothie"", ""People have unique favorite sports"", ""People own unique car models"", ""They all have a unique favorite flower""], ""rows"": [[""1"", ""eric"", ""cherry"", ""tennis"", ""tesla model 3"", ""roses""], [""2"", ""alice"", ""desert"", ""soccer"", ""toyota camry"", ""carnations""], [""3"", ""arnold"", ""watermelon"", ""basketball"", ""ford f150"", ""lilies""], [""4"", ""peter"", ""dragonfruit"", ""swimming"", ""honda civic"", ""daffodils""]]}",148
lgp-test-4x3-39,"{""header"": [""House"", ""Each person has a unique name"", ""People have unique hair colors"", ""People have unique favorite sports""], ""rows"": [[""1"", ""arnold"", ""brown"", ""basketball""], [""2"", ""alice"", ""red"", ""swimming""], [""3"", ""peter"", ""black"", ""tennis""], [""4"", ""eric"", ""blonde"", ""soccer""]]}",15
lgp-test-6x6-3,"{""header"": [""House"", ""Each person has a unique name"", ""Each person has an occupation"", ""Everyone has something unique for lunch"", ""Everyone has a favorite smoothie"", ""Each person prefers a unique type of vacation"", ""People use unique phone models""], ""rows"": [[""1"", ""eric"", ""doctor"", ""spaghetti"", ""lime"", ""cruise"", ""google pixel 6""], [""2"", ""bob"", ""artist"", ""pizza"", ""desert"", ""city"", ""iphone 13""], [""3"", ""carol"", ""nurse"", ""grilled cheese"", ""dragonfruit"", ""cultural"", ""oneplus 9""], [""4"", ""alice"", ""teacher"", ""soup"", ""blueberry"", ""beach"", ""samsung galaxy s21""], [""5"", ""arnold"", ""engineer"", ""stew"", ""cherry"", ""mountain"", ""huawei p50""], [""6"", ""peter"", ""lawyer"", ""stir fry"", ""watermelon"", ""camping"", ""xiaomi mi 11""]]}",78221
lgp-test-3x6-30,"{""header"": [""House"", ""Each person has a unique name"", ""People have unique favorite book genres"", ""People use unique phone models"", ""People have unique heights"", ""They all have a unique favorite flower"", ""Everyone has something unique for lunch""], ""rows"": [[""1"", ""eric"", ""mystery"", ""google pixel 6"", ""average"", ""carnations"", ""spaghetti""], [""2"", ""peter"", ""romance"", ""iphone 13"", ""very short"", ""daffodils"", ""grilled cheese""], [""3"", ""arnold"", ""science fiction"", ""samsung galaxy s21"", ""short"", ""lilies"", ""pizza""]]}",19
lgp-test-3x6-34,"{""header"": [""House"", ""Each person has a unique name"", ""Each person has a unique type of pet"", ""People have unique favorite book genres"", ""People own unique car models"", ""Each person has a unique birthday month"", ""People have unique favorite music genres""], ""rows"": [[""1"", ""arnold"", ""cat"", ""science fiction"", ""tesla model 3"", ""jan"", ""classical""], [""2"", ""peter"", ""dog"", ""romance"", ""toyota camry"", ""sept"", ""rock""], [""3"", ""eric"", ""fish"", ""mystery"", ""ford f150"", ""april"", ""pop""]]}",53
lgp-test-2x3-25,"{""header"": [""House"", ""Each person has a unique name"", ""Everyone has a favorite smoothie"", ""People use unique phone models""], ""rows"": [[""1"", ""eric"", ""cherry"", ""samsung galaxy s21""], [""2"", ""arnold"", ""desert"", ""iphone 13""]]}",7
lgp-test-5x2-10,"{""header"": [""House"", ""Each person has a unique name"", ""People have unique favorite music genres""], ""rows"": [[""1"", ""arnold"", ""pop""], [""2"", ""peter"", ""hip hop""], [""3"", ""eric"", ""rock""], [""4"", ""alice"", ""jazz""], [""5"", ""bob"", ""classical""]]}",57
lgp-test-6x5-36,"{""header"": [""House"", ""Each person has a unique name"", ""Everyone has something unique for lunch"", ""Each person has a unique level of education"", ""The people keep unique animals"", ""Each person lives in a unique style of house""], ""rows"": [[""1"", ""alice"", ""stew"", ""high school"", ""fish"", ""colonial""], [""2"", ""arnold"", ""pizza"", ""master"", ""rabbit"", ""mediterranean""], [""3"", ""carol"", ""spaghetti"", ""associate"", ""bird"", ""ranch""], [""4"", ""eric"", ""grilled cheese"", ""bachelor"", ""horse"", ""victorian""], [""5"", ""bob"", ""stir fry"", ""doctorate"", ""dog"", ""modern""], [""6"", ""peter"", ""soup"", ""trade school"", ""cat"", ""craftsman""]]}",307
lgp-test-5x4-16,,164
lgp-test-6x2-11,"{""header"": [""House"", ""Each person has a unique name"", ""Everyone has something unique for lunch""], ""rows"": [[""1"", ""eric"", ""stew""], [""2"", ""arnold"", ""pizza""], [""3"", ""alice"", ""spaghetti""], [""4"", ""bob"", ""soup""], [""5"", ""peter"", ""stir fry""], [""6"", ""carol"", ""grilled cheese""]]}",372
lgp-test-6x5-38,"{""header"": [""House"", ""Each person has a unique name"", ""Each person has a unique birthday month"", ""Everyone has something unique for lunch"", ""People have unique heights"", ""People own unique car models""], ""rows"": [[""1"", ""alice"", ""mar"", ""stir fry"", ""short"", ""honda civic""], [""2"", ""arnold"", ""sept"", ""spaghetti"", ""average"", ""bmw 3 series""], [""3"", ""peter"", ""may"", ""grilled cheese"", ""super tall"", ""chevrolet silverado""], [""4"", ""carol"", ""feb"", ""pizza"", ""very short"", ""tesla model 3""], [""5"", ""bob"", ""april"", ""soup"", ""tall"", ""ford f150""], [""6"", ""eric"", ""jan"", ""stew"", ""very tall"", ""toyota camry""]]}",487
lgp-test-5x3-2,"{""header"": [""House"", ""Each person has a unique name"", ""Each person has a unique hobby"", ""Each person has a unique favorite drink""], ""rows"": [[""1"", ""bob"", ""gardening"", ""milk""], [""2"", ""arnold"", ""cooking"", ""root beer""], [""3"", ""peter"", ""painting"", ""tea""], [""4"", ""alice"", ""photography"", ""water""], [""5"", ""eric"", ""knitting"", ""coffee""]]}",1392
lgp-test-2x5-36,"{""header"": [""House"", ""Each person has a unique name"", ""They all have a unique favorite flower"", ""People have unique favorite music genres"", ""Each mother is accompanied by their child"", ""Everyone has a unique favorite cigar""], ""rows"": [[""1"", ""eric"", ""daffodils"", ""pop"", ""bella"", ""pall mall""], [""2"", ""arnold"", ""carnations"", ""rock"", ""fred"", ""prince""]]}",15
lgp-test-2x4-32,"{""header"": [""House"", ""Each person has a unique name"", ""People have unique favorite book genres"", ""Each person has a unique birthday month"", ""Each person prefers a unique type of vacation""], ""rows"": [[""1"", ""eric"", ""mystery"", ""sept"", ""beach""], [""2"", ""arnold"", ""science fiction"", ""april"", ""mountain""]]}",10
lgp-test-2x3-8,"{""header"": [""House"", ""Each person has a unique name"", ""Each person has a unique birthday month"", ""The mothers' names in different houses are unique""], ""rows"": [[""1"", ""eric"", ""april"", ""aniya""], [""2"", ""arnold"", ""sept"", ""holly""]]}",7
lgp-test-5x6-13,"{""header"": [""House"", ""Each person has a unique name"", ""Everyone has something unique for lunch"", ""People own unique car models"", ""People use unique phone models"", ""Each person has an occupation"", ""Each person has a unique favorite drink""], ""rows"": [[""1"", ""bob"", ""stew"", ""bmw 3 series"", ""iphone 13"", ""engineer"", ""coffee""], [""2"", ""alice"", ""stir fry"", ""honda civic"", ""samsung galaxy s21"", ""artist"", ""root beer""], [""3"", ""arnold"", ""spaghetti"", ""toyota camry"", ""google pixel 6"", ""doctor"", ""tea""], [""4"", ""eric"", ""pizza"", ""ford f150"", ""oneplus 9"", ""lawyer"", ""milk""], [""5"", ""peter"", ""grilled cheese"", ""tesla model 3"", ""huawei p50"", ""teacher"", ""water""]]}",2882
lgp-test-2x4-13,"{""header"": [""House"", ""Each person has a unique name"", ""People have unique favorite book genres"", ""The people keep unique animals"", ""People have unique favorite sports""], ""rows"": [[""1"", ""eric"", ""mystery"", ""horse"", ""basketball""], [""2"", ""arnold"", ""science fiction"", ""cat"", ""soccer""]]}",9
lgp-test-4x4-25,"{""header"": [""House"", ""Each person has a unique name"", ""People own unique car models"", ""Each person has a unique type of pet"", ""People use unique phone models""], ""rows"": [[""1"", ""alice"", ""tesla model 3"", ""cat"", ""oneplus 9""], [""2"", ""arnold"", ""toyota camry"", ""dog"", ""iphone 13""], [""3"", ""peter"", ""honda civic"", ""fish"", ""google pixel 6""], [""4"", ""eric"", ""ford f150"", ""bird"", ""samsung galaxy s21""]]}",23
lgp-test-4x5-1,"{""header"": [""House"", ""Each person has a unique name"", ""The mothers' names in different houses are unique"", ""Each person lives in a unique style of house"", ""The people keep unique animals"", ""Each person has a unique level of education""], ""rows"": [[""1"", ""peter"", ""holly"", ""colonial"", ""horse"", ""bachelor""], [""2"", ""arnold"", ""aniya"", ""craftsman"", ""cat"", ""high school""], [""3"", ""alice"", ""kailyn"", ""victorian"", ""bird"", ""associate""], [""4"", ""eric"", ""janelle"", ""ranch"", ""fish"", ""master""]]}",71
lgp-test-2x5-21,"{""header"": [""House"", ""Each person has a unique name"", ""People have unique favorite sports"", ""Each mother is accompanied by their child"", ""Each person has a unique favorite drink"", ""Everyone has something unique for lunch""], ""rows"": [[""1"", ""arnold"", ""basketball"", ""fred"", ""tea"", ""grilled cheese""], [""2"", ""eric"", ""soccer"", ""bella"", ""water"", ""pizza""]]}",11
lgp-test-6x4-1,"{""header"": [""House"", ""Each person has a unique name"", ""People have unique heights"", ""Each person has a unique type of pet"", ""People use unique phone models""], ""rows"": [[""1"", ""eric"", ""short"", ""dog"", ""samsung galaxy s21""], [""2"", ""peter"", ""super tall"", ""rabbit"", ""oneplus 9""], [""3"", ""arnold"", ""tall"", ""hamster"", ""xiaomi mi 11""], [""4"", ""carol"", ""very short"", ""fish"", ""huawei p50""], [""5"", ""bob"", ""average"", ""cat"", ""google pixel 6""], [""6"", ""alice"", ""very tall"", ""bird"", ""iphone 13""]]}",426
lgp-test-6x5-5,"{""header"": [""House"", ""Each person has a unique name"", ""Everyone has a favorite smoothie"", ""Each person has a unique type of pet"", ""Each person has a unique level of education"", ""People have unique heights""], ""rows"": [[""1"", ""carol"", ""blueberry"", ""fish"", ""trade school"", ""tall""], [""2"", ""arnold"", ""lime"", ""hamster"", ""master"", ""short""], [""3"", ""peter"", ""cherry"", ""bird"", ""doctorate"", ""very tall""], [""4"", ""bob"", ""desert"", ""rabbit"", ""high school"", ""super tall""], [""5"", ""alice"", ""dragonfruit"", ""dog"", ""associate"", ""very short""], [""6"", ""eric"", ""watermelon"", ""cat"", ""bachelor"", ""average""]]}",97855
lgp-test-4x2-8,"{""header"": [""House"", ""Each person has a unique name"", ""Each person has a favorite color""], ""rows"": [[""1"", ""peter"", ""white""], [""2"", ""alice"", ""red""], [""3"", ""arnold"", ""green""], [""4"", ""eric"", ""yellow""]]}",19
lgp-test-4x6-37,"{""header"": [""House"", ""Each person has a unique name"", ""People have unique favorite sports"", ""People own unique car models"", ""Everyone has a unique favorite cigar"", ""Each person has an occupation"", ""Each person has a unique type of pet""], ""rows"": [[""1"", ""alice"", ""tennis"", ""ford f150"", ""prince"", ""teacher"", ""fish""], [""2"", ""arnold"", ""basketball"", ""honda civic"", ""dunhill"", ""engineer"", ""dog""], [""3"", ""eric"", ""swimming"", ""tesla model 3"", ""blue master"", ""artist"", ""bird""], [""4"", ""peter"", ""soccer"", ""toyota camry"", ""pall mall"", ""doctor"", ""cat""]]}",477
lgp-test-4x2-38,"{""header"": [""House"", ""Each person has a unique name"", ""Each person lives in a unique style of house""], ""rows"": [[""1"", ""peter"", ""craftsman""], [""2"", ""arnold"", ""colonial""], [""3"", ""eric"", ""victorian""], [""4"", ""alice"", ""ranch""]]}",12
lgp-test-4x6-38,"{""header"": [""House"", ""Each person has a unique name"", ""Each person has a unique birthday month"", ""The mothers' names in different houses are unique"", ""The people keep unique animals"", ""Each person has a favorite color"", ""People have unique favorite sports""], ""rows"": [[""1"", ""eric"", ""jan"", ""holly"", ""cat"", ""green"", ""swimming""], [""2"", ""peter"", ""april"", ""aniya"", ""horse"", ""yellow"", ""basketball""], [""3"", ""alice"", ""sept"", ""janelle"", ""fish"", ""red"", ""tennis""], [""4"", ""arnold"", ""feb"", ""kailyn"", ""bird"", ""white"", ""soccer""]]}",147
lgp-test-5x6-4,,565
lgp-test-3x3-29,"{""header"": [""House"", ""Each person has a unique name"", ""The mothers' names in different houses are unique"", ""Everyone has something unique for lunch""], ""rows"": [[""1"", ""eric"", ""janelle"", ""grilled cheese""], [""2"", ""arnold"", ""aniya"", ""spaghetti""], [""3"", ""peter"", ""holly"", ""pizza""]]}",12
lgp-test-4x5-31,"{""header"": [""House"", ""Each person has a unique name"", ""Everyone has a unique favorite cigar"", ""Each person has a unique level of education"", ""They all have a unique favorite flower"", ""Each person has a unique hobby""], ""rows"": [[""1"", ""peter"", ""pall mall"", ""master"", ""daffodils"", ""painting""], [""2"", ""alice"", ""dunhill"", ""bachelor"", ""lilies"", ""gardening""], [""3"", ""arnold"", ""blue master"", ""high school"", ""roses"", ""cooking""], [""4"", ""eric"", ""prince"", ""associate"", ""carnations"", ""photography""]]}",23
lgp-test-6x6-14,,54489
lgp-test-5x6-2,,40
lgp-test-3x3-12,"{""header"": [""House"", ""Each person has a unique name"", ""Each person prefers a unique type of vacation"", ""People have unique heights""], ""rows"": [[""1"", ""peter"", ""city"", ""short""], [""2"", ""arnold"", ""mountain"", ""average""], [""3"", ""eric"", ""beach"", ""very short""]]}",19
lgp-test-6x6-32,"{""header"": [""House"", ""Each person has a unique name"", ""The people keep unique animals"", ""People have unique favorite sports"", ""People have unique hair colors"", ""People have unique heights"", ""Everyone has a unique favorite cigar""], ""rows"": [[""1"", ""peter"", ""rabbit"", ""tennis"", ""blonde"", ""short"", ""prince""], [""2"", ""eric"", ""horse"", ""basketball"", ""auburn"", ""super tall"", ""pall mall""], [""3"", ""bob"", ""cat"", ""baseball"", ""gray"", ""tall"", ""yellow monster""], [""4"", ""carol"", ""fish"", ""volleyball"", ""brown"", ""average"", ""blue master""], [""5"", ""arnold"", ""bird"", ""swimming"", ""black"", ""very tall"", ""blends""], [""6"", ""alice"", ""dog"", ""soccer"", ""red"", ""very short"", ""dunhill""]]}",8863
lgp-test-3x3-31,"{""header"": [""House"", ""Each person has a unique name"", ""People have unique favorite sports"", ""Each mother is accompanied by their child""], ""rows"": [[""1"", ""peter"", ""basketball"", ""fred""], [""2"", ""arnold"", ""tennis"", ""meredith""], [""3"", ""eric"", ""soccer"", ""bella""]]}",32
lgp-test-2x5-26,"{""header"": [""House"", ""Each person has a unique name"", ""Each person has a unique hobby"", ""Each person has a unique type of pet"", ""The mothers' names in different houses are unique"", ""Each person has a favorite color""], ""rows"": [[""1"", ""eric"", ""gardening"", ""dog"", ""aniya"", ""yellow""], [""2"", ""arnold"", ""photography"", ""cat"", ""holly"", ""red""]]}",12
lgp-test-4x3-29,"{""header"": [""House"", ""Each person has a unique name"", ""Everyone has a unique favorite cigar"", ""People have unique favorite book genres""], ""rows"": [[""1"", ""eric"", ""pall mall"", ""science fiction""], [""2"", ""peter"", ""blue master"", ""fantasy""], [""3"", ""arnold"", ""prince"", ""mystery""], [""4"", ""alice"", ""dunhill"", ""romance""]]}",18
lgp-test-5x3-18,"{""header"": [""House"", ""Each person has a unique name"", ""They all have a unique favorite flower"", ""The people keep unique animals""], ""rows"": [[""1"", ""arnold"", ""lilies"", ""bird""], [""2"", ""alice"", ""carnations"", ""dog""], [""3"", ""eric"", ""tulips"", ""horse""], [""4"", ""peter"", ""daffodils"", ""fish""], [""5"", ""bob"", ""roses"", ""cat""]]}",107
lgp-test-4x2-5,"{""header"": [""House"", ""Each person has a unique name"", ""Each person has a unique level of education""], ""rows"": [[""1"", ""eric"", ""master""], [""2"", ""alice"", ""bachelor""], [""3"", ""peter"", ""high school""], [""4"", ""arnold"", ""associate""]]}",128
lgp-test-4x4-31,"{""header"": [""House"", ""Each person has a unique name"", ""Each person has a unique hobby"", ""Each person prefers a unique type of vacation"", ""People own unique car models""], ""rows"": [[""1"", ""alice"", ""cooking"", ""mountain"", ""ford f150""], [""2"", ""arnold"", ""painting"", ""city"", ""honda civic""], [""3"", ""peter"", ""photography"", ""beach"", ""toyota camry""], [""4"", ""eric"", ""gardening"", ""cruise"", ""tesla model 3""]]}",159
lgp-test-5x3-31,"{""header"": [""House"", ""Each person has a unique name"", ""The people keep unique animals"", ""Each person has a unique birthday month""], ""rows"": [[""1"", ""alice"", ""fish"", ""mar""], [""2"", ""arnold"", ""dog"", ""april""], [""3"", ""eric"", ""bird"", ""jan""], [""4"", ""peter"", ""horse"", ""sept""], [""5"", ""bob"", ""cat"", ""feb""]]}",387
lgp-test-3x2-17,"{""header"": [""House"", ""Each person has a unique name"", ""Everyone has a unique favorite cigar""], ""rows"": [[""1"", ""eric"", ""blue master""], [""2"", ""peter"", ""pall mall""], [""3"", ""arnold"", ""prince""]]}",10
lgp-test-3x5-2,"{""header"": [""House"", ""Each person has a unique name"", ""People have unique hair colors"", ""The people keep unique animals"", ""People have unique favorite music genres"", ""Everyone has a favorite smoothie""], ""rows"": [[""1"", ""eric"", ""black"", ""cat"", ""rock"", ""cherry""], [""2"", ""peter"", ""brown"", ""bird"", ""pop"", ""watermelon""], [""3"", ""arnold"", ""blonde"", ""horse"", ""classical"", ""desert""]]}",21
lgp-test-5x5-15,"{""header"": [""House"", ""Each person has a unique name"", ""People have unique favorite sports"", ""People have unique heights"", ""Each person prefers a unique type of vacation"", ""Each person lives in a unique style of house""], ""rows"": [[""1"", ""bob"", ""soccer"", ""short"", ""cruise"", ""victorian""], [""2"", ""arnold"", ""swimming"", ""average"", ""mountain"", ""modern""], [""3"", ""alice"", ""tennis"", ""very short"", ""beach"", ""craftsman""], [""4"", ""eric"", ""baseball"", ""tall"", ""camping"", ""ranch""], [""5"", ""peter"", ""basketball"", ""very tall"", ""city"", ""colonial""]]}",196
lgp-test-4x6-20,"{""header"": [""House"", ""Each person has a unique name"", ""Each mother is accompanied by their child"", ""Everyone has a favorite smoothie"", ""Everyone has something unique for lunch"", ""The mothers' names in different houses are unique"", ""They all have a unique favorite flower""], ""rows"": [[""1"", ""alice"", ""meredith"", ""desert"", ""spaghetti"", ""kailyn"", ""roses""], [""2"", ""arnold"", ""bella"", ""watermelon"", ""pizza"", ""aniya"", ""daffodils""], [""3"", ""eric"", ""fred"", ""cherry"", ""grilled cheese"", ""janelle"", ""lilies""], [""4"", ""peter"", ""samantha"", ""dragonfruit"", ""stew"", ""holly"", ""carnations""]]}",102
lgp-test-3x2-16,"{""header"": [""House"", ""Each person has a unique name"", ""Each person has a unique level of education""], ""rows"": [[""1"", ""arnold"", ""high school""], [""2"", ""eric"", ""associate""], [""3"", ""peter"", ""bachelor""]]}",8
lgp-test-2x3-27,"{""header"": [""House"", ""Each person has a unique name"", ""People own unique car models"", ""Each mother is accompanied by their child""], ""rows"": [[""1"", ""arnold"", ""tesla model 3"", ""bella""], [""2"", ""eric"", ""ford f150"", ""fred""]]}",7
lgp-test-3x3-34,"{""header"": [""House"", ""Each person has a unique name"", ""Each person has a unique level of education"", ""People have unique favorite book genres""], ""rows"": [[""1"", ""eric"", ""high school"", ""romance""], [""2"", ""arnold"", ""bachelor"", ""science fiction""], [""3"", ""peter"", ""associate"", ""mystery""]]}",17
lgp-test-4x2-10,"{""header"": [""House"", ""Each person has a unique name"", ""People have unique hair colors""], ""rows"": [[""1"", ""alice"", ""blonde""], [""2"", ""peter"", ""black""], [""3"", ""eric"", ""red""], [""4"", ""arnold"", ""brown""]]}",27
lgp-test-3x5-3,"{""header"": [""House"", ""Each person has a unique name"", ""Everyone has a favorite smoothie"", ""They all have a unique favorite flower"", ""The people keep unique animals"", ""Each person has a unique hobby""], ""rows"": [[""1"", ""arnold"", ""desert"", ""daffodils"", ""cat"", ""cooking""], [""2"", ""peter"", ""watermelon"", ""carnations"", ""horse"", ""gardening""], [""3"", ""eric"", ""cherry"", ""lilies"", ""bird"", ""photography""]]}",18
lgp-test-6x2-24,"{""header"": [""House"", ""Each person has a unique name"", ""Each person prefers a unique type of vacation""], ""rows"": [[""1"", ""peter"", ""cultural""], [""2"", ""eric"", ""cruise""], [""3"", ""bob"", ""city""], [""4"", ""alice"", ""camping""], [""5"", ""arnold"", ""mountain""], [""6"", ""carol"", ""beach""]]}",20
lgp-test-6x6-22,,123101
lgp-test-6x3-1,"{""header"": [""House"", ""Each person has a unique name"", ""Each person has an occupation"", ""People have unique favorite book genres""], ""rows"": [[""1"", ""arnold"", ""nurse"", ""fantasy""], [""2"", ""carol"", ""teacher"", ""romance""], [""3"", ""peter"", ""engineer"", ""biography""], [""4"", ""alice"", ""artist"", ""mystery""], [""5"", ""eric"", ""lawyer"", ""historical fiction""], [""6"", ""bob"", ""doctor"", ""science fiction""]]}",663
lgp-test-3x2-34,"{""header"": [""House"", ""Each person has a unique name"", ""People use unique phone models""], ""rows"": [[""1"", ""peter"", ""samsung galaxy s21""], [""2"", ""eric"", ""google pixel 6""], [""3"", ""arnold"", ""iphone 13""]]}",9
lgp-test-2x3-17,"{""header"": [""House"", ""Each person has a unique name"", ""People have unique hair colors"", ""They all have a unique favorite flower""], ""rows"": [[""1"", ""arnold"", ""brown"", ""daffodils""], [""2"", ""eric"", ""black"", ""carnations""]]}",7
lgp-test-5x6-34,"{""header"": [""House"", ""Each person has a unique name"", ""Each person has a favorite color"", ""Each mother is accompanied by their child"", ""People have unique favorite book genres"", ""Each person has a unique birthday month"", ""People have unique favorite sports""], ""rows"": [[""1"", ""alice"", ""white"", ""fred"", ""romance"", ""april"", ""baseball""], [""2"", ""peter"", ""green"", ""bella"", ""mystery"", ""feb"", ""swimming""], [""3"", ""arnold"", ""red"", ""meredith"", ""science fiction"", ""mar"", ""tennis""], [""4"", ""eric"", ""blue"", ""samantha"", ""biography"", ""jan"", ""basketball""], [""5"", ""bob"", ""yellow"", ""timothy"", ""fantasy"", ""sept"", ""soccer""]]}",2614
lgp-test-5x6-26,"{""header"": [""House"", ""Each person has a unique name"", ""People have unique favorite book genres"", ""The mothers' names in different houses are unique"", ""People use unique phone models"", ""The people are of nationalities"", ""Each person lives in a unique style of house""], ""rows"": [[""1"", ""bob"", ""fantasy"", ""janelle"", ""google pixel 6"", ""brit"", ""colonial""], [""2"", ""eric"", ""biography"", ""aniya"", ""huawei p50"", ""german"", ""victorian""], [""3"", ""peter"", ""science fiction"", ""penny"", ""oneplus 9"", ""dane"", ""ranch""], [""4"", ""alice"", ""mystery"", ""holly"", ""samsung galaxy s21"", ""norwegian"", ""modern""], [""5"", ""arnold"", ""romance"", ""kailyn"", ""iphone 13"", ""swede"", ""craftsman""]]}",907
lgp-test-6x3-23,"{""header"": [""House"", ""Each person has a unique name"", ""The people are of nationalities"", ""Everyone has a favorite smoothie""], ""rows"": [[""1"", ""eric"", ""dane"", ""cherry""], [""2"", ""arnold"", ""norwegian"", ""lime""], [""3"", ""peter"", ""swede"", ""dragonfruit""], [""4"", ""carol"", ""chinese"", ""watermelon""], [""5"", ""bob"", ""brit"", ""blueberry""], [""6"", ""alice"", ""german"", ""desert""]]}",511
lgp-test-3x5-12,"{""header"": [""House"", ""Each person has a unique name"", ""Everyone has a unique favorite cigar"", ""Each person has a unique hobby"", ""Each person has a unique level of education"", ""Each person has a unique favorite drink""], ""rows"": [[""1"", ""peter"", ""pall mall"", ""gardening"", ""bachelor"", ""water""], [""2"", ""arnold"", ""blue master"", ""photography"", ""associate"", ""milk""], [""3"", ""eric"", ""prince"", ""cooking"", ""high school"", ""tea""]]}",54
lgp-test-5x4-21,"{""header"": [""House"", ""Each person has a unique name"", ""Each person has an occupation"", ""The people are of nationalities"", ""They all have a unique favorite flower""], ""rows"": [[""1"", ""arnold"", ""lawyer"", ""brit"", ""lilies""], [""2"", ""peter"", ""engineer"", ""german"", ""roses""], [""3"", ""alice"", ""teacher"", ""norwegian"", ""daffodils""], [""4"", ""bob"", ""artist"", ""swede"", ""tulips""], [""5"", ""eric"", ""doctor"", ""dane"", ""carnations""]]}",1726
lgp-test-3x2-24,"{""header"": [""House"", ""Each person has a unique name"", ""Each person has a unique birthday month""], ""rows"": [[""1"", ""peter"", ""sept""], [""2"", ""eric"", ""jan""], [""3"", ""arnold"", ""april""]]}",7
lgp-test-4x6-10,"{""header"": [""House"", ""Each person has a unique name"", ""The people keep unique animals"", ""Each person has a unique level of education"", ""Each person has a unique favorite drink"", ""People have unique favorite book genres"", ""Each person has a unique birthday month""], ""rows"": [[""1"", ""eric"", ""horse"", ""high school"", ""tea"", ""fantasy"", ""april""], [""2"", ""arnold"", ""cat"", ""associate"", ""milk"", ""science fiction"", ""jan""], [""3"", ""peter"", ""fish"", ""bachelor"", ""coffee"", ""romance"", ""feb""], [""4"", ""alice"", ""bird"", ""master"", ""water"", ""mystery"", ""sept""]]}",32
lgp-test-5x4-24,"{""header"": [""House"", ""Each person has a unique name"", ""The mothers' names in different houses are unique"", ""The people are of nationalities"", ""Each person has a unique birthday month""], ""rows"": [[""1"", ""eric"", ""holly"", ""swede"", ""april""], [""2"", ""bob"", ""kailyn"", ""dane"", ""jan""], [""3"", ""alice"", ""penny"", ""brit"", ""sept""], [""4"", ""peter"", ""aniya"", ""german"", ""feb""], [""5"", ""arnold"", ""janelle"", ""norwegian"", ""mar""]]}",2066
lgp-test-5x3-15,"{""header"": [""House"", ""Each person has a unique name"", ""The people keep unique animals"", ""People own unique car models""], ""rows"": [[""1"", ""eric"", ""cat"", ""toyota camry""], [""2"", ""peter"", ""dog"", ""ford f150""], [""3"", ""bob"", ""horse"", ""bmw 3 series""], [""4"", ""alice"", ""fish"", ""honda civic""], [""5"", ""arnold"", ""bird"", ""tesla model 3""]]}",162
lgp-test-3x3-36,"{""header"": [""House"", ""Each person has a unique name"", ""Each mother is accompanied by their child"", ""Each person prefers a unique type of vacation""], ""rows"": [[""1"", ""peter"", ""meredith"", ""mountain""], [""2"", ""eric"", ""bella"", ""beach""], [""3"", ""arnold"", ""fred"", ""city""]]}",10
lgp-test-3x6-28,"{""header"": [""House"", ""Each person has a unique name"", ""Everyone has something unique for lunch"", ""Each person has a unique birthday month"", ""Everyone has a favorite smoothie"", ""People own unique car models"", ""People have unique favorite music genres""], ""rows"": [[""1"", ""eric"", ""pizza"", ""jan"", ""cherry"", ""toyota camry"", ""classical""], [""2"", ""arnold"", ""spaghetti"", ""april"", ""watermelon"", ""ford f150"", ""rock""], [""3"", ""peter"", ""grilled cheese"", ""sept"", ""desert"", ""tesla model 3"", ""pop""]]}",38
lgp-test-4x3-33,"{""header"": [""House"", ""Each person has a unique name"", ""Everyone has something unique for lunch"", ""The people keep unique animals""], ""rows"": [[""1"", ""peter"", ""grilled cheese"", ""cat""], [""2"", ""eric"", ""stew"", ""horse""], [""3"", ""arnold"", ""pizza"", ""bird""], [""4"", ""alice"", ""spaghetti"", ""fish""]]}",22
lgp-test-2x6-7,"{""header"": [""House"", ""Each person has a unique name"", ""Each person has a unique hobby"", ""People use unique phone models"", ""Each mother is accompanied by their child"", ""The people keep unique animals"", ""Each person prefers a unique type of vacation""], ""rows"": [[""1"", ""eric"", ""gardening"", ""samsung galaxy s21"", ""bella"", ""horse"", ""mountain""], [""2"", ""arnold"", ""photography"", ""iphone 13"", ""fred"", ""cat"", ""beach""]]}",13
lgp-test-6x6-34,"{""header"": [""House"", ""Each person has a unique name"", ""Everyone has something unique for lunch"", ""Each person has an occupation"", ""Each person has a unique type of pet"", ""People have unique favorite music genres"", ""Everyone has a favorite smoothie""], ""rows"": [[""1"", ""alice"", ""pizza"", ""nurse"", ""cat"", ""country"", ""watermelon""], [""2"", ""bob"", ""soup"", ""doctor"", ""hamster"", ""jazz"", ""lime""], [""3"", ""carol"", ""stir fry"", ""teacher"", ""bird"", ""pop"", ""blueberry""], [""4"", ""arnold"", ""spaghetti"", ""lawyer"", ""rabbit"", ""classical"", ""dragonfruit""], [""5"", ""eric"", ""grilled cheese"", ""engineer"", ""dog"", ""hip hop"", ""desert""], [""6"", ""peter"", ""stew"", ""artist"", ""fish"", ""rock"", ""cherry""]]}",141081
lgp-test-5x5-26,"{""header"": [""House"", ""Each person has a unique name"", ""Each person has a unique favorite drink"", ""Each person has a unique birthday month"", ""Each person has an occupation"", ""Each person prefers a unique type of vacation""], ""rows"": [[""1"", ""peter"", ""tea"", ""sept"", ""teacher"", ""mountain""], [""2"", ""alice"", ""milk"", ""mar"", ""lawyer"", ""cruise""], [""3"", ""arnold"", ""coffee"", ""feb"", ""doctor"", ""beach""], [""4"", ""eric"", ""water"", ""april"", ""artist"", ""city""], [""5"", ""bob"", ""root beer"", ""jan"", ""engineer"", ""camping""]]}",71
lgp-test-4x5-26,"{""header"": [""House"", ""Each person has a unique name"", ""Each person has an occupation"", ""Each person has a unique type of pet"", ""People have unique heights"", ""People have unique favorite book genres""], ""rows"": [[""1"", ""arnold"", ""engineer"", ""cat"", ""short"", ""romance""], [""2"", ""eric"", ""teacher"", ""fish"", ""very short"", ""fantasy""], [""3"", ""alice"", ""artist"", ""dog"", ""tall"", ""science fiction""], [""4"", ""peter"", ""doctor"", ""bird"", ""average"", ""mystery""]]}",63
lgp-test-2x6-15,"{""header"": [""House"", ""Each person has a unique name"", ""Each person has an occupation"", ""Everyone has something unique for lunch"", ""Each person has a unique favorite drink"", ""Each person has a unique hobby"", ""Each mother is accompanied by their child""], ""rows"": [[""1"", ""arnold"", ""engineer"", ""grilled cheese"", ""water"", ""photography"", ""bella""], [""2"", ""eric"", ""doctor"", ""pizza"", ""tea"", ""gardening"", ""fred""]]}",13
lgp-test-6x4-27,"{""header"": [""House"", ""Each person has a unique name"", ""People use unique phone models"", ""Each person has a unique birthday month"", ""Each person has an occupation""], ""rows"": [[""1"", ""bob"", ""samsung galaxy s21"", ""may"", ""artist""], [""2"", ""alice"", ""huawei p50"", ""sept"", ""engineer""], [""3"", ""peter"", ""google pixel 6"", ""jan"", ""doctor""], [""4"", ""arnold"", ""oneplus 9"", ""mar"", ""lawyer""], [""5"", ""carol"", ""xiaomi mi 11"", ""april"", ""teacher""], [""6"", ""eric"", ""iphone 13"", ""feb"", ""nurse""]]}",4613
lgp-test-5x2-23,"{""header"": [""House"", ""Each person has a unique name"", ""Each person has a unique hobby""], ""rows"": [[""1"", ""bob"", ""knitting""], [""2"", ""eric"", ""gardening""], [""3"", ""peter"", ""cooking""], [""4"", ""arnold"", ""painting""], [""5"", ""alice"", ""photography""]]}",13
lgp-test-2x3-33,"{""header"": [""House"", ""Each person has a unique name"", ""Each person has a unique type of pet"", ""People have unique heights""], ""rows"": [[""1"", ""eric"", ""cat"", ""short""], [""2"", ""arnold"", ""dog"", ""very short""]]}",7
lgp-test-5x3-23,"{""header"": [""House"", ""Each person has a unique name"", ""The people keep unique animals"", ""People use unique phone models""], ""rows"": [[""1"", ""bob"", ""bird"", ""samsung galaxy s21""], [""2"", ""peter"", ""horse"", ""huawei p50""], [""3"", ""arnold"", ""dog"", ""iphone 13""], [""4"", ""alice"", ""fish"", ""oneplus 9""], [""5"", ""eric"", ""cat"", ""google pixel 6""]]}",142
lgp-test-5x4-19,"{""header"": [""House"", ""Each person has a unique name"", ""The people are of nationalities"", ""Everyone has something unique for lunch"", ""Everyone has a favorite smoothie""], ""rows"": [[""1"", ""alice"", ""norwegian"", ""spaghetti"", ""cherry""], [""2"", ""bob"", ""german"", ""stew"", ""watermelon""], [""3"", ""eric"", ""brit"", ""grilled cheese"", ""lime""], [""4"", ""arnold"", ""swede"", ""pizza"", ""desert""], [""5"", ""peter"", ""dane"", ""stir fry"", ""dragonfruit""]]}",160
lgp-test-6x6-10,"{""header"": [""House"", ""Each person has a unique name"", ""Everyone has something unique for lunch"", ""People have unique heights"", ""Each person has a unique favorite drink"", ""Each person has a unique type of pet"", ""People use unique phone models""], ""rows"": [[""1"", ""arnold"", ""stir fry"", ""very tall"", ""milk"", ""dog"", ""oneplus 9""], [""2"", ""carol"", ""soup"", ""average"", ""water"", ""bird"", ""samsung galaxy s21""], [""3"", ""alice"", ""stew"", ""super tall"", ""boba tea"", ""fish"", ""iphone 13""], [""4"", ""eric"", ""spaghetti"", ""very short"", ""tea"", ""rabbit"", ""google pixel 6""], [""5"", ""peter"", ""pizza"", ""short"", ""root beer"", ""cat"", ""huawei p50""], [""6"", ""bob"", ""grilled cheese"", ""tall"", ""coffee"", ""hamster"", ""xiaomi mi 11""]]}",358972
lgp-test-3x3-33,"{""header"": [""House"", ""Each person has a unique name"", ""People have unique favorite music genres"", ""Everyone has something unique for lunch""], ""rows"": [[""1"", ""arnold"", ""rock"", ""grilled cheese""], [""2"", ""peter"", ""classical"", ""pizza""], [""3"", ""eric"", ""pop"", ""spaghetti""]]}",10
lgp-test-5x4-6,"{""header"": [""House"", ""Each person has a unique name"", ""People have unique favorite music genres"", ""People have unique hair colors"", ""The people are of nationalities""], ""rows"": [[""1"", ""alice"", ""classical"", ""black"", ""dane""], [""2"", ""arnold"", ""jazz"", ""gray"", ""german""], [""3"", ""bob"", ""pop"", ""blonde"", ""norwegian""], [""4"", ""peter"", ""hip hop"", ""brown"", ""brit""], [""5"", ""eric"", ""rock"", ""red"", ""swede""]]}",516
lgp-test-3x2-14,"{""header"": [""House"", ""Each person has a unique name"", ""Each mother is accompanied by their child""], ""rows"": [[""1"", ""peter"", ""meredith""], [""2"", ""eric"", ""bella""], [""3"", ""arnold"", ""fred""]]}",8
lgp-test-3x6-3,"{""header"": [""House"", ""Each person has a unique name"", ""Each person has a unique birthday month"", ""Each person has a unique hobby"", ""Everyone has something unique for lunch"", ""People have unique favorite book genres"", ""The mothers' names in different houses are unique""], ""rows"": [[""1"", ""arnold"", ""sept"", ""photography"", ""spaghetti"", ""science fiction"", ""holly""], [""2"", ""eric"", ""april"", ""gardening"", ""pizza"", ""mystery"", ""janelle""], [""3"", ""peter"", ""jan"", ""cooking"", ""grilled cheese"", ""romance"", ""aniya""]]}",43
lgp-test-3x6-19,"{""header"": [""House"", ""Each person has a unique name"", ""Everyone has a unique favorite cigar"", ""The people keep unique animals"", ""Each mother is accompanied by their child"", ""People have unique favorite book genres"", ""People use unique phone models""], ""rows"": [[""1"", ""peter"", ""blue master"", ""bird"", ""fred"", ""mystery"", ""google pixel 6""], [""2"", ""arnold"", ""pall mall"", ""horse"", ""meredith"", ""romance"", ""iphone 13""], [""3"", ""eric"", ""prince"", ""cat"", ""bella"", ""science fiction"", ""samsung galaxy s21""]]}",19
lgp-test-2x6-6,"{""header"": [""House"", ""Each person has a unique name"", ""Each person has a favorite color"", ""Each person prefers a unique type of vacation"", ""People own unique car models"", ""Each mother is accompanied by their child"", ""Each person has a unique level of education""], ""rows"": [[""1"", ""eric"", ""red"", ""beach"", ""ford f150"", ""bella"", ""high school""], [""2"", ""arnold"", ""yellow"", ""mountain"", ""tesla model 3"", ""fred"", ""associate""]]}",19
lgp-test-3x6-13,"{""header"": [""House"", ""Each person has a unique name"", ""The people are of nationalities"", ""The mothers' names in different houses are unique"", ""People have unique favorite sports"", ""Each person has an occupation"", ""People have unique favorite music genres""], ""rows"": [[""1"", ""eric"", ""brit"", ""holly"", ""basketball"", ""engineer"", ""classical""], [""2"", ""peter"", ""dane"", ""aniya"", ""tennis"", ""teacher"", ""pop""], [""3"", ""arnold"", ""swede"", ""janelle"", ""soccer"", ""doctor"", ""rock""]]}",23
lgp-test-6x3-14,"{""header"": [""House"", ""Each person has a unique name"", ""Each person has a unique favorite drink"", ""Each person has an occupation""], ""rows"": [[""1"", ""bob"", ""water"", ""artist""], [""2"", ""peter"", ""tea"", ""teacher""], [""3"", ""eric"", ""coffee"", ""nurse""], [""4"", ""alice"", ""root beer"", ""doctor""], [""5"", ""arnold"", ""boba tea"", ""lawyer""], [""6"", ""carol"", ""milk"", ""engineer""]]}",652
lgp-test-5x3-10,"{""header"": [""House"", ""Each person has a unique name"", ""Each person has an occupation"", ""Each person prefers a unique type of vacation""], ""rows"": [[""1"", ""peter"", ""doctor"", ""cruise""], [""2"", ""alice"", ""artist"", ""mountain""], [""3"", ""eric"", ""teacher"", ""city""], [""4"", ""bob"", ""lawyer"", ""camping""], [""5"", ""arnold"", ""engineer"", ""beach""]]}",199
lgp-test-4x3-24,"{""header"": [""House"", ""Each person has a unique name"", ""Each person has a unique favorite drink"", ""Everyone has something unique for lunch""], ""rows"": [[""1"", ""peter"", ""coffee"", ""grilled cheese""], [""2"", ""alice"", ""tea"", ""spaghetti""], [""3"", ""arnold"", ""water"", ""pizza""], [""4"", ""eric"", ""milk"", ""stew""]]}",29
lgp-test-6x5-34,"{""header"": [""House"", ""Each person has a unique name"", ""Everyone has a unique favorite cigar"", ""People use unique phone models"", ""People own unique car models"", ""The people are of nationalities""], ""rows"": [[""1"", ""carol"", ""prince"", ""iphone 13"", ""chevrolet silverado"", ""brit""], [""2"", ""arnold"", ""dunhill"", ""huawei p50"", ""ford f150"", ""dane""], [""3"", ""bob"", ""yellow monster"", ""xiaomi mi 11"", ""toyota camry"", ""norwegian""], [""4"", ""peter"", ""pall mall"", ""google pixel 6"", ""tesla model 3"", ""chinese""], [""5"", ""alice"", ""blue master"", ""samsung galaxy s21"", ""honda civic"", ""swede""], [""6"", ""eric"", ""blends"", ""oneplus 9"", ""bmw 3 series"", ""german""]]}",6633
lgp-test-6x5-27,"{""header"": [""House"", ""Each person has a unique name"", ""Each person has a unique level of education"", ""Each person has an occupation"", ""People own unique car models"", ""Each person has a unique birthday month""], ""rows"": [[""1"", ""peter"", ""associate"", ""doctor"", ""tesla model 3"", ""feb""], [""2"", ""arnold"", ""trade school"", ""nurse"", ""toyota camry"", ""jan""], [""3"", ""eric"", ""master"", ""engineer"", ""ford f150"", ""sept""], [""4"", ""bob"", ""bachelor"", ""lawyer"", ""honda civic"", ""april""], [""5"", ""carol"", ""high school"", ""artist"", ""chevrolet silverado"", ""mar""], [""6"", ""alice"", ""doctorate"", ""teacher"", ""bmw 3 series"", ""may""]]}",18782
lgp-test-2x4-23,"{""header"": [""House"", ""Each person has a unique name"", ""The mothers' names in different houses are unique"", ""People own unique car models"", ""People have unique heights""], ""rows"": [[""1"", ""arnold"", ""aniya"", ""ford f150"", ""short""], [""2"", ""eric"", ""holly"", ""tesla model 3"", ""very short""]]}",9
lgp-test-6x4-7,"{""header"": [""House"", ""Each person has a unique name"", ""Each person has a unique level of education"", ""The people keep unique animals"", ""People have unique favorite sports""], ""rows"": [[""1"", ""carol"", ""bachelor"", ""horse"", ""volleyball""], [""2"", ""alice"", ""associate"", ""fish"", ""tennis""], [""3"", ""bob"", ""high school"", ""bird"", ""soccer""], [""4"", ""arnold"", ""trade school"", ""cat"", ""swimming""], [""5"", ""eric"", ""doctorate"", ""rabbit"", ""baseball""], [""6"", ""peter"", ""master"", ""dog"", ""basketball""]]}",87
lgp-test-6x6-18,"{""header"": [""House"", ""Each person has a unique name"", ""Each person prefers a unique type of vacation"", ""Each person has a unique type of pet"", ""The people are of nationalities"", ""People have unique favorite book genres"", ""People own unique car models""], ""rows"": [[""1"", ""peter"", ""mountain"", ""fish"", ""brit"", ""fantasy"", ""honda civic""], [""2"", ""eric"", ""cultural"", ""cat"", ""german"", ""mystery"", ""bmw 3 series""], [""3"", ""arnold"", ""cruise"", ""bird"", ""norwegian"", ""science fiction"", ""toyota camry""], [""4"", ""bob"", ""city"", ""hamster"", ""dane"", ""historical fiction"", ""tesla model 3""], [""5"", ""alice"", ""camping"", ""dog"", ""swede"", ""romance"", ""chevrolet silverado""], [""6"", ""carol"", ""beach"", ""rabbit"", ""chinese"", ""biography"", ""ford f150""]]}",43898
lgp-test-6x3-35,"{""header"": [""House"", ""Each person has a unique name"", ""Each person has a unique level of education"", ""People use unique phone models""], ""rows"": [[""1"", ""peter"", ""bachelor"", ""xiaomi mi 11""], [""2"", ""arnold"", ""high school"", ""oneplus 9""], [""3"", ""carol"", ""master"", ""huawei p50""], [""4"", ""bob"", ""trade school"", ""iphone 13""], [""5"", ""alice"", ""doctorate"", ""google pixel 6""], [""6"", ""eric"", ""associate"", ""samsung galaxy s21""]]}",432
lgp-test-2x4-1,"{""header"": [""House"", ""Each person has a unique name"", ""Each person lives in a unique style of house"", ""Each person has a unique birthday month"", ""People have unique favorite music genres""], ""rows"": [[""1"", ""arnold"", ""colonial"", ""april"", ""pop""], [""2"", ""eric"", ""victorian"", ""sept"", ""rock""]]}",9
lgp-test-3x4-16,"{""header"": [""House"", ""Each person has a unique name"", ""Each person prefers a unique type of vacation"", ""People have unique favorite sports"", ""Each person has a unique birthday month""], ""rows"": [[""1"", ""eric"", ""mountain"", ""basketball"", ""april""], [""2"", ""arnold"", ""city"", ""tennis"", ""jan""], [""3"", ""peter"", ""beach"", ""soccer"", ""sept""]]}",13
lgp-test-5x6-31,"{""header"": [""House"", ""Each person has a unique name"", ""Each person has a favorite color"", ""Everyone has a favorite smoothie"", ""Each person has a unique birthday month"", ""People have unique favorite book genres"", ""People have unique heights""], ""rows"": [[""1"", ""bob"", ""green"", ""cherry"", ""jan"", ""romance"", ""average""], [""2"", ""arnold"", ""red"", ""lime"", ""mar"", ""science fiction"", ""very tall""], [""3"", ""eric"", ""blue"", ""watermelon"", ""april"", ""biography"", ""very short""], [""4"", ""peter"", ""white"", ""desert"", ""feb"", ""fantasy"", ""tall""], [""5"", ""alice"", ""yellow"", ""dragonfruit"", ""sept"", ""mystery"", ""short""]]}",374
lgp-test-3x2-33,"{""header"": [""House"", ""Each person has a unique name"", ""Each person has a unique favorite drink""], ""rows"": [[""1"", ""peter"", ""milk""], [""2"", ""eric"", ""tea""], [""3"", ""arnold"", ""water""]]}",7
lgp-test-5x3-37,"{""header"": [""House"", ""Each person has a unique name"", ""Each person has a unique birthday month"", ""They all have a unique favorite flower""], ""rows"": [[""1"", ""peter"", ""mar"", ""roses""], [""2"", ""alice"", ""sept"", ""tulips""], [""3"", ""arnold"", ""jan"", ""daffodils""], [""4"", ""bob"", ""april"", ""carnations""], [""5"", ""eric"", ""feb"", ""lilies""]]}",20
lgp-test-2x3-6,"{""header"": [""House"", ""Each person has a unique name"", ""Each person prefers a unique type of vacation"", ""Each person lives in a unique style of house""], ""rows"": [[""1"", ""arnold"", ""mountain"", ""colonial""], [""2"", ""eric"", ""beach"", ""victorian""]]}",9
lgp-test-2x3-31,"{""header"": [""House"", ""Each person has a unique name"", ""People have unique favorite sports"", ""Each person has a unique hobby""], ""rows"": [[""1"", ""arnold"", ""basketball"", ""gardening""], [""2"", ""eric"", ""soccer"", ""photography""]]}",10
lgp-test-5x5-1,,0
lgp-test-2x6-36,"{""header"": [""House"", ""Each person has a unique name"", ""Each person prefers a unique type of vacation"", ""The people keep unique animals"", ""Each person has a unique favorite drink"", ""People use unique phone models"", ""They all have a unique favorite flower""], ""rows"": [[""1"", ""arnold"", ""beach"", ""cat"", ""tea"", ""samsung galaxy s21"", ""carnations""], [""2"", ""eric"", ""mountain"", ""horse"", ""water"", ""iphone 13"", ""daffodils""]]}",13
lgp-test-4x6-31,"{""header"": [""House"", ""Each person has a unique name"", ""They all have a unique favorite flower"", ""Each person has a favorite color"", ""Each person has a unique level of education"", ""Each person has a unique hobby"", ""Everyone has a unique favorite cigar""], ""rows"": [[""1"", ""alice"", ""daffodils"", ""red"", ""associate"", ""photography"", ""pall mall""], [""2"", ""peter"", ""lilies"", ""white"", ""bachelor"", ""painting"", ""prince""], [""3"", ""arnold"", ""carnations"", ""green"", ""high school"", ""cooking"", ""dunhill""], [""4"", ""eric"", ""roses"", ""yellow"", ""master"", ""gardening"", ""blue master""]]}",462
lgp-test-3x6-10,"{""header"": [""House"", ""Each person has a unique name"", ""Each person lives in a unique style of house"", ""People have unique favorite book genres"", ""Each person has a unique type of pet"", ""Everyone has a unique favorite cigar"", ""Each person has a unique hobby""], ""rows"": [[""1"", ""eric"", ""victorian"", ""romance"", ""fish"", ""blue master"", ""photography""], [""2"", ""arnold"", ""ranch"", ""mystery"", ""dog"", ""pall mall"", ""cooking""], [""3"", ""peter"", ""colonial"", ""science fiction"", ""cat"", ""prince"", ""gardening""]]}",39
lgp-test-6x4-2,,7504
lgp-test-6x4-26,"{""header"": [""House"", ""Each person has a unique name"", ""Each person has a unique type of pet"", ""Each person lives in a unique style of house"", ""Each person has a unique birthday month""], ""rows"": [[""1"", ""bob"", ""cat"", ""mediterranean"", ""feb""], [""2"", ""peter"", ""rabbit"", ""colonial"", ""may""], [""3"", ""carol"", ""bird"", ""victorian"", ""mar""], [""4"", ""arnold"", ""dog"", ""craftsman"", ""jan""], [""5"", ""alice"", ""fish"", ""modern"", ""april""], [""6"", ""eric"", ""hamster"", ""ranch"", ""sept""]]}",5494
lgp-test-5x2-33,"{""header"": [""House"", ""Each person has a unique name"", ""Everyone has a unique favorite cigar""], ""rows"": [[""1"", ""arnold"", ""prince""], [""2"", ""alice"", ""pall mall""], [""3"", ""bob"", ""blends""], [""4"", ""eric"", ""dunhill""], [""5"", ""peter"", ""blue master""]]}",20
lgp-test-5x3-3,"{""header"": [""House"", ""Each person has a unique name"", ""Each person has a unique birthday month"", ""The people keep unique animals""], ""rows"": [[""1"", ""eric"", ""mar"", ""dog""], [""2"", ""alice"", ""april"", ""fish""], [""3"", ""bob"", ""feb"", ""horse""], [""4"", ""arnold"", ""jan"", ""cat""], [""5"", ""peter"", ""sept"", ""bird""]]}",79
lgp-test-6x3-9,"{""header"": [""House"", ""Each person has a unique name"", ""The people keep unique animals"", ""People have unique hair colors""], ""rows"": [[""1"", ""bob"", ""bird"", ""brown""], [""2"", ""peter"", ""cat"", ""red""], [""3"", ""carol"", ""dog"", ""black""], [""4"", ""arnold"", ""rabbit"", ""blonde""], [""5"", ""eric"", ""fish"", ""auburn""], [""6"", ""alice"", ""horse"", ""gray""]]}",2319
lgp-test-3x4-20,"{""header"": [""House"", ""Each person has a unique name"", ""Everyone has a unique favorite cigar"", ""Each person has a unique type of pet"", ""The mothers' names in different houses are unique""], ""rows"": [[""1"", ""peter"", ""prince"", ""fish"", ""holly""], [""2"", ""arnold"", ""pall mall"", ""dog"", ""aniya""], [""3"", ""eric"", ""blue master"", ""cat"", ""janelle""]]}",15
lgp-test-4x6-5,"{""header"": [""House"", ""Each person has a unique name"", ""Each person has an occupation"", ""The people are of nationalities"", ""The people keep unique animals"", ""Each person has a favorite color"", ""People have unique favorite sports""], ""rows"": [[""1"", ""arnold"", ""artist"", ""dane"", ""cat"", ""red"", ""basketball""], [""2"", ""peter"", ""teacher"", ""swede"", ""bird"", ""yellow"", ""swimming""], [""3"", ""eric"", ""doctor"", ""norwegian"", ""horse"", ""white"", ""soccer""], [""4"", ""alice"", ""engineer"", ""brit"", ""fish"", ""green"", ""tennis""]]}",123
lgp-test-2x4-0,"{""header"": [""House"", ""Each person has a unique name"", ""People have unique hair colors"", ""Everyone has something unique for lunch"", ""Everyone has a unique favorite cigar""], ""rows"": [[""1"", ""arnold"", ""brown"", ""pizza"", ""pall mall""], [""2"", ""eric"", ""black"", ""grilled cheese"", ""prince""]]}",9
lgp-test-3x6-27,"{""header"": [""House"", ""Each person has a unique name"", ""People have unique favorite book genres"", ""Each mother is accompanied by their child"", ""People have unique hair colors"", ""Each person has a unique level of education"", ""They all have a unique favorite flower""], ""rows"": [[""1"", ""eric"", ""science fiction"", ""fred"", ""brown"", ""bachelor"", ""lilies""], [""2"", ""peter"", ""romance"", ""meredith"", ""blonde"", ""high school"", ""carnations""], [""3"", ""arnold"", ""mystery"", ""bella"", ""black"", ""associate"", ""daffodils""]]}",29
lgp-test-2x5-7,"{""header"": [""House"", ""Each person has a unique name"", ""Each person has an occupation"", ""People use unique phone models"", ""The people are of nationalities"", ""Each person has a unique hobby""], ""rows"": [[""1"", ""eric"", ""doctor"", ""iphone 13"", ""dane"", ""photography""], [""2"", ""arnold"", ""engineer"", ""samsung galaxy s21"", ""brit"", ""gardening""]]}",11
lgp-test-4x5-29,"{""header"": [""House"", ""Each person has a unique name"", ""Each person has a unique type of pet"", ""The mothers' names in different houses are unique"", ""Each person lives in a unique style of house"", ""People have unique favorite sports""], ""rows"": [[""1"", ""eric"", ""cat"", ""holly"", ""victorian"", ""basketball""], [""2"", ""peter"", ""dog"", ""kailyn"", ""colonial"", ""tennis""], [""3"", ""arnold"", ""fish"", ""aniya"", ""ranch"", ""swimming""], [""4"", ""alice"", ""bird"", ""janelle"", ""craftsman"", ""soccer""]]}",83
lgp-test-4x3-30,"{""header"": [""House"", ""Each person has a unique name"", ""The people keep unique animals"", ""People have unique favorite sports""], ""rows"": [[""1"", ""arnold"", ""fish"", ""tennis""], [""2"", ""alice"", ""horse"", ""basketball""], [""3"", ""peter"", ""cat"", ""soccer""], [""4"", ""eric"", ""bird"", ""swimming""]]}",100
lgp-test-5x5-27,"{""header"": [""House"", ""Each person has a unique name"", ""People have unique hair colors"", ""Each person prefers a unique type of vacation"", ""Each person has an occupation"", ""People have unique favorite music genres""], ""rows"": [[""1"", ""arnold"", ""blonde"", ""camping"", ""lawyer"", ""pop""], [""2"", ""peter"", ""red"", ""cruise"", ""engineer"", ""rock""], [""3"", ""eric"", ""black"", ""mountain"", ""artist"", ""jazz""], [""4"", ""bob"", ""gray"", ""beach"", ""teacher"", ""classical""], [""5"", ""alice"", ""brown"", ""city"", ""doctor"", ""hip hop""]]}",16737
lgp-test-2x3-4,"{""header"": [""House"", ""Each person has a unique name"", ""People have unique hair colors"", ""They all have a unique favorite flower""], ""rows"": [[""1"", ""arnold"", ""black"", ""carnations""], [""2"", ""eric"", ""brown"", ""daffodils""]]}",8
lgp-test-6x2-26,"{""header"": [""House"", ""Each person has a unique name"", ""Everyone has a favorite smoothie""], ""rows"": [[""1"", ""eric"", ""desert""], [""2"", ""arnold"", ""blueberry""], [""3"", ""bob"", ""dragonfruit""], [""4"", ""carol"", ""watermelon""], [""5"", ""alice"", ""lime""], [""6"", ""peter"", ""cherry""]]}",1097
lgp-test-3x3-30,"{""header"": [""House"", ""Each person has a unique name"", ""Each mother is accompanied by their child"", ""People own unique car models""], ""rows"": [[""1"", ""peter"", ""meredith"", ""toyota camry""], [""2"", ""arnold"", ""fred"", ""ford f150""], [""3"", ""eric"", ""bella"", ""tesla model 3""]]}",18
lgp-test-5x2-18,"{""header"": [""House"", ""Each person has a unique name"", ""Each mother is accompanied by their child""], ""rows"": [[""1"", ""bob"", ""timothy""], [""2"", ""alice"", ""fred""], [""3"", ""arnold"", ""bella""], [""4"", ""eric"", ""samantha""], [""5"", ""peter"", ""meredith""]]}",54
lgp-test-3x5-32,"{""header"": [""House"", ""Each person has a unique name"", ""Everyone has a unique favorite cigar"", ""Each person has a unique hobby"", ""Each person has a unique level of education"", ""People use unique phone models""], ""rows"": [[""1"", ""peter"", ""blue master"", ""cooking"", ""high school"", ""samsung galaxy s21""], [""2"", ""eric"", ""pall mall"", ""gardening"", ""associate"", ""iphone 13""], [""3"", ""arnold"", ""prince"", ""photography"", ""bachelor"", ""google pixel 6""]]}",20
lgp-test-6x3-27,"{""header"": [""House"", ""Each person has a unique name"", ""Each person has an occupation"", ""People own unique car models""], ""rows"": [[""1"", ""eric"", ""doctor"", ""tesla model 3""], [""2"", ""carol"", ""teacher"", ""bmw 3 series""], [""3"", ""bob"", ""engineer"", ""honda civic""], [""4"", ""peter"", ""nurse"", ""toyota camry""], [""5"", ""arnold"", ""artist"", ""ford f150""], [""6"", ""alice"", ""lawyer"", ""chevrolet silverado""]]}",675
lgp-test-3x6-7,"{""header"": [""House"", ""Each person has a unique name"", ""The mothers' names in different houses are unique"", ""People have unique favorite music genres"", ""They all have a unique favorite flower"", ""People have unique heights"", ""Everyone has a unique favorite cigar""], ""rows"": [[""1"", ""arnold"", ""aniya"", ""pop"", ""daffodils"", ""short"", ""blue master""], [""2"", ""peter"", ""janelle"", ""classical"", ""lilies"", ""average"", ""pall mall""], [""3"", ""eric"", ""holly"", ""rock"", ""carnations"", ""very short"", ""prince""]]}",29
lgp-test-2x4-19,"{""header"": [""House"", ""Each person has a unique name"", ""People have unique favorite sports"", ""The mothers' names in different houses are unique"", ""Each person has a unique level of education""], ""rows"": [[""1"", ""arnold"", ""soccer"", ""holly"", ""associate""], [""2"", ""eric"", ""basketball"", ""aniya"", ""high school""]]}",9
lgp-test-3x6-29,"{""header"": [""House"", ""Each person has a unique name"", ""The people keep unique animals"", ""Each person has a unique birthday month"", ""Each person has a unique hobby"", ""Each person has a unique favorite drink"", ""People have unique hair colors""], ""rows"": [[""1"", ""peter"", ""horse"", ""jan"", ""photography"", ""water"", ""blonde""], [""2"", ""eric"", ""cat"", ""sept"", ""cooking"", ""tea"", ""brown""], [""3"", ""arnold"", ""bird"", ""april"", ""gardening"", ""milk"", ""black""]]}",54
lgp-test-2x4-14,"{""header"": [""House"", ""Each person has a unique name"", ""Each person lives in a unique style of house"", ""Everyone has a favorite smoothie"", ""Each person has a unique type of pet""], ""rows"": [[""1"", ""arnold"", ""victorian"", ""cherry"", ""dog""], [""2"", ""eric"", ""colonial"", ""desert"", ""cat""]]}",9
lgp-test-6x6-30,"{""header"": [""House"", ""Each person has a unique name"", ""The people are of nationalities"", ""They all have a unique favorite flower"", ""Each person has a unique favorite drink"", ""Each person has a favorite color"", ""Each person has a unique level of education""], ""rows"": [[""1"", ""eric"", ""dane"", ""daffodils"", ""root beer"", ""blue"", ""trade school""], [""2"", ""alice"", ""brit"", ""roses"", ""milk"", ""green"", ""associate""], [""3"", ""bob"", ""swede"", ""iris"", ""boba tea"", ""red"", ""master""], [""4"", ""arnold"", ""chinese"", ""tulips"", ""coffee"", ""white"", ""bachelor""], [""5"", ""peter"", ""german"", ""lilies"", ""tea"", ""yellow"", ""doctorate""], [""6"", ""carol"", ""norwegian"", ""carnations"", ""water"", ""purple"", ""high school""]]}",10609
lgp-test-3x5-24,"{""header"": [""House"", ""Each person has a unique name"", ""The people keep unique animals"", ""Each person prefers a unique type of vacation"", ""Each person has a unique level of education"", ""Everyone has a favorite smoothie""], ""rows"": [[""1"", ""peter"", ""cat"", ""city"", ""associate"", ""desert""], [""2"", ""eric"", ""bird"", ""beach"", ""high school"", ""watermelon""], [""3"", ""arnold"", ""horse"", ""mountain"", ""bachelor"", ""cherry""]]}",36
lgp-test-5x6-21,"{""header"": [""House"", ""Each person has a unique name"", ""The people are of nationalities"", ""Everyone has a favorite smoothie"", ""They all have a unique favorite flower"", ""Each person lives in a unique style of house"", ""The people keep unique animals""], ""rows"": [[""1"", ""peter"", ""swede"", ""desert"", ""roses"", ""colonial"", ""bird""], [""2"", ""arnold"", ""german"", ""lime"", ""carnations"", ""craftsman"", ""horse""], [""3"", ""bob"", ""norwegian"", ""watermelon"", ""lilies"", ""modern"", ""dog""], [""4"", ""eric"", ""dane"", ""dragonfruit"", ""tulips"", ""victorian"", ""fish""], [""5"", ""alice"", ""brit"", ""cherry"", ""daffodils"", ""ranch"", ""cat""]]}",1491
lgp-test-3x2-20,"{""header"": [""House"", ""Each person has a unique name"", ""Each person has a unique hobby""], ""rows"": [[""1"", ""eric"", ""photography""], [""2"", ""peter"", ""cooking""], [""3"", ""arnold"", ""gardening""]]}",14
lgp-test-2x5-39,"{""header"": [""House"", ""Each person has a unique name"", ""People own unique car models"", ""Everyone has a unique favorite cigar"", ""The people are of nationalities"", ""People have unique hair colors""], ""rows"": [[""1"", ""arnold"", ""tesla model 3"", ""prince"", ""dane"", ""black""], [""2"", ""eric"", ""ford f150"", ""pall mall"", ""brit"", ""brown""]]}",11
lgp-test-6x6-4,"{""header"": [""House"", ""Each person has a unique name"", ""They all have a unique favorite flower"", ""Each person prefers a unique type of vacation"", ""Each person lives in a unique style of house"", ""People have unique heights"", ""People have unique hair colors""], ""rows"": [[""1"", ""eric"", ""roses"", ""mountain"", ""victorian"", ""very short"", ""auburn""], [""2"", ""carol"", ""daffodils"", ""cruise"", ""modern"", ""tall"", ""gray""], [""3"", ""bob"", ""carnations"", ""cultural"", ""craftsman"", ""very tall"", ""brown""], [""4"", ""peter"", ""iris"", ""beach"", ""colonial"", ""super tall"", ""black""], [""5"", ""alice"", ""tulips"", ""city"", ""ranch"", ""short"", ""blonde""], [""6"", ""arnold"", ""lilies"", ""camping"", ""mediterranean"", ""average"", ""red""]]}",195342
lgp-test-3x5-28,"{""header"": [""House"", ""Each person has a unique name"", ""Everyone has a favorite smoothie"", ""Each person prefers a unique type of vacation"", ""The people are of nationalities"", ""People have unique favorite sports""], ""rows"": [[""1"", ""eric"", ""cherry"", ""mountain"", ""dane"", ""basketball""], [""2"", ""arnold"", ""desert"", ""city"", ""swede"", ""tennis""], [""3"", ""peter"", ""watermelon"", ""beach"", ""brit"", ""soccer""]]}",16
lgp-test-6x6-23,"{""header"": [""House"", ""Each person has a unique name"", ""The people keep unique animals"", ""Each person has a unique hobby"", ""People have unique favorite sports"", ""Each person prefers a unique type of vacation"", ""Each person has a unique favorite drink""], ""rows"": [[""1"", ""peter"", ""cat"", ""cooking"", ""volleyball"", ""camping"", ""boba tea""], [""2"", ""carol"", ""rabbit"", ""painting"", ""tennis"", ""city"", ""milk""], [""3"", ""bob"", ""fish"", ""photography"", ""baseball"", ""beach"", ""tea""], [""4"", ""alice"", ""dog"", ""woodworking"", ""swimming"", ""cultural"", ""water""], [""5"", ""eric"", ""horse"", ""knitting"", ""basketball"", ""cruise"", ""coffee""], [""6"", ""arnold"", ""bird"", ""gardening"", ""soccer"", ""mountain"", ""root beer""]]}",17007
lgp-test-5x4-34,"{""header"": [""House"", ""Each person has a unique name"", ""The mothers' names in different houses are unique"", ""Each mother is accompanied by their child"", ""People have unique favorite book genres""], ""rows"": [[""1"", ""peter"", ""holly"", ""fred"", ""mystery""], [""2"", ""bob"", ""aniya"", ""meredith"", ""science fiction""], [""3"", ""alice"", ""janelle"", ""bella"", ""romance""], [""4"", ""eric"", ""kailyn"", ""timothy"", ""fantasy""], [""5"", ""arnold"", ""penny"", ""samantha"", ""biography""]]}",44
lgp-test-2x6-3,"{""header"": [""House"", ""Each person has a unique name"", ""The mothers' names in different houses are unique"", ""Each person has a unique favorite drink"", ""Each person has a unique type of pet"", ""Each person has an occupation"", ""They all have a unique favorite flower""], ""rows"": [[""1"", ""arnold"", ""aniya"", ""tea"", ""dog"", ""engineer"", ""carnations""], [""2"", ""eric"", ""holly"", ""water"", ""cat"", ""doctor"", ""daffodils""]]}",19
lgp-test-6x2-25,"{""header"": [""House"", ""Each person has a unique name"", ""Everyone has something unique for lunch""], ""rows"": [[""1"", ""bob"", ""spaghetti""], [""2"", ""eric"", ""stew""], [""3"", ""alice"", ""soup""], [""4"", ""arnold"", ""pizza""], [""5"", ""carol"", ""grilled cheese""], [""6"", ""peter"", ""stir fry""]]}",46
lgp-test-5x6-17,"{""header"": [""House"", ""Each person has a unique name"", ""People use unique phone models"", ""People have unique favorite sports"", ""Everyone has a favorite smoothie"", ""Each person prefers a unique type of vacation"", ""The people keep unique animals""], ""rows"": [[""1"", ""bob"", ""huawei p50"", ""basketball"", ""watermelon"", ""city"", ""fish""], [""2"", ""eric"", ""iphone 13"", ""tennis"", ""cherry"", ""mountain"", ""cat""], [""3"", ""alice"", ""google pixel 6"", ""swimming"", ""lime"", ""beach"", ""horse""], [""4"", ""peter"", ""oneplus 9"", ""baseball"", ""dragonfruit"", ""camping"", ""dog""], [""5"", ""arnold"", ""samsung galaxy s21"", ""soccer"", ""desert"", ""cruise"", ""bird""]]}",39
lgp-test-2x2-6,"{""header"": [""House"", ""Each person has a unique name"", ""People use unique phone models""], ""rows"": [[""1"", ""eric"", ""iphone 13""], [""2"", ""arnold"", ""samsung galaxy s21""]]}",5
lgp-test-6x4-10,"{""header"": [""House"", ""Each person has a unique name"", ""Each person has a unique type of pet"", ""People have unique heights"", ""People have unique favorite sports""], ""rows"": [[""1"", ""peter"", ""rabbit"", ""average"", ""volleyball""], [""2"", ""alice"", ""hamster"", ""very tall"", ""soccer""], [""3"", ""arnold"", ""bird"", ""short"", ""swimming""], [""4"", ""carol"", ""cat"", ""tall"", ""baseball""], [""5"", ""bob"", ""fish"", ""super tall"", ""basketball""], [""6"", ""eric"", ""dog"", ""very short"", ""tennis""]]}",4071
lgp-test-6x2-28,,83
lgp-test-3x4-4,"{""header"": [""House"", ""Each person has a unique name"", ""Each person prefers a unique type of vacation"", ""Each person has a unique level of education"", ""The people keep unique animals""], ""rows"": [[""1"", ""peter"", ""beach"", ""bachelor"", ""cat""], [""2"", ""eric"", ""mountain"", ""associate"", ""bird""], [""3"", ""arnold"", ""city"", ""high school"", ""horse""]]}",29
lgp-test-5x2-3,"{""header"": [""House"", ""Each person has a unique name"", ""Everyone has a unique favorite cigar""], ""rows"": [[""1"", ""arnold"", ""dunhill""], [""2"", ""bob"", ""blends""], [""3"", ""eric"", ""pall mall""], [""4"", ""alice"", ""blue master""], [""5"", ""peter"", ""prince""]]}",139
lgp-test-4x3-19,"{""header"": [""House"", ""Each person has a unique name"", ""Each person has a unique level of education"", ""People have unique favorite book genres""], ""rows"": [[""1"", ""alice"", ""master"", ""science fiction""], [""2"", ""peter"", ""high school"", ""mystery""], [""3"", ""eric"", ""associate"", ""romance""], [""4"", ""arnold"", ""bachelor"", ""fantasy""]]}",27
lgp-test-3x2-25,"{""header"": [""House"", ""Each person has a unique name"", ""Each person has a unique type of pet""], ""rows"": [[""1"", ""eric"", ""cat""], [""2"", ""arnold"", ""fish""], [""3"", ""peter"", ""dog""]]}",11
lgp-test-4x2-29,"{""header"": [""House"", ""Each person has a unique name"", ""Each person has a unique level of education""], ""rows"": [[""1"", ""eric"", ""bachelor""], [""2"", ""alice"", ""associate""], [""3"", ""peter"", ""high school""], [""4"", ""arnold"", ""master""]]}",19
lgp-test-6x6-26,"{""header"": [""House"", ""Each person has a unique name"", ""People use unique phone models"", ""Everyone has a unique favorite cigar"", ""They all have a unique favorite flower"", ""Each person has a favorite color"", ""People have unique favorite sports""], ""rows"": [[""1"", ""alice"", ""samsung galaxy s21"", ""yellow monster"", ""iris"", ""red"", ""baseball""], [""2"", ""carol"", ""oneplus 9"", ""blue master"", ""carnations"", ""green"", ""soccer""], [""3"", ""eric"", ""xiaomi mi 11"", ""blends"", ""roses"", ""yellow"", ""tennis""], [""4"", ""peter"", ""iphone 13"", ""dunhill"", ""lilies"", ""blue"", ""volleyball""], [""5"", ""arnold"", ""huawei p50"", ""prince"", ""daffodils"", ""purple"", ""basketball""], [""6"", ""bob"", ""google pixel 6"", ""pall mall"", ""tulips"", ""white"", ""swimming""]]}",46636
lgp-test-5x4-38,"{""header"": [""House"", ""Each person has a unique name"", ""They all have a unique favorite flower"", ""The people are of nationalities"", ""Each person has an occupation""], ""rows"": [[""1"", ""eric"", ""carnations"", ""brit"", ""lawyer""], [""2"", ""alice"", ""tulips"", ""german"", ""teacher""], [""3"", ""peter"", ""roses"", ""dane"", ""artist""], [""4"", ""arnold"", ""lilies"", ""norwegian"", ""doctor""], [""5"", ""bob"", ""daffodils"", ""swede"", ""engineer""]]}",296
lgp-test-5x3-25,"{""header"": [""House"", ""Each person has a unique name"", ""People have unique heights"", ""Everyone has something unique for lunch""], ""rows"": [[""1"", ""peter"", ""very short"", ""spaghetti""], [""2"", ""arnold"", ""very tall"", ""stir fry""], [""3"", ""eric"", ""tall"", ""pizza""], [""4"", ""bob"", ""average"", ""grilled cheese""], [""5"", ""alice"", ""short"", ""stew""]]}",59
lgp-test-5x5-13,"{""header"": [""House"", ""Each person has a unique name"", ""Each person has a unique level of education"", ""People have unique favorite sports"", ""Each person prefers a unique type of vacation"", ""People use unique phone models""], ""rows"": [[""1"", ""arnold"", ""doctorate"", ""soccer"", ""cruise"", ""oneplus 9""], [""2"", ""peter"", ""bachelor"", ""basketball"", ""mountain"", ""iphone 13""], [""3"", ""bob"", ""associate"", ""tennis"", ""camping"", ""samsung galaxy s21""], [""4"", ""eric"", ""high school"", ""swimming"", ""city"", ""huawei p50""], [""5"", ""alice"", ""master"", ""baseball"", ""beach"", ""google pixel 6""]]}",367
lgp-test-3x2-3,"{""header"": [""House"", ""Each person has a unique name"", ""Each person prefers a unique type of vacation""], ""rows"": [[""1"", ""arnold"", ""city""], [""2"", ""peter"", ""beach""], [""3"", ""eric"", ""mountain""]]}",12
lgp-test-4x6-14,"{""header"": [""House"", ""Each person has a unique name"", ""They all have a unique favorite flower"", ""Everyone has a favorite smoothie"", ""Each person lives in a unique style of house"", ""Each person has a unique hobby"", ""Each person has a unique favorite drink""], ""rows"": [[""1"", ""eric"", ""carnations"", ""watermelon"", ""ranch"", ""cooking"", ""milk""], [""2"", ""peter"", ""lilies"", ""desert"", ""colonial"", ""gardening"", ""coffee""], [""3"", ""arnold"", ""daffodils"", ""cherry"", ""victorian"", ""painting"", ""tea""], [""4"", ""alice"", ""roses"", ""dragonfruit"", ""craftsman"", ""photography"", ""water""]]}",56
lgp-test-2x2-27,"{""header"": [""House"", ""Each person has a unique name"", ""People have unique favorite music genres""], ""rows"": [[""1"", ""arnold"", ""pop""], [""2"", ""eric"", ""rock""]]}",5
lgp-test-5x2-16,"{""header"": [""House"", ""Each person has a unique name"", ""Each person has an occupation""], ""rows"": [[""1"", ""bob"", ""engineer""], [""2"", ""peter"", ""artist""], [""3"", ""arnold"", ""teacher""], [""4"", ""alice"", ""lawyer""], [""5"", ""eric"", ""doctor""]]}",588
lgp-test-4x4-37,"{""header"": [""House"", ""Each person has a unique name"", ""They all have a unique favorite flower"", ""Each person lives in a unique style of house"", ""Everyone has a unique favorite cigar""], ""rows"": [[""1"", ""eric"", ""carnations"", ""craftsman"", ""dunhill""], [""2"", ""peter"", ""daffodils"", ""colonial"", ""prince""], [""3"", ""alice"", ""lilies"", ""ranch"", ""blue master""], [""4"", ""arnold"", ""roses"", ""victorian"", ""pall mall""]]}",91
lgp-test-3x2-38,"{""header"": [""House"", ""Each person has a unique name"", ""People use unique phone models""], ""rows"": [[""1"", ""arnold"", ""samsung galaxy s21""], [""2"", ""eric"", ""google pixel 6""], [""3"", ""peter"", ""iphone 13""]]}",7
lgp-test-3x2-23,"{""header"": [""House"", ""Each person has a unique name"", ""People have unique favorite sports""], ""rows"": [[""1"", ""eric"", ""tennis""], [""2"", ""arnold"", ""soccer""], [""3"", ""peter"", ""basketball""]]}",16
lgp-test-2x4-15,"{""header"": [""House"", ""Each person has a unique name"", ""Each person has an occupation"", ""Each person lives in a unique style of house"", ""The people keep unique animals""], ""rows"": [[""1"", ""arnold"", ""engineer"", ""colonial"", ""horse""], [""2"", ""eric"", ""doctor"", ""victorian"", ""cat""]]}",9
lgp-test-2x2-30,"{""header"": [""House"", ""Each person has a unique name"", ""People have unique favorite book genres""], ""rows"": [[""1"", ""arnold"", ""mystery""], [""2"", ""eric"", ""science fiction""]]}",7
lgp-test-2x2-32,"{""header"": [""House"", ""Each person has a unique name"", ""People have unique favorite book genres""], ""rows"": [[""1"", ""eric"", ""science fiction""], [""2"", ""arnold"", ""mystery""]]}",5
lgp-test-4x2-32,"{""header"": [""House"", ""Each person has a unique name"", ""Each person has a unique type of pet""], ""rows"": [[""1"", ""arnold"", ""fish""], [""2"", ""alice"", ""cat""], [""3"", ""peter"", ""dog""], [""4"", ""eric"", ""bird""]]}",15
lgp-test-5x2-4,"{""header"": [""House"", ""Each person has a unique name"", ""The people are of nationalities""], ""rows"": [[""1"", ""alice"", ""dane""], [""2"", ""arnold"", ""swede""], [""3"", ""eric"", ""german""], [""4"", ""bob"", ""norwegian""], [""5"", ""peter"", ""brit""]]}",97
lgp-test-2x4-9,"{""header"": [""House"", ""Each person has a unique name"", ""People have unique favorite book genres"", ""Each person has a unique birthday month"", ""Each person has a favorite color""], ""rows"": [[""1"", ""arnold"", ""science fiction"", ""april"", ""red""], [""2"", ""eric"", ""mystery"", ""sept"", ""yellow""]]}",9
lgp-test-4x5-38,"{""header"": [""House"", ""Each person has a unique name"", ""People have unique favorite sports"", ""People use unique phone models"", ""People own unique car models"", ""They all have a unique favorite flower""], ""rows"": [[""1"", ""arnold"", ""tennis"", ""iphone 13"", ""honda civic"", ""daffodils""], [""2"", ""eric"", ""basketball"", ""samsung galaxy s21"", ""toyota camry"", ""carnations""], [""3"", ""peter"", ""soccer"", ""google pixel 6"", ""tesla model 3"", ""lilies""], [""4"", ""alice"", ""swimming"", ""oneplus 9"", ""ford f150"", ""roses""]]}",68
lgp-test-6x4-33,"{""header"": [""House"", ""Each person has a unique name"", ""People have unique heights"", ""The people are of nationalities"", ""People have unique hair colors""], ""rows"": [[""1"", ""bob"", ""very tall"", ""german"", ""black""], [""2"", ""eric"", ""very short"", ""norwegian"", ""red""], [""3"", ""alice"", ""super tall"", ""dane"", ""blonde""], [""4"", ""arnold"", ""short"", ""swede"", ""auburn""], [""5"", ""carol"", ""tall"", ""chinese"", ""gray""], [""6"", ""peter"", ""average"", ""brit"", ""brown""]]}",643
lgp-test-5x5-38,"{""header"": [""House"", ""Each person has a unique name"", ""People have unique hair colors"", ""Everyone has a unique favorite cigar"", ""Each person has a unique favorite drink"", ""People have unique favorite music genres""], ""rows"": [[""1"", ""eric"", ""blonde"", ""blends"", ""coffee"", ""rock""], [""2"", ""peter"", ""red"", ""prince"", ""tea"", ""hip hop""], [""3"", ""alice"", ""black"", ""pall mall"", ""root beer"", ""classical""], [""4"", ""arnold"", ""gray"", ""blue master"", ""water"", ""pop""], [""5"", ""bob"", ""brown"", ""dunhill"", ""milk"", ""jazz""]]}",9719
lgp-test-5x4-12,"{""header"": [""House"", ""Each person has a unique name"", ""Everyone has something unique for lunch"", ""The people keep unique animals"", ""Each person has a unique level of education""], ""rows"": [[""1"", ""peter"", ""stir fry"", ""dog"", ""doctorate""], [""2"", ""arnold"", ""stew"", ""horse"", ""high school""], [""3"", ""eric"", ""spaghetti"", ""cat"", ""master""], [""4"", ""alice"", ""grilled cheese"", ""fish"", ""associate""], [""5"", ""bob"", ""pizza"", ""bird"", ""bachelor""]]}",95
lgp-test-2x4-24,"{""header"": [""House"", ""Each person has a unique name"", ""Each person has a unique hobby"", ""People have unique favorite music genres"", ""The mothers' names in different houses are unique""], ""rows"": [[""1"", ""eric"", ""gardening"", ""pop"", ""aniya""], [""2"", ""arnold"", ""photography"", ""rock"", ""holly""]]}",9
lgp-test-5x5-34,"{""header"": [""House"", ""Each person has a unique name"", ""Each person has a unique type of pet"", ""People have unique hair colors"", ""People have unique heights"", ""The mothers' names in different houses are unique""], ""rows"": [[""1"", ""bob"", ""hamster"", ""gray"", ""average"", ""penny""], [""2"", ""alice"", ""fish"", ""brown"", ""tall"", ""holly""], [""3"", ""peter"", ""cat"", ""blonde"", ""short"", ""janelle""], [""4"", ""eric"", ""bird"", ""red"", ""very short"", ""kailyn""], [""5"", ""arnold"", ""dog"", ""black"", ""very tall"", ""aniya""]]}",197
lgp-test-2x5-22,"{""header"": [""House"", ""Each person has a unique name"", ""People have unique favorite music genres"", ""Each person has a favorite color"", ""People have unique favorite sports"", ""People have unique hair colors""], ""rows"": [[""1"", ""arnold"", ""pop"", ""yellow"", ""soccer"", ""black""], [""2"", ""eric"", ""rock"", ""red"", ""basketball"", ""brown""]]}",12
lgp-test-3x2-28,"{""header"": [""House"", ""Each person has a unique name"", ""The people are of nationalities""], ""rows"": [[""1"", ""eric"", ""brit""], [""2"", ""arnold"", ""dane""], [""3"", ""peter"", ""swede""]]}",13
lgp-test-3x3-10,"{""header"": [""House"", ""Each person has a unique name"", ""Each person has a unique favorite drink"", ""Each person has a unique hobby""], ""rows"": [[""1"", ""arnold"", ""milk"", ""photography""], [""2"", ""peter"", ""tea"", ""cooking""], [""3"", ""eric"", ""water"", ""gardening""]]}",16
lgp-test-3x4-1,"{""header"": [""House"", ""Each person has a unique name"", ""The people keep unique animals"", ""Everyone has a unique favorite cigar"", ""The mothers' names in different houses are unique""], ""rows"": [[""1"", ""peter"", ""bird"", ""blue master"", ""aniya""], [""2"", ""eric"", ""horse"", ""prince"", ""holly""], [""3"", ""arnold"", ""cat"", ""pall mall"", ""janelle""]]}",16
lgp-test-5x5-39,"{""header"": [""House"", ""Each person has a unique name"", ""Each person has a unique birthday month"", ""The mothers' names in different houses are unique"", ""Each person has an occupation"", ""People have unique hair colors""], ""rows"": [[""1"", ""eric"", ""feb"", ""penny"", ""doctor"", ""red""], [""2"", ""peter"", ""sept"", ""holly"", ""lawyer"", ""black""], [""3"", ""arnold"", ""april"", ""janelle"", ""engineer"", ""blonde""], [""4"", ""bob"", ""jan"", ""aniya"", ""artist"", ""brown""], [""5"", ""alice"", ""mar"", ""kailyn"", ""teacher"", ""gray""]]}",1969
lgp-test-2x2-25,"{""header"": [""House"", ""Each person has a unique name"", ""Each person prefers a unique type of vacation""], ""rows"": [[""1"", ""eric"", ""beach""], [""2"", ""arnold"", ""mountain""]]}",5
lgp-test-2x4-34,"{""header"": [""House"", ""Each person has a unique name"", ""People use unique phone models"", ""Each person has an occupation"", ""Each person has a favorite color""], ""rows"": [[""1"", ""arnold"", ""iphone 13"", ""engineer"", ""yellow""], [""2"", ""eric"", ""samsung galaxy s21"", ""doctor"", ""red""]]}",9
lgp-test-5x3-14,,75
